# WaveFront *.obj file (generated by Cinema 4D)

mtllib ./12.mtl

v 0.000000 25.180527 0.000000
v 57.634420 25.180527 0.000000
v 56.592891 25.180527 -10.907386
v 53.505947 25.180527 -21.420550
v 48.485159 25.180527 -31.159520
v 41.711991 25.180527 -39.772303
v 33.431243 25.180527 -46.947612
v 23.942203 25.180527 -52.426112
v 13.587829 25.180527 -56.009796
v 2.742356 25.180527 -57.569139
v -8.202233 25.180527 -57.047784
v -18.850372 25.180527 -54.464574
v -28.817210 25.180527 -49.912871
v -37.742518 25.180527 -43.557188
v -45.303714 25.180527 -35.627234
v -51.227515 25.180527 -26.409620
v -55.299821 25.180527 -16.237492
v -57.373446 25.180527 -5.478500
v -57.373446 25.180527 5.478500
v -55.299821 25.180527 16.237492
v -51.227515 25.180527 26.409620
v -45.303714 25.180527 35.627234
v -37.742518 25.180527 43.557188
v -28.817210 25.180527 49.912871
v -18.850372 25.180527 54.464574
v -8.202233 25.180527 57.047784
v 2.742356 25.180527 57.569139
v 13.587829 25.180527 56.009796
v 23.942203 25.180527 52.426112
v 33.431243 25.180527 46.947612
v 41.711991 25.180527 39.772303
v 48.485159 25.180527 31.159520
v 53.505947 25.180527 21.420550
v 56.592891 25.180527 10.907386
# 34 vertices

vn 0.000000 1.000000 0.000000
vn 0.000000 1.000000 0.000000
vn 0.000000 1.000000 0.000000
# 3 normals

vt 1.000000 0.500000 0.000000
vt 0.500000 0.500000 0.000000
vt 0.990964 0.594626 0.000000
vt 0.000000 1.000000 0.000000
vt 0.964184 0.685831 0.000000
vt 0.920627 0.770320 0.000000
vt 0.861867 0.845040 0.000000
vt 0.790028 0.907288 0.000000
vt 0.707708 0.954816 0.000000
vt 0.617879 0.985906 0.000000
vt 0.523791 0.999434 0.000000
vt 0.428843 0.994911 0.000000
vt 0.336466 0.972500 0.000000
vt 0.250000 0.933013 0.000000
vt 0.172570 0.877875 0.000000
vt 0.106973 0.809079 0.000000
vt 0.055582 0.729113 0.000000
vt 0.020254 0.640866 0.000000
vt 0.002264 0.547528 0.000000
vt 0.002264 0.452472 0.000000
vt 0.020254 0.359134 0.000000
vt 0.055582 0.270887 0.000000
vt 0.106973 0.190921 0.000000
vt 0.172570 0.122125 0.000000
vt 0.250000 0.066987 0.000000
vt 0.336466 0.027500 0.000000
vt 0.428843 0.005089 0.000000
vt 0.523791 0.000566 0.000000
vt 0.617879 0.014094 0.000000
vt 0.707708 0.045184 0.000000
vt 0.790028 0.092712 0.000000
vt 0.861867 0.154961 0.000000
vt 0.920627 0.229680 0.000000
vt 0.964184 0.314169 0.000000
vt 0.990964 0.405374 0.000000
# 35 texture coordinates

o Disc
usemtl G
f 3/3/1 1/2/1 2/1/1
f 4/5/1 1/2/1 3/3/1
f 5/6/1 1/2/1 4/5/1
f 6/7/1 1/2/1 5/6/1
f 7/8/1 1/2/1 6/7/1
f 8/9/1 1/2/1 7/8/1
f 9/10/1 1/2/1 8/9/1
f 10/11/1 1/2/1 9/10/1
f 11/12/1 1/2/1 10/11/1
f 12/13/1 1/2/1 11/12/1
f 13/14/1 1/2/1 12/13/1
f 14/15/1 1/2/1 13/14/1
f 15/16/1 1/2/1 14/15/1
f 16/17/1 1/2/1 15/16/1
f 17/18/1 1/2/1 16/17/1
f 18/19/1 1/2/1 17/18/1
f 19/20/1 1/2/1 18/19/1
f 20/21/2 1/2/1 19/20/1
f 21/22/2 1/2/1 20/21/2
f 22/23/2 1/2/1 21/22/2
f 23/24/2 1/2/1 22/23/2
f 24/25/2 1/2/1 23/24/2
f 25/26/2 1/2/1 24/25/2
f 26/27/2 1/2/1 25/26/2
f 27/28/1 1/2/1 26/27/2
f 28/29/3 1/2/1 27/28/1
f 29/30/3 1/2/1 28/29/3
f 30/31/3 1/2/1 29/30/3
f 31/32/3 1/2/1 30/31/3
f 32/33/3 1/2/1 31/32/3
f 33/34/3 1/2/1 32/33/3
f 34/35/3 1/2/1 33/34/3
f 2/1/1 1/2/1 34/35/3

v -73.452800 -2.493681 73.452800
v 73.452800 -2.493681 73.452800
v -73.452800 -2.493681 -73.452800
v 73.452800 -2.493681 -73.452800
# 4 vertices

# 0 normal

vt 0.000000 0.000000 0.000000
vt 1.000000 1.000000 0.000000
vt 1.000000 0.000000 0.000000
# 3 texture coordinates

o Plane
usemtl R
f 36/38/1 38/37/1 37/4/1 35/36/1

v 0.000000 -7.274209 0.000000
v 0.000000 -0.964020 0.000000
v 0.000000 -7.274209 -19.983860
v 0.000000 -0.964020 -19.983860
v -8.128168 -7.274209 -18.256165
v -8.128168 -0.964020 -18.256165
v -14.850904 -7.274209 -13.371815
v -14.850904 -0.964020 -13.371815
v -19.005779 -7.274209 -6.175352
v -19.005779 -0.964020 -6.175352
v -19.874388 -7.274209 2.088882
v -19.874388 -0.964020 2.088882
v -17.306530 -7.274209 9.991930
v -17.306530 -0.964020 9.991930
v -11.746217 -7.274209 16.167282
v -11.746217 -0.964020 16.167282
v -4.154878 -7.274209 19.547169
v -4.154878 -0.964020 19.547169
v 4.154878 -7.274209 19.547169
v 4.154878 -0.964020 19.547169
v 11.746217 -7.274209 16.167282
v 11.746217 -0.964020 16.167282
v 17.306530 -7.274209 9.991930
v 17.306530 -0.964020 9.991930
v 19.874388 -7.274209 2.088882
v 19.874388 -0.964020 2.088882
v 19.005779 -7.274209 -6.175352
v 19.005779 -0.964020 -6.175352
v 14.850904 -7.274209 -13.371815
v 14.850904 -0.964020 -13.371815
v 8.128168 -7.274209 -18.256165
v 8.128168 -0.964020 -18.256165
v 0.000000 26.118023 0.000000
v 0.000000 31.512466 0.000000
v 0.000000 26.118023 -5.687270
v 0.000000 26.131489 -5.737498
v 0.000000 26.168255 -5.774268
v 0.000000 26.218479 -5.787726
v 0.000000 31.412014 -5.787726
v 0.000000 31.462238 -5.774268
v 0.000000 31.499012 -5.737498
v 0.000000 31.512466 -5.687270
v -1.414367 26.118023 -5.508595
v -1.426858 26.131489 -5.557243
v -1.436002 26.168255 -5.592859
v -1.439349 26.218479 -5.605894
v -1.439349 31.412014 -5.605894
v -1.436002 31.462238 -5.592859
v -1.426858 31.499012 -5.557243
v -1.414367 31.512466 -5.508595
v -2.739864 26.118023 -4.983794
v -2.764061 26.131489 -5.027808
v -2.781775 26.168255 -5.060029
v -2.788259 26.218479 -5.071823
v -2.788259 31.412014 -5.071823
v -2.781775 31.462238 -5.060029
v -2.764061 31.499012 -5.027808
v -2.739864 31.512466 -4.983794
v -3.893205 26.118023 -4.145842
v -3.927588 26.131489 -4.182456
v -3.952758 26.168255 -4.209260
v -3.961971 26.218479 -4.219071
v -3.961971 31.412014 -4.219071
v -3.952758 31.462238 -4.209260
v -3.927588 31.499012 -4.182456
v -3.893205 31.512466 -4.145842
v -4.801921 26.118023 -3.047392
v -4.844330 26.131489 -3.074305
v -4.875376 26.168255 -3.094007
v -4.886740 26.218479 -3.101219
v -4.886740 31.412014 -3.101219
v -4.875376 31.462238 -3.094007
v -4.844330 31.499012 -3.074305
v -4.801921 31.512466 -3.047392
v -5.408916 26.118023 -1.757463
v -5.456686 26.131489 -1.772985
v -5.491655 26.168255 -1.784347
v -5.504455 26.218479 -1.788505
v -5.504455 31.412014 -1.788505
v -5.491655 31.462238 -1.784347
v -5.456686 31.499012 -1.772985
v -5.408916 31.512466 -1.757463
v -5.676048 26.118023 -0.357107
v -5.726177 26.131489 -0.360261
v -5.762874 26.168255 -0.362569
v -5.776307 26.218479 -0.363414
v -5.776307 31.412014 -0.363414
v -5.762874 31.462238 -0.362569
v -5.726177 31.499012 -0.360261
v -5.676048 31.512466 -0.357107
v -5.586534 26.118023 1.065688
v -5.635871 26.131489 1.075100
v -5.671988 26.168255 1.081990
v -5.685209 26.218479 1.084512
v -5.685209 31.412014 1.084512
v -5.671988 31.462238 1.081990
v -5.635871 31.499012 1.075100
v -5.586534 31.512466 1.065688
v -5.145996 26.118023 2.421522
v -5.191444 26.131489 2.442908
v -5.224714 26.168255 2.458564
v -5.236891 26.218479 2.464294
v -5.236891 31.412014 2.464294
v -5.224714 31.462238 2.458564
v -5.191444 31.499012 2.442908
v -5.145996 31.512466 2.421522
v -4.382117 26.118023 3.625203
v -4.420819 26.131489 3.657220
v -4.449150 26.168255 3.680656
v -4.459520 26.218479 3.689236
v -4.459520 31.412014 3.689236
v -4.449150 31.462238 3.680656
v -4.420819 31.499012 3.657220
v -4.382117 31.512466 3.625203
v -3.342894 26.118023 4.601099
v -3.372417 26.131489 4.641734
v -3.394029 26.168255 4.671481
v -3.401940 26.218479 4.682368
v -3.401940 31.412014 4.682368
v -3.394029 31.462238 4.671481
v -3.372417 31.499012 4.641734
v -3.342894 31.512466 4.601099
v -2.093624 26.118023 5.287890
v -2.112114 26.131489 5.334592
v -2.125650 26.168255 5.368778
v -2.130604 26.218479 5.381292
v -2.130604 31.412014 5.381292
v -2.125650 31.462238 5.368778
v -2.112114 31.499012 5.334592
v -2.093624 31.512466 5.287890
v -0.712804 26.118023 5.642425
v -0.719099 26.131489 5.692257
v -0.723708 26.168255 5.728736
v -0.725394 26.218479 5.742088
v -0.725394 31.412014 5.742088
v -0.723708 31.462238 5.728736
v -0.719099 31.499012 5.692257
v -0.712804 31.512466 5.642425
v 0.712804 26.118023 5.642425
v 0.719099 26.131489 5.692257
v 0.723708 26.168255 5.728736
v 0.725394 26.218479 5.742088
v 0.725394 31.412014 5.742088
v 0.723708 31.462238 5.728736
v 0.719099 31.499012 5.692257
v 0.712804 31.512466 5.642425
v 2.093624 26.118023 5.287890
v 2.112114 26.131489 5.334592
v 2.125650 26.168255 5.368778
v 2.130604 26.218479 5.381292
v 2.130604 31.412014 5.381292
v 2.125650 31.462238 5.368778
v 2.112114 31.499012 5.334592
v 2.093624 31.512466 5.287890
v 3.342894 26.118023 4.601099
v 3.372417 26.131489 4.641734
v 3.394029 26.168255 4.671481
v 3.401940 26.218479 4.682368
v 3.401940 31.412014 4.682368
v 3.394029 31.462238 4.671481
v 3.372417 31.499012 4.641734
v 3.342894 31.512466 4.601099
v 4.382117 26.118023 3.625203
v 4.420819 26.131489 3.657220
v 4.449150 26.168255 3.680656
v 4.459520 26.218479 3.689236
v 4.459520 31.412014 3.689236
v 4.449150 31.462238 3.680656
v 4.420819 31.499012 3.657220
v 4.382117 31.512466 3.625203
v 5.145996 26.118023 2.421522
v 5.191444 26.131489 2.442908
v 5.224714 26.168255 2.458564
v 5.236891 26.218479 2.464294
v 5.236891 31.412014 2.464294
v 5.224714 31.462238 2.458564
v 5.191444 31.499012 2.442908
v 5.145996 31.512466 2.421522
v 5.586534 26.118023 1.065688
v 5.635871 26.131489 1.075100
v 5.671988 26.168255 1.081990
v 5.685209 26.218479 1.084512
v 5.685209 31.412014 1.084512
v 5.671988 31.462238 1.081990
v 5.635871 31.499012 1.075100
v 5.586534 31.512466 1.065688
v 5.676048 26.118023 -0.357107
v 5.726177 26.131489 -0.360261
v 5.762874 26.168255 -0.362569
v 5.776307 26.218479 -0.363414
v 5.776307 31.412014 -0.363414
v 5.762874 31.462238 -0.362569
v 5.726177 31.499012 -0.360261
v 5.676048 31.512466 -0.357107
v 5.408916 26.118023 -1.757463
v 5.456686 26.131489 -1.772985
v 5.491655 26.168255 -1.784347
v 5.504455 26.218479 -1.788505
v 5.504455 31.412014 -1.788505
v 5.491655 31.462238 -1.784347
v 5.456686 31.499012 -1.772985
v 5.408916 31.512466 -1.757463
v 4.801921 26.118023 -3.047392
v 4.844330 26.131489 -3.074305
v 4.875376 26.168255 -3.094007
v 4.886740 26.218479 -3.101219
v 4.886740 31.412014 -3.101219
v 4.875376 31.462238 -3.094007
v 4.844330 31.499012 -3.074305
v 4.801921 31.512466 -3.047392
v 3.893205 26.118023 -4.145842
v 3.927588 26.131489 -4.182456
v 3.952758 26.168255 -4.209260
v 3.961971 26.218479 -4.219071
v 3.961971 31.412014 -4.219071
v 3.952758 31.462238 -4.209260
v 3.927588 31.499012 -4.182456
v 3.893205 31.512466 -4.145842
v 2.739864 26.118023 -4.983794
v 2.764061 26.131489 -5.027808
v 2.781775 26.168255 -5.060029
v 2.788259 26.218479 -5.071823
v 2.788259 31.412014 -5.071823
v 2.781775 31.462238 -5.060029
v 2.764061 31.499012 -5.027808
v 2.739864 31.512466 -4.983794
v 1.414367 26.118023 -5.508595
v 1.426858 26.131489 -5.557243
v 1.436002 26.168255 -5.592859
v 1.439349 26.218479 -5.605894
v 1.439349 31.412014 -5.605894
v 1.436002 31.462238 -5.592859
v 1.426858 31.499012 -5.557243
v 1.414367 31.512466 -5.508595
v 0.000000 25.234921 0.000000
v 0.000000 31.182487 0.000000
v 0.000000 25.234921 -6.280719
v 0.000000 25.248381 -6.330947
v 0.000000 25.285151 -6.367718
v 0.000000 25.335379 -6.381175
v 0.000000 31.082035 -6.381175
v 0.000000 31.132263 -6.367718
v 0.000000 31.169029 -6.330947
v 0.000000 31.182487 -6.280719
v -1.561952 25.234921 -6.083400
v -1.574443 25.248381 -6.132049
v -1.583587 25.285151 -6.167664
v -1.586934 25.335379 -6.180699
v -1.586934 31.082035 -6.180699
v -1.583587 31.132263 -6.167664
v -1.574443 31.169029 -6.132049
v -1.561952 31.182487 -6.083400
v -3.025760 25.234921 -5.503837
v -3.049958 25.248381 -5.547853
v -3.067671 25.285151 -5.580073
v -3.074155 25.335379 -5.591867
v -3.074155 31.082035 -5.591867
v -3.067671 31.132263 -5.580073
v -3.049958 31.169029 -5.547853
v -3.025760 31.182487 -5.503837
v -4.299448 25.234921 -4.578448
v -4.333832 25.248381 -4.615062
v -4.359002 25.285151 -4.641866
v -4.368216 25.335379 -4.651677
v -4.368216 31.082035 -4.651677
v -4.359002 31.132263 -4.641866
v -4.333832 31.169029 -4.615062
v -4.299448 31.182487 -4.578448
v -5.302988 25.234921 -3.365378
v -5.345395 25.248381 -3.392291
v -5.376441 25.285151 -3.411993
v -5.387805 25.335379 -3.419205
v -5.387805 31.082035 -3.419205
v -5.376441 31.132263 -3.411993
v -5.345395 31.169029 -3.392291
v -5.302988 31.182487 -3.365378
v -5.973319 25.234921 -1.940849
v -6.021089 25.248381 -1.956370
v -6.056059 25.285151 -1.967733
v -6.068858 25.335379 -1.971892
v -6.068858 31.082035 -1.971892
v -6.056059 31.132263 -1.967733
v -6.021089 31.169029 -1.956370
v -5.973319 31.182487 -1.940849
v -6.268327 25.234921 -0.394370
v -6.318455 25.248381 -0.397524
v -6.355152 25.285151 -0.399832
v -6.368584 25.335379 -0.400677
v -6.368584 31.082035 -0.400677
v -6.355152 31.132263 -0.399832
v -6.318455 31.169029 -0.397524
v -6.268327 31.182487 -0.394370
v -6.169471 25.234921 1.176890
v -6.218810 25.248381 1.186301
v -6.254928 25.285151 1.193191
v -6.268148 25.335379 1.195713
v -6.268148 31.082035 1.195713
v -6.254928 31.132263 1.193191
v -6.218810 31.169029 1.186301
v -6.169471 31.182487 1.176890
v -5.682966 25.234921 2.674201
v -5.728413 25.248381 2.695586
v -5.761683 25.285151 2.711242
v -5.773860 25.335379 2.716973
v -5.773860 31.082035 2.716973
v -5.761683 31.132263 2.711242
v -5.728413 31.169029 2.695586
v -5.682966 31.182487 2.674201
v -4.839378 25.234921 4.003481
v -4.878080 25.248381 4.035498
v -4.906410 25.285151 4.058936
v -4.916781 25.335379 4.067514
v -4.916781 31.082035 4.067514
v -4.906410 31.132263 4.058936
v -4.878080 31.169029 4.035498
v -4.839378 31.182487 4.003481
v -3.691715 25.234921 5.081210
v -3.721238 25.248381 5.121843
v -3.742851 25.285151 5.151591
v -3.750761 25.335379 5.162480
v -3.750761 31.082035 5.162480
v -3.742851 31.132263 5.151591
v -3.721238 31.169029 5.121843
v -3.691715 31.182487 5.081210
v -2.312087 25.234921 5.839666
v -2.330577 25.248381 5.886366
v -2.344113 25.285151 5.920553
v -2.349067 25.335379 5.933066
v -2.349067 31.082035 5.933066
v -2.344113 31.132263 5.920553
v -2.330577 31.169029 5.886366
v -2.312087 31.182487 5.839666
v -0.787183 25.234921 6.231195
v -0.793478 25.248381 6.281026
v -0.798087 25.285151 6.317507
v -0.799773 25.335379 6.330859
v -0.799773 31.082035 6.330859
v -0.798087 31.132263 6.317507
v -0.793478 31.169029 6.281026
v -0.787183 31.182487 6.231195
v 0.787183 25.234921 6.231195
v 0.793478 25.248381 6.281026
v 0.798087 25.285151 6.317507
v 0.799773 25.335379 6.330859
v 0.799773 31.082035 6.330859
v 0.798087 31.132263 6.317507
v 0.793478 31.169029 6.281026
v 0.787183 31.182487 6.231195
v 2.312087 25.234921 5.839666
v 2.330577 25.248381 5.886366
v 2.344113 25.285151 5.920553
v 2.349067 25.335379 5.933066
v 2.349067 31.082035 5.933066
v 2.344113 31.132263 5.920553
v 2.330577 31.169029 5.886366
v 2.312087 31.182487 5.839666
v 3.691715 25.234921 5.081210
v 3.721238 25.248381 5.121843
v 3.742851 25.285151 5.151591
v 3.750761 25.335379 5.162480
v 3.750761 31.082035 5.162480
v 3.742851 31.132263 5.151591
v 3.721238 31.169029 5.121843
v 3.691715 31.182487 5.081210
v 4.839378 25.234921 4.003481
v 4.878080 25.248381 4.035498
v 4.906410 25.285151 4.058936
v 4.916781 25.335379 4.067514
v 4.916781 31.082035 4.067514
v 4.906410 31.132263 4.058936
v 4.878080 31.169029 4.035498
v 4.839378 31.182487 4.003481
v 5.682966 25.234921 2.674201
v 5.728413 25.248381 2.695586
v 5.761683 25.285151 2.711242
v 5.773860 25.335379 2.716973
v 5.773860 31.082035 2.716973
v 5.761683 31.132263 2.711242
v 5.728413 31.169029 2.695586
v 5.682966 31.182487 2.674201
v 6.169471 25.234921 1.176890
v 6.218810 25.248381 1.186301
v 6.254928 25.285151 1.193191
v 6.268148 25.335379 1.195713
v 6.268148 31.082035 1.195713
v 6.254928 31.132263 1.193191
v 6.218810 31.169029 1.186301
v 6.169471 31.182487 1.176890
v 6.268327 25.234921 -0.394370
v 6.318455 25.248381 -0.397524
v 6.355152 25.285151 -0.399832
v 6.368584 25.335379 -0.400677
v 6.368584 31.082035 -0.400677
v 6.355152 31.132263 -0.399832
v 6.318455 31.169029 -0.397524
v 6.268327 31.182487 -0.394370
v 5.973319 25.234921 -1.940849
v 6.021089 25.248381 -1.956370
v 6.056059 25.285151 -1.967733
v 6.068858 25.335379 -1.971892
v 6.068858 31.082035 -1.971892
v 6.056059 31.132263 -1.967733
v 6.021089 31.169029 -1.956370
v 5.973319 31.182487 -1.940849
v 5.302988 25.234921 -3.365378
v 5.345395 25.248381 -3.392291
v 5.376441 25.285151 -3.411993
v 5.387805 25.335379 -3.419205
v 5.387805 31.082035 -3.419205
v 5.376441 31.132263 -3.411993
v 5.345395 31.169029 -3.392291
v 5.302988 31.182487 -3.365378
v 4.299448 25.234921 -4.578448
v 4.333832 25.248381 -4.615062
v 4.359002 25.285151 -4.641866
v 4.368216 25.335379 -4.651677
v 4.368216 31.082035 -4.651677
v 4.359002 31.132263 -4.641866
v 4.333832 31.169029 -4.615062
v 4.299448 31.182487 -4.578448
v 3.025760 25.234921 -5.503837
v 3.049958 25.248381 -5.547853
v 3.067671 25.285151 -5.580073
v 3.074155 25.335379 -5.591867
v 3.074155 31.082035 -5.591867
v 3.067671 31.132263 -5.580073
v 3.049958 31.169029 -5.547853
v 3.025760 31.182487 -5.503837
v 1.561952 25.234921 -6.083400
v 1.574443 25.248381 -6.132049
v 1.583587 25.285151 -6.167664
v 1.586934 25.335379 -6.180699
v 1.586934 31.082035 -6.180699
v 1.583587 31.132263 -6.167664
v 1.574443 31.169029 -6.132049
v 1.561952 31.182487 -6.083400
v -53.298801 16.662579 5.311368
v -53.298801 16.821192 5.196129
v -53.298801 16.979807 5.080889
v -46.862022 16.560011 5.379780
v -46.862022 16.720804 5.267604
v -46.862022 16.881599 5.155429
v -40.425243 16.154097 5.624058
v -40.425243 16.322720 5.524035
v -40.425243 16.491346 5.424011
v -33.988461 15.731291 5.837767
v -33.988461 15.906826 5.750438
v -33.988461 16.082357 5.663109
v -27.551678 15.293889 6.019744
v -27.551678 15.475379 5.945586
v -27.551678 15.656871 5.871428
v -21.114899 14.844269 6.169001
v -21.114899 15.030731 6.108416
v -21.114899 15.217189 6.047830
v -14.678112 14.384871 6.284724
v -14.678112 14.575291 6.238042
v -14.678112 14.765710 6.191360
v -8.241330 13.918198 6.366289
v -8.241330 14.111538 6.333762
v -8.241330 14.304882 6.301235
v -1.804548 13.446784 6.413248
v -1.804548 13.641996 6.395055
v -1.804548 13.837210 6.376862
v 4.632233 12.973191 6.425348
v 4.632233 13.169213 6.421585
v 4.632233 13.365235 6.417824
v 11.069016 12.849930 6.422768
v 11.069016 13.045984 6.422768
v 11.069016 13.242042 6.422768
v 11.069016 12.849930 2.140923
v 11.069016 13.045984 2.140923
v 11.069016 13.242042 2.140923
v 11.069016 12.849930 -2.140923
v 11.069016 13.045984 -2.140923
v 11.069016 13.242042 -2.140923
v 11.069016 12.849930 -6.422768
v 11.069016 13.045984 -6.422768
v 11.069016 13.242042 -6.422768
v 4.632233 12.726734 -6.417824
v 4.632233 12.922757 -6.421585
v 4.632233 13.118776 -6.425348
v -1.804548 12.254763 -6.376862
v -1.804548 12.449972 -6.395055
v -1.804548 12.645185 -6.413248
v -8.241330 11.787088 -6.301235
v -8.241330 11.980433 -6.333762
v -8.241330 12.173770 -6.366289
v -14.678112 11.326261 -6.191360
v -14.678112 11.516680 -6.238042
v -14.678112 11.707099 -6.284724
v -21.114899 10.874778 -6.047830
v -21.114899 11.061239 -6.108416
v -21.114899 11.247702 -6.169001
v -27.551678 10.435099 -5.871428
v -27.551678 10.616590 -5.945586
v -27.551678 10.798080 -6.019744
v -33.988461 10.009609 -5.663109
v -33.988461 10.185145 -5.750438
v -33.988461 10.360680 -5.837767
v -40.425243 9.600627 -5.424011
v -40.425243 9.769248 -5.524035
v -40.425243 9.937874 -5.624058
v -46.862022 9.210369 -5.155429
v -46.862022 9.371167 -5.267604
v -46.862022 9.531961 -5.379780
v -53.298801 9.112162 -5.080889
v -53.298801 9.270775 -5.196129
v -53.298801 9.429392 -5.311368
v -53.298801 11.628969 -1.616803
v -53.298801 11.787584 -1.732043
v -53.298801 11.946197 -1.847283
v -53.298801 14.145773 1.847283
v -53.298801 14.304388 1.732043
v -53.298801 14.463001 1.616803
v -46.862022 14.431720 1.643693
v -46.862022 11.981842 -1.868043
v -40.425243 14.306853 1.741321
v -40.425243 12.122365 -1.941368
v -33.988461 14.175134 1.829485
v -33.988461 12.267904 -2.004141
v -27.551678 14.037275 1.907704
v -27.551678 12.417680 -2.056020
v -21.114899 13.894029 1.975553
v -21.114899 12.570865 -2.096724
v -14.678112 13.746176 2.032665
v -14.678112 12.726634 -2.126030
v -8.241330 13.594510 2.078727
v -8.241330 12.884139 -2.143781
v -1.804548 13.439867 2.113491
v -1.804548 13.042525 -2.149878
v 4.632233 13.283084 2.136767
v 4.632233 13.200931 -2.144290
v -46.862022 11.660249 -1.643693
v -46.862022 14.110130 1.868043
v -40.425243 11.785116 -1.741321
v -40.425243 13.969606 1.941368
v -33.988461 11.916837 -1.829485
v -33.988461 13.824065 2.004141
v -27.551678 12.054697 -1.907704
v -27.551678 13.674292 2.056020
v -21.114899 12.197942 -1.975553
v -21.114899 13.521102 2.096724
v -14.678112 12.345796 -2.032665
v -14.678112 13.365334 2.126030
v -8.241330 12.497458 -2.078727
v -8.241330 13.207829 2.143781
v -1.804548 12.652102 -2.113491
v -1.804548 13.049444 2.149878
v 4.632233 12.808888 -2.136767
v 4.632233 12.891039 2.144290
v -44.243328 16.662579 -30.191069
v -44.169258 16.821192 -30.279346
v -44.095184 16.979807 -30.367626
v -39.356449 16.560011 -26.001177
v -39.284348 16.720804 -26.087105
v -39.212242 16.881599 -26.173042
v -34.582607 16.154097 -21.676565
v -34.518318 16.322720 -21.753187
v -34.454018 16.491346 -21.829813
v -29.789114 15.731291 -17.375374
v -29.732979 15.906826 -17.442266
v -29.676851 16.082357 -17.509169
v -24.975224 15.293889 -13.098486
v -24.927557 15.475379 -13.155293
v -24.879890 15.656871 -13.212100
v -20.140301 14.844269 -8.846663
v -20.101362 15.030731 -8.893075
v -20.062416 15.217189 -8.939487
v -15.283829 14.384871 -4.620530
v -15.253820 14.575291 -4.656291
v -15.223814 14.765710 -4.692052
v -10.405396 13.918198 -0.420565
v -10.384488 14.111538 -0.445482
v -10.363581 14.304882 -0.470398
v -5.504720 13.446784 3.752892
v -5.493025 13.641996 3.738955
v -5.481331 13.837210 3.725018
v -0.581636 12.973191 7.899645
v -0.579218 13.169213 7.896763
v -0.576801 13.365235 7.893882
v 4.350883 12.849930 12.035151
v 4.350883 13.045984 12.035151
v 4.350883 13.242042 12.035151
v 7.103200 12.849930 8.755070
v 7.103200 13.045984 8.755070
v 7.103200 13.242042 8.755070
v 9.855516 12.849930 5.474985
v 9.855516 13.045984 5.474985
v 9.855516 13.242042 5.474985
v 12.607836 12.849930 2.194901
v 12.607836 13.045984 2.194901
v 12.607836 13.242042 2.194901
v 7.673795 12.726734 -1.938796
v 7.676212 12.922757 -1.941677
v 7.678630 13.118776 -1.944559
v 2.716604 12.254763 -6.044900
v 2.728298 12.449972 -6.058836
v 2.739993 12.645185 -6.072774
v -2.262869 11.787088 -10.124453
v -2.241961 11.980433 -10.149367
v -2.221054 12.173770 -10.174285
v -7.264357 11.326261 -14.177768
v -7.234350 11.516680 -14.213526
v -7.204343 11.707099 -14.249287
v -12.287477 10.874778 -18.205296
v -12.248536 11.061239 -18.251711
v -12.209592 11.247702 -18.298120
v -17.331730 10.435099 -22.207651
v -17.284056 10.616590 -22.264462
v -17.236395 10.798080 -22.321268
v -22.396496 10.009609 -26.185555
v -22.340357 10.185145 -26.252451
v -22.284224 10.360680 -26.319345
v -27.481043 9.600627 -30.139874
v -27.416750 9.769248 -30.216501
v -27.352451 9.937874 -30.293125
v -32.584549 9.210369 -34.071613
v -32.512444 9.371167 -34.157543
v -32.440342 9.531961 -34.243481
v -37.563316 9.112162 -38.151997
v -37.489250 9.270775 -38.240284
v -37.415161 9.429392 -38.328560
v -39.789997 11.628969 -35.498356
v -39.715916 11.787584 -35.586639
v -39.641838 11.946197 -35.674911
v -42.016666 14.145773 -32.844711
v -41.942585 14.304388 -32.932991
v -41.868515 14.463001 -33.021271
v -36.954933 14.431720 -28.863186
v -34.697639 11.981842 -31.553329
v -32.086830 14.306853 -24.650913
v -29.719641 12.122365 -27.472021
v -27.212641 14.175134 -20.445894
v -24.748432 12.267904 -23.382620
v -22.332058 14.037275 -16.248493
v -19.784224 12.417680 -19.284880
v -17.444811 13.894029 -12.059032
v -14.827200 12.570865 -15.178576
v -12.550657 13.746176 -7.877797
v -9.877501 12.726634 -11.063540
v -7.649404 13.594510 -3.705027
v -4.935229 12.884139 -6.939655
v -2.740890 13.439867 0.459087
v -0.000449 13.042525 -2.806844
v 2.175010 13.283084 4.614401
v 4.926821 13.200931 1.334921
v -34.841850 11.660249 -31.381468
v -37.099148 14.110130 -28.691322
v -29.848230 11.785116 -27.318771
v -32.215420 13.969606 -24.497667
v -24.860701 11.916837 -23.248827
v -27.324907 13.824065 -20.312099
v -19.879559 12.054697 -19.171261
v -22.427395 13.674292 -16.134874
v -14.905087 12.197942 -15.085752
v -17.522696 13.521102 -11.966209
v -9.937513 12.345796 -10.992021
v -12.610674 13.365334 -7.806275
v -4.977045 12.497458 -6.889822
v -7.691220 13.207829 -3.655193
v -0.023838 12.652102 -2.778969
v -2.764279 13.049444 0.486961
v 4.921985 12.808888 1.340684
v 2.170175 12.891039 4.620165
v -14.485915 16.662579 -51.566772
v -14.372426 16.821192 -51.586784
v -14.258938 16.979807 -51.606792
v -13.435555 16.560011 -45.215904
v -13.325083 16.720804 -45.235371
v -13.214612 16.881599 -45.254860
v -12.558385 16.154097 -38.834484
v -12.459881 16.322720 -38.851841
v -12.361378 16.491346 -38.869221
v -11.651114 15.731291 -32.458382
v -11.565110 15.906826 -32.473545
v -11.479109 16.082357 -32.488705
v -10.712588 15.293889 -26.087788
v -10.639557 15.475379 -26.100664
v -10.566525 15.656871 -26.113539
v -9.741842 14.844269 -19.722878
v -9.682178 15.030731 -19.733395
v -9.622513 15.217189 -19.743914
v -8.738072 14.384871 -13.363788
v -8.692101 14.575291 -13.371893
v -8.646128 14.765710 -13.379999
v -7.700663 13.918198 -7.010632
v -7.668630 14.111538 -7.016280
v -7.636599 14.304882 -7.021928
v -6.629172 13.446784 -0.663484
v -6.611256 13.641996 -0.666643
v -6.593338 13.837210 -0.669802
v -5.523353 12.973191 5.677609
v -5.519650 13.169213 5.676957
v -5.515944 13.365235 5.676303
v -4.403077 12.849930 12.016156
v -4.403077 13.045984 12.016156
v -4.403077 13.242042 12.016156
v -0.186283 12.849930 11.272622
v -0.186283 13.045984 11.272622
v -0.186283 13.242042 11.272622
v 4.030513 12.849930 10.529086
v 4.030513 13.045984 10.529086
v 4.030513 13.242042 10.529086
v 8.247306 12.849930 9.785553
v 8.247306 13.045984 9.785553
v 8.247306 13.242042 9.785553
v 7.124703 12.726734 3.447417
v 7.128407 12.922757 3.446764
v 7.132112 13.118776 3.446111
v 5.966625 12.254763 -2.884462
v 5.984543 12.449972 -2.887622
v 6.002461 12.645185 -2.890781
v 4.774415 11.787088 -9.210324
v 4.806447 11.980433 -9.215973
v 4.838479 12.173770 -9.221620
v 3.548472 11.326261 -15.530237
v 3.594445 11.516680 -15.538343
v 3.640418 11.707099 -15.546450
v 2.289387 10.874778 -21.844303
v 2.349052 11.061239 -21.854828
v 2.408716 11.247702 -21.865343
v 0.997929 10.435099 -28.152668
v 1.070961 10.616590 -28.165541
v 1.143992 10.798080 -28.178421
v -0.324959 10.009609 -34.455486
v -0.238957 10.185145 -34.470654
v -0.152956 10.360680 -34.485817
v -1.678162 9.600627 -40.752956
v -1.579657 9.769248 -40.770329
v -1.481153 9.937874 -40.787701
v -3.060398 9.210369 -47.045311
v -2.949927 9.371167 -47.064793
v -2.839456 9.531961 -47.084278
v -4.251542 9.112162 -53.371361
v -4.138053 9.270775 -53.391376
v -4.024564 9.429392 -53.411388
v -7.663001 11.628969 -52.769833
v -7.549512 11.787584 -52.789841
v -7.436024 11.946197 -52.809856
v -11.074457 14.145773 -52.168293
v -10.960970 14.304388 -52.188313
v -10.847478 14.463001 -52.208324
v -9.756226 14.431720 -45.864658
v -6.297841 11.981842 -46.474464
v -8.734637 14.306853 -39.508709
v -5.107895 12.122365 -40.148205
v -7.703724 14.175134 -33.154415
v -3.928340 12.267904 -33.820118
v -6.663020 14.037275 -26.801836
v -2.759514 12.417680 -27.490128
v -5.612104 13.894029 -20.451059
v -1.601693 12.570865 -21.158207
v -4.550611 13.746176 -14.102149
v -0.455096 12.726634 -14.824301
v -3.478239 13.594510 -7.755158
v 0.680120 12.884139 -8.488390
v -2.394739 13.439867 -1.410129
v 1.803860 13.042525 -2.150455
v -1.299926 13.283084 4.932906
v 2.916093 13.200931 4.189508
v -6.518784 11.660249 -46.435513
v -9.977168 14.110130 -45.825706
v -5.304904 11.785116 -40.113468
v -8.931644 13.969606 -39.473972
v -4.100343 11.916837 -33.789787
v -7.875729 13.824065 -33.124081
v -2.905577 12.054697 -27.464378
v -6.809083 13.674292 -26.776081
v -1.721023 12.197942 -21.137163
v -5.731432 13.521102 -20.430019
v -0.547043 12.345796 -14.808088
v -4.642558 13.365334 -14.085938
v 0.616055 12.497458 -8.477093
v -3.542304 13.207829 -7.743863
v 1.768026 12.652102 -2.144137
v -2.430573 13.049444 -1.403810
v 2.908684 12.808888 4.190814
v -1.307335 12.891039 4.934213
v 22.049623 16.662579 -48.813805
v 22.149426 16.821192 -48.756184
v 22.249226 16.979807 -48.698574
v 18.771988 16.560011 -43.273590
v 18.869135 16.720804 -43.217506
v 18.966282 16.881599 -43.161415
v 15.342042 16.154097 -37.821316
v 15.428664 16.322720 -37.771301
v 15.515287 16.491346 -37.721287
v 11.938574 15.731291 -32.353752
v 12.014204 15.906826 -32.310089
v 12.089830 16.082357 -32.266426
v 8.562588 15.293889 -26.870323
v 8.626810 15.475379 -26.833242
v 8.691033 15.656871 -26.796165
v 5.214936 14.844269 -21.370535
v 5.267404 15.030731 -21.340240
v 5.319872 15.217189 -21.309950
v 1.896325 14.384871 -15.853979
v 1.936753 14.575291 -15.830641
v 1.977181 14.765710 -15.807298
v -1.392703 13.918198 -10.320346
v -1.364534 14.111538 -10.304082
v -1.336365 14.304882 -10.287818
v -4.651762 13.446784 -4.769408
v -4.636006 13.641996 -4.760312
v -4.620249 13.837210 -4.751215
v -7.880631 12.973191 0.798959
v -7.877373 13.169213 0.800840
v -7.874116 13.365235 0.802721
v -11.096787 12.849930 6.374666
v -11.096787 13.045984 6.374666
v -11.096787 13.242042 6.374666
v -7.388602 12.849930 8.515590
v -7.388602 13.045984 8.515590
v -7.388602 13.242042 8.515590
v -3.680415 12.849930 10.656511
v -3.680415 13.045984 10.656511
v -3.680415 13.242042 10.656511
v 0.027772 12.849930 12.797435
v 0.027772 13.045984 12.797435
v 0.027772 13.242042 12.797435
v 3.241882 12.726734 7.220544
v 3.245139 12.922757 7.222426
v 3.248396 13.118776 7.224307
v 6.424797 12.254763 1.625646
v 6.440553 12.449972 1.634743
v 6.456309 12.645185 1.643840
v 9.577694 11.787088 -3.986584
v 9.605866 11.980433 -3.970320
v 9.634033 12.173770 -3.954057
v 12.700932 11.326261 -9.615936
v 12.741361 11.516680 -9.592596
v 12.781790 11.707099 -9.569255
v 15.795021 10.874778 -15.262119
v 15.847489 11.061239 -15.231827
v 15.899957 11.247702 -15.201534
v 18.860643 10.435099 -20.924738
v 18.924868 10.616590 -20.887659
v 18.989088 10.798080 -20.850578
v 21.898626 10.009609 -26.603315
v 21.974258 10.185145 -26.559649
v 22.049885 10.360680 -26.515984
v 24.909950 9.600627 -32.297283
v 24.996574 9.769248 -32.247265
v 25.083197 9.937874 -32.197254
v 27.895746 9.210369 -38.005989
v 27.992891 9.371167 -37.949898
v 28.090038 9.531961 -37.893814
v 31.049582 9.112162 -43.617680
v 31.149378 9.270775 -43.560043
v 31.249184 9.429392 -43.502438
v 28.049595 11.628969 -45.349728
v 28.149397 11.787584 -45.292095
v 28.249195 11.946197 -45.234478
v 25.049610 14.145773 -47.081753
v 25.149406 14.304388 -47.024143
v 25.249208 14.463001 -46.966518
v 22.007532 14.431720 -41.405548
v 25.048784 11.981842 -39.649681
v 18.704592 14.306853 -35.879948
v 21.893898 12.122365 -34.038597
v 15.409848 14.175134 -30.349619
v 18.729864 12.267904 -28.432796
v 12.123718 14.037275 -24.814304
v 15.556404 12.417680 -22.832438
v 8.846567 13.894029 -19.273809
v 12.373263 12.570865 -17.237671
v 5.578717 13.746176 -13.727949
v 9.180251 12.726634 -11.648604
v 2.320434 13.594510 -8.176565
v 5.977233 12.884139 -6.065311
v -0.928063 13.439867 -2.619530
v 2.764123 13.042525 -0.487845
v -4.166612 13.283084 2.943249
v -0.459107 13.200931 5.083777
v 24.854492 11.660249 -39.761856
v 21.813238 14.110130 -41.517723
v 21.720648 11.785116 -34.138622
v 18.531345 13.969606 -35.979969
v 18.578606 11.916837 -28.520126
v 15.258594 13.824065 -30.436943
v 15.427959 12.054697 -22.906601
v 11.995275 13.674292 -24.888464
v 12.268327 12.197942 -17.298256
v 8.741632 13.521102 -19.334398
v 9.099396 12.345796 -11.695287
v 5.497860 13.365334 -13.774632
v 5.920896 12.497458 -6.097837
v 2.264097 13.207829 -8.209091
v 2.732610 12.652102 -0.506039
v -0.959575 13.049444 -2.637723
v -0.465623 12.808888 5.080016
v -4.173127 12.891039 2.939488
v 48.267899 16.662579 -23.220322
v 48.307312 16.821192 -23.112026
v 48.346725 16.979807 -23.003740
v 42.195908 16.560011 -21.083096
v 42.234268 16.720804 -20.977684
v 42.272636 16.881599 -20.872274
v 36.063763 16.154097 -19.111135
v 36.097965 16.322720 -19.017138
v 36.132175 16.491346 -18.923151
v 29.942068 15.731291 -17.110445
v 29.971939 15.906826 -17.028383
v 30.001802 16.082357 -16.946318
v 23.831232 15.293889 -15.079939
v 23.856594 15.475379 -15.010253
v 23.881962 15.656871 -14.940567
v 17.731585 14.844269 -13.018684
v 17.752308 15.030731 -12.961752
v 17.773031 15.217189 -12.904820
v 11.643413 14.384871 -10.925920
v 11.659378 14.575291 -10.882053
v 11.675344 14.765710 -10.838185
v 5.566917 13.918198 -8.801056
v 5.578043 14.111538 -8.770491
v 5.589167 14.304882 -8.739923
v -0.497740 13.446784 -6.643673
v -0.491517 13.641996 -6.626578
v -0.485295 13.837210 -6.609481
v -6.550475 12.973191 -4.453534
v -6.549188 13.169213 -4.449999
v -6.547902 13.365235 -4.446465
v -12.598188 12.849930 -2.249601
v -12.598188 13.045984 -2.249601
v -12.598188 13.242042 -2.249601
v -11.133712 12.849930 1.774017
v -11.133712 13.045984 1.774017
v -11.133712 13.242042 1.774017
v -9.669234 12.849930 5.797636
v -9.669234 13.045984 5.797636
v -9.669234 13.242042 5.797636
v -8.204758 12.849930 9.821255
v -8.204758 13.045984 9.821255
v -8.204758 13.242042 9.821255
v -2.157851 12.726734 7.615099
v -2.156564 12.922757 7.618634
v -2.155278 13.118776 7.622169
v 3.876736 12.254763 5.375097
v 3.882957 12.449972 5.392193
v 3.889180 12.645185 5.409290
v 9.899467 11.787088 3.102524
v 9.910591 11.980433 3.133089
v 9.921717 12.173770 3.163653
v 15.910484 11.326261 0.797765
v 15.926451 11.516680 0.841632
v 15.942415 11.707099 0.885500
v 21.909996 10.874778 -1.538618
v 21.930708 11.061239 -1.481686
v 21.951431 11.247702 -1.424755
v 27.898252 10.435099 -3.905891
v 27.923620 10.616590 -3.836205
v 27.948978 10.798080 -3.766519
v 33.875599 10.009609 -6.303154
v 33.905468 10.185145 -6.221093
v 33.935333 10.360680 -6.139031
v 39.842426 9.600627 -8.729344
v 39.876629 9.769248 -8.635351
v 39.910847 9.937874 -8.541361
v 45.799168 9.210369 -11.183240
v 45.837517 9.371167 -11.077826
v 45.875885 9.531961 -10.972417
v 51.822266 9.112162 -13.454792
v 51.861679 9.270775 -13.346501
v 51.901093 9.429392 -13.238211
v 50.637474 11.628969 -16.709967
v 50.676891 11.787584 -16.601679
v 50.716312 11.946197 -16.493387
v 49.452686 14.145773 -19.965147
v 49.492096 14.304388 -19.856850
v 49.531521 14.463001 -19.748564
v 43.473717 14.431720 -17.572323
v 44.674805 11.981842 -14.272368
v 37.391735 14.306853 -15.462554
v 38.651291 12.122365 -12.001957
v 31.312986 14.175134 -13.343892
v 32.624157 12.267904 -9.741461
v 25.237633 14.037275 -11.215883
v 26.593307 12.417680 -7.491201
v 19.165833 13.894029 -9.078133
v 20.558634 12.570865 -5.251444
v 13.097704 13.746176 -6.930289
v 14.520058 12.726634 -3.022395
v 7.033350 13.594510 -4.772066
v 8.477532 12.884139 -0.804206
v 0.972864 13.439867 -2.603224
v 2.431022 13.042525 1.403033
v -5.083694 13.283084 -0.423587
v -3.619486 13.200931 3.599292
v 44.598076 11.660249 -14.483192
v 43.396992 14.110130 -17.783142
v 38.582859 11.785116 -12.189941
v 37.323315 13.969606 -15.650536
v 32.564426 11.916837 -9.905584
v 31.253248 13.824065 -13.508014
v 26.542582 12.054697 -7.630573
v 25.186905 13.674292 -11.355258
v 20.517191 12.197942 -5.365306
v 19.124388 13.521102 -9.191995
v 14.488124 12.345796 -3.110130
v 13.065770 13.365334 -7.018025
v 8.455284 12.497458 -0.865336
v 7.011100 13.207829 -4.833197
v 2.418577 12.652102 1.368840
v 0.960419 13.049444 -2.637417
v -3.622060 12.808888 3.592222
v -5.086267 12.891039 -0.430656
v 51.901093 16.662579 13.238211
v 51.861679 16.821192 13.346501
v 51.822266 16.979807 13.454792
v 45.875885 16.560011 10.972417
v 45.837517 16.720804 11.077826
v 45.799168 16.881599 11.183240
v 39.910847 16.154097 8.541361
v 39.876629 16.322720 8.635351
v 39.842426 16.491346 8.729344
v 33.935333 15.731291 6.139031
v 33.905468 15.906826 6.221093
v 33.875599 16.082357 6.303154
v 27.948978 15.293889 3.766519
v 27.923620 15.475379 3.836205
v 27.898252 15.656871 3.905891
v 21.951431 14.844269 1.424755
v 21.930708 15.030731 1.481686
v 21.909996 15.217189 1.538618
v 15.942415 14.384871 -0.885500
v 15.926451 14.575291 -0.841632
v 15.910484 14.765710 -0.797765
v 9.921717 13.918198 -3.163653
v 9.910591 14.111538 -3.133089
v 9.899467 14.304882 -3.102524
v 3.889180 13.446784 -5.409290
v 3.882957 13.641996 -5.392193
v 3.876736 13.837210 -5.375097
v -2.155278 12.973191 -7.622169
v -2.156564 13.169213 -7.618634
v -2.157851 13.365235 -7.615099
v -8.204758 12.849930 -9.821255
v -8.204758 13.045984 -9.821255
v -8.204758 13.242042 -9.821255
v -9.669234 12.849930 -5.797636
v -9.669234 13.045984 -5.797636
v -9.669234 13.242042 -5.797636
v -11.133712 12.849930 -1.774017
v -11.133712 13.045984 -1.774017
v -11.133712 13.242042 -1.774017
v -12.598188 12.849930 2.249601
v -12.598188 13.045984 2.249601
v -12.598188 13.242042 2.249601
v -6.547902 12.726734 4.446465
v -6.549188 12.922757 4.449999
v -6.550475 13.118776 4.453534
v -0.485295 12.254763 6.609481
v -0.491517 12.449972 6.626578
v -0.497740 12.645185 6.643673
v 5.589167 11.787088 8.739923
v 5.578043 11.980433 8.770491
v 5.566917 12.173770 8.801056
v 11.675344 11.326261 10.838185
v 11.659378 11.516680 10.882053
v 11.643413 11.707099 10.925920
v 17.773031 10.874778 12.904820
v 17.752308 11.061239 12.961752
v 17.731585 11.247702 13.018684
v 23.881962 10.435099 14.940567
v 23.856594 10.616590 15.010253
v 23.831232 10.798080 15.079939
v 30.001802 10.009609 16.946318
v 29.971939 10.185145 17.028383
v 29.942068 10.360680 17.110445
v 36.132175 9.600627 18.923151
v 36.097965 9.769248 19.017138
v 36.063763 9.937874 19.111135
v 42.272636 9.210369 20.872274
v 42.234268 9.371167 20.977684
v 42.195908 9.531961 21.083096
v 48.346725 9.112162 23.003740
v 48.307312 9.270775 23.112026
v 48.267899 9.429392 23.220322
v 49.531521 11.628969 19.748564
v 49.492096 11.787584 19.856850
v 49.452686 11.946197 19.965147
v 50.716312 14.145773 16.493387
v 50.676891 14.304388 16.601679
v 50.637474 14.463001 16.709967
v 44.598076 14.431720 14.483192
v 43.396992 11.981842 17.783142
v 38.582859 14.306853 12.189941
v 37.323315 12.122365 15.650536
v 32.564426 14.175134 9.905584
v 31.253248 12.267904 13.508014
v 26.542582 14.037275 7.630573
v 25.186905 12.417680 11.355258
v 20.517191 13.894029 5.365306
v 19.124388 12.570865 9.191995
v 14.488124 13.746176 3.110130
v 13.065770 12.726634 7.018025
v 8.455284 13.594510 0.865336
v 7.011100 12.884139 4.833197
v 2.418577 13.439867 -1.368840
v 0.960419 13.042525 2.637417
v -3.622060 13.283084 -3.592222
v -5.086267 13.200931 0.430656
v 43.473717 11.660249 17.572323
v 44.674805 14.110130 14.272368
v 37.391735 11.785116 15.462554
v 38.651291 13.969606 12.001957
v 31.312986 11.916837 13.343892
v 32.624157 13.824065 9.741461
v 25.237633 12.054697 11.215883
v 26.593307 13.674292 7.491201
v 19.165833 12.197942 9.078133
v 20.558634 13.521102 5.251444
v 13.097704 12.345796 6.930289
v 14.520058 13.365334 3.022395
v 7.033350 12.497458 4.772066
v 8.477532 13.207829 0.804206
v 0.972864 12.652102 2.603224
v 2.431022 13.049444 -1.403033
v -5.083694 12.808888 0.423587
v -3.619486 12.891039 -3.599292
v 31.249184 16.662579 43.502438
v 31.149378 16.821192 43.560043
v 31.049582 16.979807 43.617680
v 28.090038 16.560011 37.893814
v 27.992891 16.720804 37.949898
v 27.895746 16.881599 38.005989
v 25.083197 16.154097 32.197254
v 24.996574 16.322720 32.247265
v 24.909950 16.491346 32.297283
v 22.049885 15.731291 26.515984
v 21.974258 15.906826 26.559649
v 21.898626 16.082357 26.603315
v 18.989088 15.293889 20.850578
v 18.924868 15.475379 20.887659
v 18.860643 15.656871 20.924738
v 15.899957 14.844269 15.201534
v 15.847489 15.030731 15.231827
v 15.795021 15.217189 15.262119
v 12.781790 14.384871 9.569255
v 12.741361 14.575291 9.592596
v 12.700932 14.765710 9.615936
v 9.634033 13.918198 3.954057
v 9.605866 14.111538 3.970320
v 9.577694 14.304882 3.986584
v 6.456309 13.446784 -1.643840
v 6.440553 13.641996 -1.634743
v 6.424797 13.837210 -1.625646
v 3.248396 12.973191 -7.224307
v 3.245139 13.169213 -7.222426
v 3.241882 13.365235 -7.220544
v 0.027772 12.849930 -12.797435
v 0.027772 13.045984 -12.797435
v 0.027772 13.242042 -12.797435
v -3.680415 12.849930 -10.656511
v -3.680415 13.045984 -10.656511
v -3.680415 13.242042 -10.656511
v -7.388602 12.849930 -8.515590
v -7.388602 13.045984 -8.515590
v -7.388602 13.242042 -8.515590
v -11.096787 12.849930 -6.374666
v -11.096787 13.045984 -6.374666
v -11.096787 13.242042 -6.374666
v -7.874116 12.726734 -0.802721
v -7.877373 12.922757 -0.800840
v -7.880631 13.118776 -0.798959
v -4.620249 12.254763 4.751215
v -4.636006 12.449972 4.760312
v -4.651762 12.645185 4.769408
v -1.336365 11.787088 10.287818
v -1.364534 11.980433 10.304082
v -1.392703 12.173770 10.320346
v 1.977181 11.326261 15.807298
v 1.936753 11.516680 15.830641
v 1.896325 11.707099 15.853979
v 5.319872 10.874778 21.309950
v 5.267404 11.061239 21.340240
v 5.214936 11.247702 21.370535
v 8.691033 10.435099 26.796165
v 8.626810 10.616590 26.833242
v 8.562588 10.798080 26.870323
v 12.089830 10.009609 32.266426
v 12.014204 10.185145 32.310089
v 11.938574 10.360680 32.353752
v 15.515287 9.600627 37.721287
v 15.428664 9.769248 37.771301
v 15.342042 9.937874 37.821316
v 18.966282 9.210369 43.161415
v 18.869135 9.371167 43.217506
v 18.771988 9.531961 43.273590
v 22.249226 9.112162 48.698574
v 22.149426 9.270775 48.756184
v 22.049623 9.429392 48.813805
v 25.249208 11.628969 46.966518
v 25.149406 11.787584 47.024143
v 25.049610 11.946197 47.081753
v 28.249195 14.145773 45.234478
v 28.149397 14.304388 45.292095
v 28.049595 14.463001 45.349728
v 24.854492 14.431720 39.761856
v 21.813238 11.981842 41.517723
v 21.720648 14.306853 34.138622
v 18.531345 12.122365 35.979969
v 18.578606 14.175134 28.520126
v 15.258594 12.267904 30.436943
v 15.427959 14.037275 22.906601
v 11.995275 12.417680 24.888464
v 12.268327 13.894029 17.298256
v 8.741632 12.570865 19.334398
v 9.099396 13.746176 11.695287
v 5.497860 12.726634 13.774632
v 5.920896 13.594510 6.097837
v 2.264097 12.884139 8.209091
v 2.732610 13.439867 0.506039
v -0.959575 13.042525 2.637723
v -0.465623 13.283084 -5.080016
v -4.173127 13.200931 -2.939488
v 22.007532 11.660249 41.405548
v 25.048784 14.110130 39.649681
v 18.704592 11.785116 35.879948
v 21.893898 13.969606 34.038597
v 15.409848 11.916837 30.349619
v 18.729864 13.824065 28.432796
v 12.123718 12.054697 24.814304
v 15.556404 13.674292 22.832438
v 8.846567 12.197942 19.273809
v 12.373263 13.521102 17.237671
v 5.578717 12.345796 13.727949
v 9.180251 13.365334 11.648604
v 2.320434 12.497458 8.176565
v 5.977233 13.207829 6.065311
v -0.928063 12.652102 2.619530
v 2.764123 13.049444 0.487845
v -4.166612 12.808888 -2.943249
v -0.459107 12.891039 -5.083777
v -4.024564 16.662579 53.411388
v -4.138053 16.821192 53.391376
v -4.251542 16.979807 53.371361
v -2.839456 16.560011 47.084278
v -2.949927 16.720804 47.064793
v -3.060398 16.881599 47.045311
v -1.481153 16.154097 40.787701
v -1.579657 16.322720 40.770329
v -1.678162 16.491346 40.752956
v -0.152956 15.731291 34.485817
v -0.238957 15.906826 34.470654
v -0.324959 16.082357 34.455486
v 1.143992 15.293889 28.178421
v 1.070961 15.475379 28.165541
v 0.997929 15.656871 28.152668
v 2.408716 14.844269 21.865343
v 2.349052 15.030731 21.854828
v 2.289387 15.217189 21.844303
v 3.640418 14.384871 15.546450
v 3.594445 14.575291 15.538343
v 3.548472 14.765710 15.530237
v 4.838479 13.918198 9.221620
v 4.806447 14.111538 9.215973
v 4.774415 14.304882 9.210324
v 6.002461 13.446784 2.890781
v 5.984543 13.641996 2.887622
v 5.966625 13.837210 2.884462
v 7.132112 12.973191 -3.446111
v 7.128407 13.169213 -3.446764
v 7.124703 13.365235 -3.447417
v 8.247306 12.849930 -9.785553
v 8.247306 13.045984 -9.785553
v 8.247306 13.242042 -9.785553
v 4.030513 12.849930 -10.529086
v 4.030513 13.045984 -10.529086
v 4.030513 13.242042 -10.529086
v -0.186283 12.849930 -11.272622
v -0.186283 13.045984 -11.272622
v -0.186283 13.242042 -11.272622
v -4.403077 12.849930 -12.016156
v -4.403077 13.045984 -12.016156
v -4.403077 13.242042 -12.016156
v -5.515944 12.726734 -5.676303
v -5.519650 12.922757 -5.676957
v -5.523353 13.118776 -5.677609
v -6.593338 12.254763 0.669802
v -6.611256 12.449972 0.666643
v -6.629172 12.645185 0.663484
v -7.636599 11.787088 7.021928
v -7.668630 11.980433 7.016280
v -7.700663 12.173770 7.010632
v -8.646128 11.326261 13.379999
v -8.692101 11.516680 13.371893
v -8.738072 11.707099 13.363788
v -9.622513 10.874778 19.743914
v -9.682178 11.061239 19.733395
v -9.741842 11.247702 19.722878
v -10.566525 10.435099 26.113539
v -10.639557 10.616590 26.100664
v -10.712588 10.798080 26.087788
v -11.479109 10.009609 32.488705
v -11.565110 10.185145 32.473545
v -11.651114 10.360680 32.458382
v -12.361378 9.600627 38.869221
v -12.459881 9.769248 38.851841
v -12.558385 9.937874 38.834484
v -13.214612 9.210369 45.254860
v -13.325083 9.371167 45.235371
v -13.435555 9.531961 45.215904
v -14.258938 9.112162 51.606792
v -14.372426 9.270775 51.586784
v -14.485915 9.429392 51.566772
v -10.847478 11.628969 52.208324
v -10.960970 11.787584 52.188313
v -11.074457 11.946197 52.168293
v -7.436024 14.145773 52.809856
v -7.549512 14.304388 52.789841
v -7.663001 14.463001 52.769833
v -6.518784 14.431720 46.435513
v -9.977168 11.981842 45.825706
v -5.304904 14.306853 40.113468
v -8.931644 12.122365 39.473972
v -4.100343 14.175134 33.789787
v -7.875729 12.267904 33.124081
v -2.905577 14.037275 27.464378
v -6.809083 12.417680 26.776081
v -1.721023 13.894029 21.137163
v -5.731432 12.570865 20.430019
v -0.547043 13.746176 14.808088
v -4.642558 12.726634 14.085938
v 0.616055 13.594510 8.477093
v -3.542304 12.884139 7.743863
v 1.768026 13.439867 2.144137
v -2.430573 13.042525 1.403810
v 2.908684 13.283084 -4.190814
v -1.307335 13.200931 -4.934213
v -9.756226 11.660249 45.864658
v -6.297841 14.110130 46.474464
v -8.734637 11.785116 39.508709
v -5.107895 13.969606 40.148205
v -7.703724 11.916837 33.154415
v -3.928340 13.824065 33.820118
v -6.663020 12.054697 26.801836
v -2.759514 13.674292 27.490128
v -5.612104 12.197942 20.451059
v -1.601693 13.521102 21.158207
v -4.550611 12.345796 14.102149
v -0.455096 13.365334 14.824301
v -3.478239 12.497458 7.755158
v 0.680120 13.207829 8.488390
v -2.394739 12.652102 1.410129
v 1.803860 13.049444 2.150455
v -1.299926 12.808888 -4.932906
v 2.916093 12.891039 -4.189508
v -37.415161 16.662579 38.328560
v -37.489250 16.821192 38.240284
v -37.563316 16.979807 38.151997
v -32.440342 16.560011 34.243481
v -32.512444 16.720804 34.157543
v -32.584549 16.881599 34.071613
v -27.352451 16.154097 30.293125
v -27.416750 16.322720 30.216501
v -27.481043 16.491346 30.139874
v -22.284224 15.731291 26.319345
v -22.340357 15.906826 26.252451
v -22.396496 16.082357 26.185555
v -17.236395 15.293889 22.321268
v -17.284056 15.475379 22.264462
v -17.331730 15.656871 22.207651
v -12.209592 14.844269 18.298120
v -12.248536 15.030731 18.251711
v -12.287477 15.217189 18.205296
v -7.204343 14.384871 14.249287
v -7.234350 14.575291 14.213526
v -7.264357 14.765710 14.177768
v -2.221054 13.918198 10.174285
v -2.241961 14.111538 10.149367
v -2.262869 14.304882 10.124453
v 2.739993 13.446784 6.072774
v 2.728298 13.641996 6.058836
v 2.716604 13.837210 6.044900
v 7.678630 12.973191 1.944559
v 7.676212 13.169213 1.941677
v 7.673795 13.365235 1.938796
v 12.607836 12.849930 -2.194901
v 12.607836 13.045984 -2.194901
v 12.607836 13.242042 -2.194901
v 9.855516 12.849930 -5.474985
v 9.855516 13.045984 -5.474985
v 9.855516 13.242042 -5.474985
v 7.103200 12.849930 -8.755070
v 7.103200 13.045984 -8.755070
v 7.103200 13.242042 -8.755070
v 4.350883 12.849930 -12.035151
v 4.350883 13.045984 -12.035151
v 4.350883 13.242042 -12.035151
v -0.576801 12.726734 -7.893882
v -0.579218 12.922757 -7.896763
v -0.581636 13.118776 -7.899645
v -5.481331 12.254763 -3.725018
v -5.493025 12.449972 -3.738955
v -5.504720 12.645185 -3.752892
v -10.363581 11.787088 0.470398
v -10.384488 11.980433 0.445482
v -10.405396 12.173770 0.420565
v -15.223814 11.326261 4.692052
v -15.253820 11.516680 4.656291
v -15.283829 11.707099 4.620530
v -20.062416 10.874778 8.939487
v -20.101362 11.061239 8.893075
v -20.140301 11.247702 8.846663
v -24.879890 10.435099 13.212100
v -24.927557 10.616590 13.155293
v -24.975224 10.798080 13.098486
v -29.676851 10.009609 17.509169
v -29.732979 10.185145 17.442266
v -29.789114 10.360680 17.375374
v -34.454018 9.600627 21.829813
v -34.518318 9.769248 21.753187
v -34.582607 9.937874 21.676565
v -39.212242 9.210369 26.173042
v -39.284348 9.371167 26.087105
v -39.356449 9.531961 26.001177
v -44.095184 9.112162 30.367626
v -44.169258 9.270775 30.279346
v -44.243328 9.429392 30.191069
v -41.868515 11.628969 33.021271
v -41.942585 11.787584 32.932991
v -42.016666 11.946197 32.844711
v -39.641838 14.145773 35.674911
v -39.715916 14.304388 35.586639
v -39.789997 14.463001 35.498356
v -34.841850 14.431720 31.381468
v -37.099148 11.981842 28.691322
v -29.848230 14.306853 27.318771
v -32.215420 12.122365 24.497667
v -24.860701 14.175134 23.248827
v -27.324907 12.267904 20.312099
v -19.879559 14.037275 19.171261
v -22.427395 12.417680 16.134874
v -14.905087 13.894029 15.085752
v -17.522696 12.570865 11.966209
v -9.937513 13.746176 10.992021
v -12.610674 12.726634 7.806275
v -4.977045 13.594510 6.889822
v -7.691220 12.884139 3.655193
v -0.023838 13.439867 2.778969
v -2.764279 13.042525 -0.486961
v 4.921985 13.283084 -1.340684
v 2.170175 13.200931 -4.620165
v -36.954933 11.660249 28.863186
v -34.697639 14.110130 31.553329
v -32.086830 11.785116 24.650913
v -29.719641 13.969606 27.472021
v -27.212641 11.916837 20.445894
v -24.748432 13.824065 23.382620
v -22.332058 12.054697 16.248493
v -19.784224 13.674292 19.284880
v -17.444811 12.197942 12.059032
v -14.827200 13.521102 15.178576
v -12.550657 12.345796 7.877797
v -9.877501 13.365334 11.063540
v -7.649404 12.497458 3.705027
v -4.935229 13.207829 6.939655
v -2.740890 12.652102 -0.459087
v -0.000449 13.049444 2.806844
v 2.175010 12.808888 -4.614401
v 4.926821 12.891039 -1.334921
v -2.539579 31.676899 -2.501741
v -2.194674 31.511547 -2.851863
v -2.297045 31.511547 -2.929201
v -2.415944 31.511547 -2.977409
v -2.543268 31.511547 -2.993200
v -2.670341 31.511547 -2.975499
v -2.788504 31.511547 -2.925512
v -2.889702 31.511547 -2.846647
v -2.967040 31.511547 -2.744276
v -3.015248 31.511547 -2.625377
v -3.031039 31.511547 -2.498052
v -3.013338 31.511547 -2.370979
v -2.963351 31.511547 -2.252817
v -2.884485 31.511547 -2.151619
v -2.782115 31.511547 -2.074281
v -2.663215 31.511547 -2.026073
v -2.535891 31.511547 -2.010282
v -2.408818 31.511547 -2.027983
v -2.290655 31.511547 -2.077969
v -2.189458 31.511547 -2.156835
v -2.112119 31.511547 -2.259206
v -2.063912 31.511547 -2.378105
v -2.048120 31.511547 -2.505430
v -2.065821 31.511547 -2.632503
v -2.115808 31.511547 -2.750665
v -2.295694 31.601257 -2.749315
v -2.368081 31.601257 -2.804001
v -2.452156 31.601257 -2.838089
v -2.542188 31.601257 -2.849255
v -2.632042 31.601257 -2.836739
v -2.715595 31.601257 -2.801393
v -2.787154 31.601257 -2.745626
v -2.841840 31.601257 -2.673239
v -2.875927 31.601257 -2.589165
v -2.887094 31.601257 -2.499132
v -2.874577 31.601257 -2.409278
v -2.839231 31.601257 -2.325725
v -2.783465 31.601257 -2.254167
v -2.711077 31.601257 -2.199481
v -2.627003 31.601257 -2.165393
v -2.536971 31.601257 -2.154227
v -2.447117 31.601257 -2.166743
v -2.363564 31.601257 -2.202089
v -2.292006 31.601257 -2.257856
v -2.237319 31.601257 -2.330243
v -2.203232 31.601257 -2.414317
v -2.192065 31.601257 -2.504349
v -2.204582 31.601257 -2.594203
v -2.239928 31.601257 -2.677757
v -2.413335 31.657661 -2.629894
v -2.450805 31.657661 -2.658203
v -2.494326 31.657661 -2.675848
v -2.540930 31.657661 -2.681628
v -2.587441 31.657661 -2.675149
v -2.630692 31.657661 -2.656852
v -2.667733 31.657661 -2.627985
v -2.696041 31.657661 -2.590515
v -2.713686 31.657661 -2.546995
v -2.719466 31.657661 -2.500391
v -2.712987 31.657661 -2.453879
v -2.694691 31.657661 -2.410629
v -2.665824 31.657661 -2.373587
v -2.628354 31.657661 -2.345280
v -2.584833 31.657661 -2.327634
v -2.538230 31.657661 -2.321855
v -2.491717 31.657661 -2.328333
v -2.448467 31.657661 -2.346629
v -2.411426 31.657661 -2.375497
v -2.383118 31.657661 -2.412966
v -2.365473 31.657661 -2.456487
v -2.359694 31.657661 -2.503091
v -2.366172 31.657661 -2.549603
v -2.384468 31.657661 -2.592854
v 2.501741 31.676899 -2.539579
v 2.851863 31.511547 -2.194674
v 2.929201 31.511547 -2.297045
v 2.977409 31.511547 -2.415944
v 2.993200 31.511547 -2.543268
v 2.975499 31.511547 -2.670341
v 2.925512 31.511547 -2.788504
v 2.846647 31.511547 -2.889702
v 2.744276 31.511547 -2.967040
v 2.625377 31.511547 -3.015248
v 2.498052 31.511547 -3.031039
v 2.370979 31.511547 -3.013338
v 2.252817 31.511547 -2.963351
v 2.151619 31.511547 -2.884485
v 2.074281 31.511547 -2.782115
v 2.026073 31.511547 -2.663215
v 2.010282 31.511547 -2.535891
v 2.027983 31.511547 -2.408818
v 2.077969 31.511547 -2.290655
v 2.156835 31.511547 -2.189458
v 2.259206 31.511547 -2.112119
v 2.378105 31.511547 -2.063912
v 2.505430 31.511547 -2.048120
v 2.632503 31.511547 -2.065821
v 2.750665 31.511547 -2.115808
v 2.749315 31.601257 -2.295694
v 2.804001 31.601257 -2.368081
v 2.838089 31.601257 -2.452156
v 2.849255 31.601257 -2.542188
v 2.836739 31.601257 -2.632042
v 2.801393 31.601257 -2.715595
v 2.745626 31.601257 -2.787154
v 2.673239 31.601257 -2.841840
v 2.589165 31.601257 -2.875927
v 2.499132 31.601257 -2.887094
v 2.409278 31.601257 -2.874577
v 2.325725 31.601257 -2.839231
v 2.254167 31.601257 -2.783465
v 2.199481 31.601257 -2.711077
v 2.165393 31.601257 -2.627003
v 2.154227 31.601257 -2.536971
v 2.166743 31.601257 -2.447117
v 2.202089 31.601257 -2.363564
v 2.257856 31.601257 -2.292006
v 2.330243 31.601257 -2.237319
v 2.414317 31.601257 -2.203232
v 2.504349 31.601257 -2.192065
v 2.594203 31.601257 -2.204582
v 2.677757 31.601257 -2.239928
v 2.629894 31.657661 -2.413335
v 2.658203 31.657661 -2.450805
v 2.675848 31.657661 -2.494326
v 2.681628 31.657661 -2.540930
v 2.675149 31.657661 -2.587441
v 2.656852 31.657661 -2.630692
v 2.627985 31.657661 -2.667733
v 2.590515 31.657661 -2.696041
v 2.546995 31.657661 -2.713686
v 2.500391 31.657661 -2.719466
v 2.453879 31.657661 -2.712987
v 2.410629 31.657661 -2.694691
v 2.373587 31.657661 -2.665824
v 2.345280 31.657661 -2.628354
v 2.327634 31.657661 -2.584833
v 2.321855 31.657661 -2.538230
v 2.328333 31.657661 -2.491717
v 2.346629 31.657661 -2.448467
v 2.375497 31.657661 -2.411426
v 2.412966 31.657661 -2.383118
v 2.456487 31.657661 -2.365473
v 2.503091 31.657661 -2.359694
v 2.549603 31.657661 -2.366172
v 2.592854 31.657661 -2.384468
v 2.539579 31.676899 2.501741
v 2.194674 31.511547 2.851863
v 2.297045 31.511547 2.929201
v 2.415944 31.511547 2.977409
v 2.543268 31.511547 2.993200
v 2.670341 31.511547 2.975499
v 2.788504 31.511547 2.925512
v 2.889702 31.511547 2.846647
v 2.967040 31.511547 2.744276
v 3.015248 31.511547 2.625377
v 3.031039 31.511547 2.498052
v 3.013338 31.511547 2.370979
v 2.963351 31.511547 2.252817
v 2.884485 31.511547 2.151619
v 2.782115 31.511547 2.074281
v 2.663215 31.511547 2.026073
v 2.535891 31.511547 2.010282
v 2.408818 31.511547 2.027983
v 2.290655 31.511547 2.077969
v 2.189458 31.511547 2.156835
v 2.112119 31.511547 2.259206
v 2.063912 31.511547 2.378105
v 2.048120 31.511547 2.505430
v 2.065821 31.511547 2.632503
v 2.115808 31.511547 2.750665
v 2.295694 31.601257 2.749315
v 2.368081 31.601257 2.804001
v 2.452156 31.601257 2.838089
v 2.542188 31.601257 2.849255
v 2.632042 31.601257 2.836739
v 2.715595 31.601257 2.801393
v 2.787154 31.601257 2.745626
v 2.841840 31.601257 2.673239
v 2.875927 31.601257 2.589165
v 2.887094 31.601257 2.499132
v 2.874577 31.601257 2.409278
v 2.839231 31.601257 2.325725
v 2.783465 31.601257 2.254167
v 2.711077 31.601257 2.199481
v 2.627003 31.601257 2.165393
v 2.536971 31.601257 2.154227
v 2.447117 31.601257 2.166743
v 2.363564 31.601257 2.202089
v 2.292006 31.601257 2.257856
v 2.237319 31.601257 2.330243
v 2.203232 31.601257 2.414317
v 2.192065 31.601257 2.504349
v 2.204582 31.601257 2.594203
v 2.239928 31.601257 2.677757
v 2.413335 31.657661 2.629894
v 2.450805 31.657661 2.658203
v 2.494326 31.657661 2.675848
v 2.540930 31.657661 2.681628
v 2.587441 31.657661 2.675149
v 2.630692 31.657661 2.656852
v 2.667733 31.657661 2.627985
v 2.696041 31.657661 2.590515
v 2.713686 31.657661 2.546995
v 2.719466 31.657661 2.500391
v 2.712987 31.657661 2.453879
v 2.694691 31.657661 2.410629
v 2.665824 31.657661 2.373587
v 2.628354 31.657661 2.345280
v 2.584833 31.657661 2.327634
v 2.538230 31.657661 2.321855
v 2.491717 31.657661 2.328333
v 2.448467 31.657661 2.346629
v 2.411426 31.657661 2.375497
v 2.383118 31.657661 2.412966
v 2.365473 31.657661 2.456487
v 2.359694 31.657661 2.503091
v 2.366172 31.657661 2.549603
v 2.384468 31.657661 2.592854
v -2.501741 31.676899 2.539579
v -2.851863 31.511547 2.194674
v -2.929201 31.511547 2.297045
v -2.977409 31.511547 2.415944
v -2.993200 31.511547 2.543268
v -2.975499 31.511547 2.670341
v -2.925512 31.511547 2.788504
v -2.846647 31.511547 2.889702
v -2.744276 31.511547 2.967040
v -2.625377 31.511547 3.015248
v -2.498052 31.511547 3.031039
v -2.370979 31.511547 3.013338
v -2.252817 31.511547 2.963351
v -2.151619 31.511547 2.884485
v -2.074281 31.511547 2.782115
v -2.026073 31.511547 2.663215
v -2.010282 31.511547 2.535891
v -2.027983 31.511547 2.408818
v -2.077969 31.511547 2.290655
v -2.156835 31.511547 2.189458
v -2.259206 31.511547 2.112119
v -2.378105 31.511547 2.063912
v -2.505430 31.511547 2.048120
v -2.632503 31.511547 2.065821
v -2.750665 31.511547 2.115808
v -2.749315 31.601257 2.295694
v -2.804001 31.601257 2.368081
v -2.838089 31.601257 2.452156
v -2.849255 31.601257 2.542188
v -2.836739 31.601257 2.632042
v -2.801393 31.601257 2.715595
v -2.745626 31.601257 2.787154
v -2.673239 31.601257 2.841840
v -2.589165 31.601257 2.875927
v -2.499132 31.601257 2.887094
v -2.409278 31.601257 2.874577
v -2.325725 31.601257 2.839231
v -2.254167 31.601257 2.783465
v -2.199481 31.601257 2.711077
v -2.165393 31.601257 2.627003
v -2.154227 31.601257 2.536971
v -2.166743 31.601257 2.447117
v -2.202089 31.601257 2.363564
v -2.257856 31.601257 2.292006
v -2.330243 31.601257 2.237319
v -2.414317 31.601257 2.203232
v -2.504349 31.601257 2.192065
v -2.594203 31.601257 2.204582
v -2.677757 31.601257 2.239928
v -2.629894 31.657661 2.413335
v -2.658203 31.657661 2.450805
v -2.675848 31.657661 2.494326
v -2.681628 31.657661 2.540930
v -2.675149 31.657661 2.587441
v -2.656852 31.657661 2.630692
v -2.627985 31.657661 2.667733
v -2.590515 31.657661 2.696041
v -2.546995 31.657661 2.713686
v -2.500391 31.657661 2.719466
v -2.453879 31.657661 2.712987
v -2.410629 31.657661 2.694691
v -2.373587 31.657661 2.665824
v -2.345280 31.657661 2.628354
v -2.327634 31.657661 2.584833
v -2.321855 31.657661 2.538230
v -2.328333 31.657661 2.491717
v -2.346629 31.657661 2.448467
v -2.375497 31.657661 2.411426
v -2.412966 31.657661 2.383118
v -2.456487 31.657661 2.365473
v -2.503091 31.657661 2.359694
v -2.549603 31.657661 2.366172
v -2.592854 31.657661 2.384468
v -7.574023 26.394417 4.357708
v -7.574023 26.394417 -4.357708
v -56.882355 26.394417 -4.357708
v -56.882355 26.394417 4.357708
v -7.473568 26.421329 4.357708
v -7.473568 26.421329 -4.357708
v -7.487027 26.421329 -4.407935
v -7.523795 26.421329 -4.444705
v -7.574023 26.421329 -4.458163
v -56.882355 26.421329 -4.458163
v -56.932564 26.421329 -4.444705
v -56.969349 26.421329 -4.407935
v -56.982811 26.421329 -4.357708
v -56.982811 26.421329 4.357708
v -56.969349 26.421329 4.407935
v -56.932564 26.421329 4.444705
v -56.882355 26.421329 4.458163
v -7.574023 26.421329 4.458163
v -7.523795 26.421329 4.444705
v -7.487027 26.421329 4.407935
v -7.400029 26.494873 4.357708
v -7.400029 26.494873 -4.357708
v -7.423340 26.494873 -4.444705
v -7.487027 26.494873 -4.508391
v -7.574023 26.494873 -4.531701
v -56.882355 26.494873 -4.531701
v -56.969349 26.494873 -4.508391
v -57.033031 26.494873 -4.444705
v -57.056355 26.494873 -4.357708
v -57.056355 26.494873 4.357708
v -57.033031 26.494873 4.444705
v -56.969349 26.494873 4.508391
v -56.882355 26.494873 4.531701
v -7.574023 26.494873 4.531701
v -7.487027 26.494873 4.508391
v -7.423340 26.494873 4.444705
v -7.373114 26.595325 4.357708
v -7.373114 26.595325 -4.357708
v -7.400029 26.595325 -4.458163
v -7.473568 26.595325 -4.531701
v -7.574023 26.595325 -4.558618
v -56.882355 26.595325 -4.558618
v -56.982811 26.595325 -4.531701
v -57.056355 26.595325 -4.458163
v -57.083260 26.595325 -4.357708
v -57.083260 26.595325 4.357708
v -57.056355 26.595325 4.458163
v -56.982811 26.595325 4.531701
v -56.882355 26.595325 4.558618
v -7.574023 26.595325 4.558618
v -7.473568 26.595325 4.531701
v -7.400029 26.595325 4.458163
v -7.373114 28.294937 4.357708
v -7.373114 28.294937 -4.357708
v -7.400029 28.294937 -4.458163
v -7.473568 28.294937 -4.531701
v -7.574023 28.294937 -4.558618
v -56.882355 28.294937 -4.558618
v -56.982811 28.294937 -4.531701
v -57.056355 28.294937 -4.458163
v -57.083260 28.294937 -4.357708
v -57.083260 28.294937 4.357708
v -57.056355 28.294937 4.458163
v -56.982811 28.294937 4.531701
v -56.882355 28.294937 4.558618
v -7.574023 28.294937 4.558618
v -7.473568 28.294937 4.531701
v -7.400029 28.294937 4.458163
v -7.400029 28.395393 4.357708
v -7.400029 28.395393 -4.357708
v -7.423340 28.395393 -4.444705
v -7.487027 28.395393 -4.508391
v -7.574023 28.395393 -4.531701
v -56.882355 28.395393 -4.531701
v -56.969349 28.395393 -4.508391
v -57.033031 28.395393 -4.444705
v -57.056355 28.395393 -4.357708
v -57.056355 28.395393 4.357708
v -57.033031 28.395393 4.444705
v -56.969349 28.395393 4.508391
v -56.882355 28.395393 4.531701
v -7.574023 28.395393 4.531701
v -7.487027 28.395393 4.508391
v -7.423340 28.395393 4.444705
v -7.473568 28.468929 4.357708
v -7.473568 28.468929 -4.357708
v -7.487027 28.468929 -4.407935
v -7.523795 28.468929 -4.444705
v -7.574023 28.468929 -4.458163
v -56.882355 28.468929 -4.458163
v -56.932564 28.468929 -4.444705
v -56.969349 28.468929 -4.407935
v -56.982811 28.468929 -4.357708
v -56.982811 28.468929 4.357708
v -56.969349 28.468929 4.407935
v -56.932564 28.468929 4.444705
v -56.882355 28.468929 4.458163
v -7.574023 28.468929 4.458163
v -7.523795 28.468929 4.444705
v -7.487027 28.468929 4.407935
v -7.574023 28.495846 4.357708
v -7.574023 28.495846 -4.357708
v -56.882355 28.495846 -4.357708
v -56.882355 28.495846 4.357708
v 0.013126 26.394417 -8.738151
v 7.560897 26.394417 -4.380443
v 32.215061 26.394417 -47.082703
v 24.667290 26.394417 -51.440414
v -0.037101 26.421329 -8.651153
v 7.510670 26.421329 -4.293447
v 7.560897 26.421329 -4.279988
v 7.611125 26.421329 -4.293447
v 7.647894 26.421329 -4.330215
v 32.302052 26.421329 -47.032478
v 32.315517 26.421329 -47.082703
v 32.302052 26.421329 -47.132923
v 32.265282 26.421329 -47.169693
v 24.717516 26.421329 -51.527409
v 24.667290 26.421329 -51.540863
v 24.617058 26.421329 -51.527409
v 24.580290 26.421329 -51.490643
v -0.073871 26.421329 -8.788379
v -0.087329 26.421329 -8.738151
v -0.073871 26.421329 -8.687923
v -0.073871 26.494873 -8.587467
v 7.473899 26.494873 -4.229759
v 7.560897 26.494873 -4.206449
v 7.647894 26.494873 -4.229759
v 7.711580 26.494873 -4.293447
v 32.365742 26.494873 -46.995701
v 32.389057 26.494873 -47.082703
v 32.365742 26.494873 -47.169693
v 32.302052 26.494873 -47.233383
v 24.754280 26.494873 -51.591087
v 24.667290 26.494873 -51.614418
v 24.580290 26.494873 -51.591087
v 24.516605 26.494873 -51.527409
v -0.137557 26.494873 -8.825150
v -0.160868 26.494873 -8.738151
v -0.137557 26.494873 -8.651153
v -0.087329 26.595325 -8.564157
v 7.460442 26.595325 -4.206449
v 7.560897 26.595325 -4.179532
v 7.661354 26.595325 -4.206449
v 7.734891 26.595325 -4.279988
v 32.389057 26.595325 -46.982246
v 32.415970 26.595325 -47.082703
v 32.389057 26.595325 -47.183167
v 32.315517 26.595325 -47.256699
v 24.767742 26.595325 -51.614418
v 24.667290 26.595325 -51.641323
v 24.566835 26.595325 -51.614418
v 24.493298 26.595325 -51.540863
v -0.160868 26.595325 -8.838606
v -0.187784 26.595325 -8.738151
v -0.160868 26.595325 -8.637694
v -0.087329 28.294937 -8.564157
v 7.460442 28.294937 -4.206449
v 7.560897 28.294937 -4.179532
v 7.661354 28.294937 -4.206449
v 7.734891 28.294937 -4.279988
v 32.389057 28.294937 -46.982246
v 32.415970 28.294937 -47.082703
v 32.389057 28.294937 -47.183167
v 32.315517 28.294937 -47.256699
v 24.767742 28.294937 -51.614418
v 24.667290 28.294937 -51.641323
v 24.566835 28.294937 -51.614418
v 24.493298 28.294937 -51.540863
v -0.160868 28.294937 -8.838606
v -0.187784 28.294937 -8.738151
v -0.160868 28.294937 -8.637694
v -0.073871 28.395393 -8.587467
v 7.473899 28.395393 -4.229759
v 7.560897 28.395393 -4.206449
v 7.647894 28.395393 -4.229759
v 7.711580 28.395393 -4.293447
v 32.365742 28.395393 -46.995701
v 32.389057 28.395393 -47.082703
v 32.365742 28.395393 -47.169693
v 32.302052 28.395393 -47.233383
v 24.754280 28.395393 -51.591087
v 24.667290 28.395393 -51.614418
v 24.580290 28.395393 -51.591087
v 24.516605 28.395393 -51.527409
v -0.137557 28.395393 -8.825150
v -0.160868 28.395393 -8.738151
v -0.137557 28.395393 -8.651153
v -0.037101 28.468929 -8.651153
v 7.510670 28.468929 -4.293447
v 7.560897 28.468929 -4.279988
v 7.611125 28.468929 -4.293447
v 7.647894 28.468929 -4.330215
v 32.302052 28.468929 -47.032478
v 32.315517 28.468929 -47.082703
v 32.302052 28.468929 -47.132923
v 32.265282 28.468929 -47.169693
v 24.717516 28.468929 -51.527409
v 24.667290 28.468929 -51.540863
v 24.617058 28.468929 -51.527409
v 24.580290 28.468929 -51.490643
v -0.073871 28.468929 -8.788379
v -0.087329 28.468929 -8.738151
v -0.073871 28.468929 -8.687923
v 0.013126 28.495846 -8.738151
v 7.560897 28.495846 -4.380443
v 32.215061 28.495846 -47.082703
v 24.667290 28.495846 -51.440414
v 7.560897 26.394417 4.380443
v 0.013126 26.394417 8.738151
v 24.667290 26.394417 51.440414
v 32.215061 26.394417 47.082703
v 7.510670 26.421329 4.293447
v -0.037101 26.421329 8.651153
v -0.073871 26.421329 8.687923
v -0.087329 26.421329 8.738151
v -0.073871 26.421329 8.788379
v 24.580290 26.421329 51.490643
v 24.617058 26.421329 51.527409
v 24.667290 26.421329 51.540863
v 24.717516 26.421329 51.527409
v 32.265282 26.421329 47.169693
v 32.302052 26.421329 47.132923
v 32.315517 26.421329 47.082703
v 32.302052 26.421329 47.032478
v 7.647894 26.421329 4.330215
v 7.611125 26.421329 4.293447
v 7.560897 26.421329 4.279988
v 7.473899 26.494873 4.229759
v -0.073871 26.494873 8.587467
v -0.137557 26.494873 8.651153
v -0.160868 26.494873 8.738151
v -0.137557 26.494873 8.825150
v 24.516605 26.494873 51.527409
v 24.580290 26.494873 51.591087
v 24.667290 26.494873 51.614418
v 24.754280 26.494873 51.591087
v 32.302052 26.494873 47.233383
v 32.365742 26.494873 47.169693
v 32.389057 26.494873 47.082703
v 32.365742 26.494873 46.995701
v 7.711580 26.494873 4.293447
v 7.647894 26.494873 4.229759
v 7.560897 26.494873 4.206449
v 7.460442 26.595325 4.206449
v -0.087329 26.595325 8.564157
v -0.160868 26.595325 8.637694
v -0.187784 26.595325 8.738151
v -0.160868 26.595325 8.838606
v 24.493298 26.595325 51.540863
v 24.566835 26.595325 51.614418
v 24.667290 26.595325 51.641323
v 24.767742 26.595325 51.614418
v 32.315517 26.595325 47.256699
v 32.389057 26.595325 47.183167
v 32.415970 26.595325 47.082703
v 32.389057 26.595325 46.982246
v 7.734891 26.595325 4.279988
v 7.661354 26.595325 4.206449
v 7.560897 26.595325 4.179532
v 7.460442 28.294937 4.206449
v -0.087329 28.294937 8.564157
v -0.160868 28.294937 8.637694
v -0.187784 28.294937 8.738151
v -0.160868 28.294937 8.838606
v 24.493298 28.294937 51.540863
v 24.566835 28.294937 51.614418
v 24.667290 28.294937 51.641323
v 24.767742 28.294937 51.614418
v 32.315517 28.294937 47.256699
v 32.389057 28.294937 47.183167
v 32.415970 28.294937 47.082703
v 32.389057 28.294937 46.982246
v 7.734891 28.294937 4.279988
v 7.661354 28.294937 4.206449
v 7.560897 28.294937 4.179532
v 7.473899 28.395393 4.229759
v -0.073871 28.395393 8.587467
v -0.137557 28.395393 8.651153
v -0.160868 28.395393 8.738151
v -0.137557 28.395393 8.825150
v 24.516605 28.395393 51.527409
v 24.580290 28.395393 51.591087
v 24.667290 28.395393 51.614418
v 24.754280 28.395393 51.591087
v 32.302052 28.395393 47.233383
v 32.365742 28.395393 47.169693
v 32.389057 28.395393 47.082703
v 32.365742 28.395393 46.995701
v 7.711580 28.395393 4.293447
v 7.647894 28.395393 4.229759
v 7.560897 28.395393 4.206449
v 7.510670 28.468929 4.293447
v -0.037101 28.468929 8.651153
v -0.073871 28.468929 8.687923
v -0.087329 28.468929 8.738151
v -0.073871 28.468929 8.788379
v 24.580290 28.468929 51.490643
v 24.617058 28.468929 51.527409
v 24.667290 28.468929 51.540863
v 24.717516 28.468929 51.527409
v 32.265282 28.468929 47.169693
v 32.302052 28.468929 47.132923
v 32.315517 28.468929 47.082703
v 32.302052 28.468929 47.032478
v 7.647894 28.468929 4.330215
v 7.611125 28.468929 4.293447
v 7.560897 28.468929 4.279988
v 7.560897 28.495846 4.380443
v 0.013126 28.495846 8.738151
v 24.667290 28.495846 51.440414
v 32.215061 28.495846 47.082703
v 0.000000 5.125771 0.000000
v 0.000000 21.489378 0.000000
v 0.000000 5.125771 -15.437444
v 0.000000 19.167166 -15.437444
v -2.680684 5.125771 -15.202912
v -2.680684 19.167166 -15.202912
v -5.279917 5.125771 -14.506452
v -5.279917 19.167166 -14.506452
v -7.718722 5.125771 -13.369219
v -7.718722 19.167166 -13.369219
v -9.922996 5.125771 -11.825765
v -9.922996 19.167166 -11.825765
v -11.825765 5.125771 -9.922996
v -11.825765 19.167166 -9.922996
v -13.369219 5.125771 -7.718722
v -13.369219 19.167166 -7.718722
v -14.506452 5.125771 -5.279917
v -14.506452 19.167166 -5.279917
v -15.202912 5.125771 -2.680684
v -15.202912 19.167166 -2.680684
v -15.437444 5.125771 0.000000
v -15.437444 19.167166 0.000000
v -15.202912 5.125771 2.680684
v -15.202912 19.167166 2.680684
v -14.506452 5.125771 5.279917
v -14.506452 19.167166 5.279917
v -13.369219 5.125771 7.718722
v -13.369219 19.167166 7.718722
v -11.825765 5.125771 9.922996
v -11.825765 19.167166 9.922996
v -9.922996 5.125771 11.825765
v -9.922996 19.167166 11.825765
v -7.718722 5.125771 13.369219
v -7.718722 19.167166 13.369219
v -5.279917 5.125771 14.506452
v -5.279917 19.167166 14.506452
v -2.680684 5.125771 15.202912
v -2.680684 19.167166 15.202912
v 0.000000 5.125771 15.437444
v 0.000000 19.167166 15.437444
v 2.680684 5.125771 15.202912
v 2.680684 19.167166 15.202912
v 5.279917 5.125771 14.506452
v 5.279917 19.167166 14.506452
v 7.718722 5.125771 13.369219
v 7.718722 19.167166 13.369219
v 9.922996 5.125771 11.825765
v 9.922996 19.167166 11.825765
v 11.825765 5.125771 9.922996
v 11.825765 19.167166 9.922996
v 13.369219 5.125771 7.718722
v 13.369219 19.167166 7.718722
v 14.506452 5.125771 5.279917
v 14.506452 19.167166 5.279917
v 15.202912 5.125771 2.680684
v 15.202912 19.167166 2.680684
v 15.437444 5.125771 0.000000
v 15.437444 19.167166 0.000000
v 15.202912 5.125771 -2.680684
v 15.202912 19.167166 -2.680684
v 14.506452 5.125771 -5.279917
v 14.506452 19.167166 -5.279917
v 13.369219 5.125771 -7.718722
v 13.369219 19.167166 -7.718722
v 11.825765 5.125771 -9.922996
v 11.825765 19.167166 -9.922996
v 9.922996 5.125771 -11.825765
v 9.922996 19.167166 -11.825765
v 7.718722 5.125771 -13.369219
v 7.718722 19.167166 -13.369219
v 5.279917 5.125771 -14.506452
v 5.279917 19.167166 -14.506452
v 2.680684 5.125771 -15.202912
v 2.680684 19.167166 -15.202912
v 0.000000 21.489378 -15.051510
v -2.613667 21.489378 -14.822839
v -5.147919 21.489378 -14.143791
v -7.525754 21.489378 -13.034990
v -9.674922 21.489378 -11.530122
v -11.530122 21.489378 -9.674922
v -13.034990 21.489378 -7.525754
v -14.143791 21.489378 -5.147919
v -14.822839 21.489378 -2.613667
v -15.051510 21.489378 0.000000
v -14.822839 21.489378 2.613667
v -14.143791 21.489378 5.147919
v -13.034990 21.489378 7.525754
v -11.530122 21.489378 9.674922
v -9.674922 21.489378 11.530122
v -7.525754 21.489378 13.034990
v -5.147919 21.489378 14.143791
v -2.613667 21.489378 14.822839
v 0.000000 21.489378 15.051510
v 2.613667 21.489378 14.822839
v 5.147919 21.489378 14.143791
v 7.525754 21.489378 13.034990
v 9.674922 21.489378 11.530122
v 11.530122 21.489378 9.674922
v 13.034990 21.489378 7.525754
v 14.143791 21.489378 5.147919
v 14.822839 21.489378 2.613667
v 15.051510 21.489378 0.000000
v 14.822839 21.489378 -2.613667
v 14.143791 21.489378 -5.147919
v 13.034990 21.489378 -7.525754
v 11.530122 21.489378 -9.674922
v 9.674922 21.489378 -11.530122
v 7.525754 21.489378 -13.034990
v 5.147919 21.489378 -14.143791
v 2.613667 21.489378 -14.822839
v 0.000000 5.125771 -19.427092
v 0.000000 19.167166 -19.427092
v -3.373480 5.125771 -19.131952
v -3.373480 19.167166 -19.131952
v -6.644456 5.125771 -18.255499
v -6.644456 19.167166 -18.255499
v -9.713546 5.125771 -16.824356
v -9.713546 19.167166 -16.824356
v -12.487494 5.125771 -14.882018
v -12.487494 19.167166 -14.882018
v -14.882018 5.125771 -12.487494
v -14.882018 19.167166 -12.487494
v -16.824356 5.125771 -9.713546
v -16.824356 19.167166 -9.713546
v -18.255499 5.125771 -6.644456
v -18.255499 19.167166 -6.644456
v -19.131952 5.125771 -3.373480
v -19.131952 19.167166 -3.373480
v -19.427092 5.125771 0.000000
v -19.427092 19.167166 0.000000
v -19.131952 5.125771 3.373480
v -19.131952 19.167166 3.373480
v -18.255499 5.125771 6.644456
v -18.255499 19.167166 6.644456
v -16.824356 5.125771 9.713546
v -16.824356 19.167166 9.713546
v -14.882018 5.125771 12.487494
v -14.882018 19.167166 12.487494
v -12.487494 5.125771 14.882018
v -12.487494 19.167166 14.882018
v -9.713546 5.125771 16.824356
v -9.713546 19.167166 16.824356
v -6.644456 5.125771 18.255499
v -6.644456 19.167166 18.255499
v -3.373480 5.125771 19.131952
v -3.373480 19.167166 19.131952
v 0.000000 5.125771 19.427092
v 0.000000 19.167166 19.427092
v 3.373480 5.125771 19.131952
v 3.373480 19.167166 19.131952
v 6.644456 5.125771 18.255499
v 6.644456 19.167166 18.255499
v 9.713546 5.125771 16.824356
v 9.713546 19.167166 16.824356
v 12.487494 5.125771 14.882018
v 12.487494 19.167166 14.882018
v 14.882018 5.125771 12.487494
v 14.882018 19.167166 12.487494
v 16.824356 5.125771 9.713546
v 16.824356 19.167166 9.713546
v 18.255499 5.125771 6.644456
v 18.255499 19.167166 6.644456
v 19.131952 5.125771 3.373480
v 19.131952 19.167166 3.373480
v 19.427092 5.125771 0.000000
v 19.427092 19.167166 0.000000
v 19.131952 5.125771 -3.373480
v 19.131952 19.167166 -3.373480
v 18.255499 5.125771 -6.644456
v 18.255499 19.167166 -6.644456
v 16.824356 5.125771 -9.713546
v 16.824356 19.167166 -9.713546
v 14.882018 5.125771 -12.487494
v 14.882018 19.167166 -12.487494
v 12.487494 5.125771 -14.882018
v 12.487494 19.167166 -14.882018
v 9.713546 5.125771 -16.824356
v 9.713546 19.167166 -16.824356
v 6.644456 5.125771 -18.255499
v 6.644456 19.167166 -18.255499
v 3.373480 5.125771 -19.131952
v 3.373480 19.167166 -19.131952
v 0.000000 21.074068 0.000000
v 0.000000 30.353329 0.000000
v 0.000000 21.074068 -8.905235
v 0.000000 30.353329 -8.905235
v -1.546378 21.074068 -8.769944
v -1.546378 30.353329 -8.769944
v -3.045769 21.074068 -8.368181
v -3.045769 30.353329 -8.368181
v -4.452618 21.074068 -7.712159
v -4.452618 30.353329 -7.712159
v -5.724174 21.074068 -6.821805
v -5.724174 30.353329 -6.821805
v -6.821805 21.074068 -5.724174
v -6.821805 30.353329 -5.724174
v -7.712159 21.074068 -4.452618
v -7.712159 30.353329 -4.452618
v -8.368181 21.074068 -3.045769
v -8.368181 30.353329 -3.045769
v -8.769944 21.074068 -1.546378
v -8.769944 30.353329 -1.546378
v -8.905235 21.074068 0.000000
v -8.905235 30.353329 0.000000
v -8.769944 21.074068 1.546378
v -8.769944 30.353329 1.546378
v -8.368181 21.074068 3.045769
v -8.368181 30.353329 3.045769
v -7.712159 21.074068 4.452618
v -7.712159 30.353329 4.452618
v -6.821805 21.074068 5.724174
v -6.821805 30.353329 5.724174
v -5.724174 21.074068 6.821805
v -5.724174 30.353329 6.821805
v -4.452618 21.074068 7.712159
v -4.452618 30.353329 7.712159
v -3.045769 21.074068 8.368181
v -3.045769 30.353329 8.368181
v -1.546378 21.074068 8.769944
v -1.546378 30.353329 8.769944
v 0.000000 21.074068 8.905235
v 0.000000 30.353329 8.905235
v 1.546378 21.074068 8.769944
v 1.546378 30.353329 8.769944
v 3.045769 21.074068 8.368181
v 3.045769 30.353329 8.368181
v 4.452618 21.074068 7.712159
v 4.452618 30.353329 7.712159
v 5.724174 21.074068 6.821805
v 5.724174 30.353329 6.821805
v 6.821805 21.074068 5.724174
v 6.821805 30.353329 5.724174
v 7.712159 21.074068 4.452618
v 7.712159 30.353329 4.452618
v 8.368181 21.074068 3.045769
v 8.368181 30.353329 3.045769
v 8.769944 21.074068 1.546378
v 8.769944 30.353329 1.546378
v 8.905235 21.074068 0.000000
v 8.905235 30.353329 0.000000
v 8.769944 21.074068 -1.546378
v 8.769944 30.353329 -1.546378
v 8.368181 21.074068 -3.045769
v 8.368181 30.353329 -3.045769
v 7.712159 21.074068 -4.452618
v 7.712159 30.353329 -4.452618
v 6.821805 21.074068 -5.724174
v 6.821805 30.353329 -5.724174
v 5.724174 21.074068 -6.821805
v 5.724174 30.353329 -6.821805
v 4.452618 21.074068 -7.712159
v 4.452618 30.353329 -7.712159
v 3.045769 21.074068 -8.368181
v 3.045769 30.353329 -8.368181
v 1.546378 21.074068 -8.769944
v 1.546378 30.353329 -8.769944
v 63.943420 7.149234 6.018189
v 67.093971 7.179338 6.018189
v 70.332985 7.519140 -5.333620
v 74.971931 6.043074 6.018189
v 74.322746 6.818137 -5.333620
v 75.223854 6.520597 -5.333620
v 76.028252 6.167986 -5.333620
v 77.071167 4.696975 6.018189
v 76.761238 5.729272 -5.333620
v 77.767929 3.725297 6.018189
v 78.753777 0.940452 6.018189
v 77.893967 4.607366 -5.333620
v 78.319435 3.956073 -5.333620
v 63.943420 -3.622474 6.018189
v 79.039467 2.277236 -5.333620
v 70.263535 6.999104 6.018189
v 72.583061 6.680285 6.018189
v 74.130684 6.320848 6.018189
v 75.723701 5.713531 6.018189
v 75.951012 5.591445 6.018189
v 76.366333 5.327974 6.018189
v 67.110992 7.702354 5.404577
v 76.736099 5.031196 6.018189
v 77.373192 4.329532 6.018189
v 78.097733 3.070036 6.018189
v 75.223854 6.520597 5.404577
v 76.028252 6.167986 5.404577
v 76.298370 6.022911 5.404577
v 76.761238 5.729272 5.404577
v 78.446159 2.141585 6.018189
v 77.556877 5.017455 5.404577
v 78.992386 -0.698759 6.018189
v 79.073082 -2.774581 6.018189
v 79.038254 -3.622474 6.018189
v 79.039467 2.277236 5.404577
v 79.359268 1.028543 5.404577
v 63.509525 7.514802 5.838466
v 67.106010 7.549165 5.838466
v 79.630753 -4.145294 5.404577
v 70.312645 7.366825 5.838466
v 63.329803 7.666225 -5.333620
v 67.110992 7.702354 -5.333620
v 72.674927 7.042129 5.838466
v 72.712982 7.192007 -5.333620
v 74.266495 6.672484 5.838466
v 75.150085 6.380734 5.838466
v 75.939049 6.034879 5.838466
v 76.298370 6.022911 -5.333620
v 76.196609 5.896536 5.838466
v 77.181053 5.392322 -5.333620
v 77.556877 5.017455 -5.333620
v 76.645569 5.611735 5.838466
v 77.050743 5.286551 5.838466
v 78.673248 3.253098 -5.333620
v 77.414612 4.923588 5.838466
v 79.359268 1.028543 -5.333620
v 79.604736 -0.657845 -5.333620
v 79.687057 -2.775072 -5.333620
v 79.630753 -4.145294 -5.333620
v 63.329803 -4.145294 -5.333620
v 63.376518 7.626873 -5.568438
v 67.109695 7.662541 -5.568438
v 70.327682 7.479555 -5.568438
v 72.703094 7.153057 -5.568438
v 74.308136 6.780282 -5.568438
v 75.204681 6.484250 -5.568438
v 76.005058 6.133393 -5.568438
v 76.271919 5.990068 -5.568438
v 76.731194 5.698725 -5.568438
v 77.147194 5.364833 -5.568438
v 77.519913 4.993060 -5.568438
v 77.854324 4.586215 -5.568438
v 78.277451 3.938506 -5.568438
v 78.629433 3.239163 -5.568438
v 78.994316 2.266911 -5.568438
v 79.313164 1.021836 -5.568438
v 79.558136 -0.660960 -5.568438
v 79.640320 -2.775035 -5.568438
v 79.585670 -4.105497 -5.568438
v 63.376518 -4.105497 -5.568438
v 63.509525 7.514802 -5.767509
v 67.106010 7.549165 -5.767509
v 70.312645 7.366825 -5.767509
v 72.674927 7.042129 -5.767509
v 74.266495 6.672484 -5.767509
v 75.150085 6.380734 -5.767509
v 75.939049 6.034879 -5.767509
v 76.196609 5.896536 -5.767509
v 76.645569 5.611735 -5.767509
v 77.050743 5.286551 -5.767509
v 77.414612 4.923588 -5.767509
v 77.741432 4.525989 -5.767509
v 78.157913 3.888480 -5.767509
v 78.504692 3.199480 -5.767509
v 78.865685 2.237505 -5.767509
v 79.181915 1.002741 -5.767509
v 79.425385 -0.669829 -5.767509
v 79.507225 -2.774928 -5.767509
v 79.457222 -3.992164 -5.767509
v 63.509525 -3.992164 -5.767509
v 63.708595 7.347078 -5.900524
v 67.100479 7.379487 -5.900524
v 70.290108 7.198113 -5.900524
v 72.632774 6.876112 -5.900524
v 74.204185 6.511153 -5.900524
v 75.068344 6.225814 -5.900524
v 75.840256 5.887442 -5.900524
v 76.083939 5.756559 -5.900524
v 76.517456 5.481544 -5.900524
v 76.906387 5.169392 -5.900524
v 77.257042 4.819617 -5.900524
v 77.572479 4.435853 -5.900524
v 77.978989 3.813612 -5.900524
v 78.317955 3.140091 -5.900524
v 78.673210 2.193497 -5.900524
v 78.985481 0.974162 -5.900524
v 79.226723 -0.683102 -5.900524
v 79.308044 -2.774769 -5.900524
v 79.264999 -3.822549 -5.900524
v 63.708595 -3.822549 -5.900524
v 77.741432 4.525989 5.838466
v 67.093971 7.179338 -5.947231
v 78.157913 3.888480 5.838466
v 78.504692 3.199480 5.838466
v 78.865685 2.237505 5.838466
v 74.971931 6.043074 -5.947231
v 75.723701 5.713531 -5.947231
v 79.181915 1.002741 5.838466
v 79.425385 -0.669829 5.838466
v 76.736099 5.031196 -5.947231
v 77.071167 4.696975 -5.947231
v 77.373192 4.329532 -5.947231
v 79.507225 -2.774928 5.838466
v 78.097733 3.070036 -5.947231
v 79.457222 -3.992164 5.838466
v 78.753777 0.940452 -5.947231
v 78.992386 -0.698759 -5.947231
v 63.509525 -3.992164 5.838466
v 79.038254 -3.622474 -5.947231
v 63.943420 -3.622474 -5.947231
v 63.943420 7.149234 -5.947231
v 63.708595 7.347078 5.971480
v 70.263535 6.999104 -5.947231
v 72.583061 6.680285 -5.947231
v 74.130684 6.320848 -5.947231
v 67.100479 7.379487 5.971480
v 70.290108 7.198113 5.971480
v 75.951012 5.591445 -5.947231
v 76.366333 5.327974 -5.947231
v 72.632774 6.876112 5.971480
v 74.204185 6.511153 5.971480
v 75.068344 6.225814 5.971480
v 77.767929 3.725297 -5.947231
v 75.840256 5.887442 5.971480
v 78.446159 2.141585 -5.947231
v 76.083939 5.756559 5.971480
v 76.517456 5.481544 5.971480
v 79.073082 -2.774581 -5.947231
v 76.906387 5.169392 5.971480
v 77.257042 4.819617 5.971480
v 63.329803 7.666225 5.404577
v 77.572479 4.435853 5.971480
v 70.332985 7.519140 5.404577
v 72.712982 7.192007 5.404577
v 74.322746 6.818137 5.404577
v 77.978989 3.813612 5.971480
v 78.317955 3.140091 5.971480
v 78.673210 2.193497 5.971480
v 78.985481 0.974162 5.971480
v 77.181053 5.392322 5.404577
v 79.226723 -0.683102 5.971480
v 77.893967 4.607366 5.404577
v 78.319435 3.956073 5.404577
v 78.673248 3.253098 5.404577
v 79.308044 -2.774769 5.971480
v 79.264999 -3.822549 5.971480
v 79.604736 -0.657845 5.404577
v 79.687057 -2.775072 5.404577
v 63.708595 -3.822549 5.971480
v 63.329803 -4.145294 5.404577
v 63.376518 7.626873 5.639398
v 67.109695 7.662541 5.639398
v 70.327682 7.479555 5.639398
v 72.703094 7.153057 5.639398
v 74.308136 6.780282 5.639398
v 75.204681 6.484250 5.639398
v 76.005058 6.133393 5.639398
v 76.271919 5.990068 5.639398
v 76.731194 5.698725 5.639398
v 77.147194 5.364833 5.639398
v 77.519913 4.993060 5.639398
v 77.854324 4.586215 5.639398
v 78.277451 3.938506 5.639398
v 78.629433 3.239163 5.639398
v 78.994316 2.266911 5.639398
v 79.313164 1.021836 5.639398
v 79.558136 -0.660960 5.639398
v 79.640320 -2.775035 5.639398
v 79.585670 -4.105497 5.639398
v 63.376518 -4.105497 5.639398
v -63.943420 7.149234 -5.744748
v -67.093971 7.179338 -5.744748
v -70.332985 7.519140 5.607061
v -74.971931 6.043074 -5.744748
v -74.322746 6.818137 5.607061
v -75.223854 6.520597 5.607061
v -76.028252 6.167986 5.607061
v -77.071167 4.696975 -5.744748
v -76.761238 5.729272 5.607061
v -77.767929 3.725297 -5.744748
v -78.753777 0.940452 -5.744748
v -77.893967 4.607366 5.607061
v -78.319435 3.956073 5.607061
v -63.943420 -3.622474 -5.744748
v -79.039467 2.277236 5.607061
v -70.263535 6.999104 -5.744748
v -72.583061 6.680285 -5.744748
v -74.130684 6.320848 -5.744748
v -75.723701 5.713531 -5.744748
v -75.951012 5.591445 -5.744748
v -76.366333 5.327974 -5.744748
v -67.110992 7.702354 -5.131136
v -76.736099 5.031196 -5.744748
v -77.373192 4.329532 -5.744748
v -78.097733 3.070036 -5.744748
v -75.223854 6.520597 -5.131136
v -76.028252 6.167986 -5.131136
v -76.298370 6.022911 -5.131136
v -76.761238 5.729272 -5.131136
v -78.446159 2.141585 -5.744748
v -77.556877 5.017455 -5.131136
v -78.992386 -0.698759 -5.744748
v -79.073082 -2.774581 -5.744748
v -79.038254 -3.622474 -5.744748
v -79.039467 2.277236 -5.131136
v -79.359268 1.028543 -5.131136
v -63.509525 7.514802 -5.565025
v -67.106010 7.549165 -5.565025
v -79.630753 -4.145294 -5.131136
v -70.312645 7.366825 -5.565025
v -63.329803 7.666225 5.607061
v -67.110992 7.702354 5.607061
v -72.674927 7.042129 -5.565025
v -72.712982 7.192007 5.607061
v -74.266495 6.672484 -5.565025
v -75.150085 6.380734 -5.565025
v -75.939049 6.034879 -5.565025
v -76.298370 6.022911 5.607061
v -76.196609 5.896536 -5.565025
v -77.181053 5.392322 5.607061
v -77.556877 5.017455 5.607061
v -76.645569 5.611735 -5.565025
v -77.050743 5.286551 -5.565025
v -78.673248 3.253098 5.607061
v -77.414612 4.923588 -5.565025
v -79.359268 1.028543 5.607061
v -79.604736 -0.657845 5.607061
v -79.687057 -2.775072 5.607061
v -79.630753 -4.145294 5.607061
v -63.329803 -4.145294 5.607061
v -63.376518 7.626873 5.841880
v -67.109695 7.662541 5.841880
v -70.327682 7.479555 5.841880
v -72.703094 7.153057 5.841880
v -74.308136 6.780282 5.841880
v -75.204681 6.484250 5.841880
v -76.005058 6.133393 5.841880
v -76.271919 5.990068 5.841880
v -76.731194 5.698725 5.841880
v -77.147194 5.364833 5.841880
v -77.519913 4.993060 5.841880
v -77.854324 4.586215 5.841880
v -78.277451 3.938506 5.841880
v -78.629433 3.239163 5.841880
v -78.994316 2.266911 5.841880
v -79.313164 1.021836 5.841880
v -79.558136 -0.660960 5.841880
v -79.640320 -2.775035 5.841880
v -79.585670 -4.105497 5.841880
v -63.376518 -4.105497 5.841880
v -63.509525 7.514802 6.040950
v -67.106010 7.549165 6.040950
v -70.312645 7.366825 6.040950
v -72.674927 7.042129 6.040950
v -74.266495 6.672484 6.040950
v -75.150085 6.380734 6.040950
v -75.939049 6.034879 6.040950
v -76.196609 5.896536 6.040950
v -76.645569 5.611735 6.040950
v -77.050743 5.286551 6.040950
v -77.414612 4.923588 6.040950
v -77.741432 4.525989 6.040950
v -78.157913 3.888480 6.040950
v -78.504692 3.199480 6.040950
v -78.865685 2.237505 6.040950
v -79.181915 1.002741 6.040950
v -79.425385 -0.669829 6.040950
v -79.507225 -2.774928 6.040950
v -79.457222 -3.992164 6.040950
v -63.509525 -3.992164 6.040950
v -63.708595 7.347078 6.173965
v -67.100479 7.379487 6.173965
v -70.290108 7.198113 6.173965
v -72.632774 6.876112 6.173965
v -74.204185 6.511153 6.173965
v -75.068344 6.225814 6.173965
v -75.840256 5.887442 6.173965
v -76.083939 5.756559 6.173965
v -76.517456 5.481544 6.173965
v -76.906387 5.169392 6.173965
v -77.257042 4.819617 6.173965
v -77.572479 4.435853 6.173965
v -77.978989 3.813612 6.173965
v -78.317955 3.140091 6.173965
v -78.673210 2.193497 6.173965
v -78.985481 0.974162 6.173965
v -79.226723 -0.683102 6.173965
v -79.308044 -2.774769 6.173965
v -79.264999 -3.822549 6.173965
v -63.708595 -3.822549 6.173965
v -77.741432 4.525989 -5.565025
v -67.093971 7.179338 6.220673
v -78.157913 3.888480 -5.565025
v -78.504692 3.199480 -5.565025
v -78.865685 2.237505 -5.565025
v -74.971931 6.043074 6.220673
v -75.723701 5.713531 6.220673
v -79.181915 1.002741 -5.565025
v -79.425385 -0.669829 -5.565025
v -76.736099 5.031196 6.220673
v -77.071167 4.696975 6.220673
v -77.373192 4.329532 6.220673
v -79.507225 -2.774928 -5.565025
v -78.097733 3.070036 6.220673
v -79.457222 -3.992164 -5.565025
v -78.753777 0.940452 6.220673
v -78.992386 -0.698759 6.220673
v -63.509525 -3.992164 -5.565025
v -79.038254 -3.622474 6.220673
v -63.943420 -3.622474 6.220673
v -63.943420 7.149234 6.220673
v -63.708595 7.347078 -5.698040
v -70.263535 6.999104 6.220673
v -72.583061 6.680285 6.220673
v -74.130684 6.320848 6.220673
v -67.100479 7.379487 -5.698040
v -70.290108 7.198113 -5.698040
v -75.951012 5.591445 6.220673
v -76.366333 5.327974 6.220673
v -72.632774 6.876112 -5.698040
v -74.204185 6.511153 -5.698040
v -75.068344 6.225814 -5.698040
v -77.767929 3.725297 6.220673
v -75.840256 5.887442 -5.698040
v -78.446159 2.141585 6.220673
v -76.083939 5.756559 -5.698040
v -76.517456 5.481544 -5.698040
v -79.073082 -2.774581 6.220673
v -76.906387 5.169392 -5.698040
v -77.257042 4.819617 -5.698040
v -63.329803 7.666225 -5.131136
v -77.572479 4.435853 -5.698040
v -70.332985 7.519140 -5.131136
v -72.712982 7.192007 -5.131136
v -74.322746 6.818137 -5.131136
v -77.978989 3.813612 -5.698040
v -78.317955 3.140091 -5.698040
v -78.673210 2.193497 -5.698040
v -78.985481 0.974162 -5.698040
v -77.181053 5.392322 -5.131136
v -79.226723 -0.683102 -5.698040
v -77.893967 4.607366 -5.131136
v -78.319435 3.956073 -5.131136
v -78.673248 3.253098 -5.131136
v -79.308044 -2.774769 -5.698040
v -79.264999 -3.822549 -5.698040
v -79.604736 -0.657845 -5.131136
v -79.687057 -2.775072 -5.131136
v -63.708595 -3.822549 -5.698040
v -63.329803 -4.145294 -5.131136
v -63.376518 7.626873 -5.365955
v -67.109695 7.662541 -5.365955
v -70.327682 7.479555 -5.365955
v -72.703094 7.153057 -5.365955
v -74.308136 6.780282 -5.365955
v -75.204681 6.484250 -5.365955
v -76.005058 6.133393 -5.365955
v -76.271919 5.990068 -5.365955
v -76.731194 5.698725 -5.365955
v -77.147194 5.364833 -5.365955
v -77.519913 4.993060 -5.365955
v -77.854324 4.586215 -5.365955
v -78.277451 3.938506 -5.365955
v -78.629433 3.239163 -5.365955
v -78.994316 2.266911 -5.365955
v -79.313164 1.021836 -5.365955
v -79.558136 -0.660960 -5.365955
v -79.640320 -2.775035 -5.365955
v -79.585670 -4.105497 -5.365955
v -63.376518 -4.105497 -5.365955
v 0.000000 -3.469247 -67.665390
v -10.015088 -3.469247 -66.933319
v -19.568563 -3.469247 -64.806252
v -28.556721 -3.469247 -61.387909
v -36.875854 -3.469247 -56.781982
v -44.422245 -3.469247 -51.092197
v -51.092197 -3.469247 -44.422245
v -56.781982 -3.469247 -36.875854
v -61.387909 -3.469247 -28.556721
v -64.806252 -3.469247 -19.568563
v -66.933319 -3.469247 -10.015088
v -67.665390 -3.469247 0.000000
v -66.933319 -3.469247 10.015088
v -64.806252 -3.469247 19.568563
v -61.387909 -3.469247 28.556721
v -56.781982 -3.469247 36.875854
v -51.092197 -3.469247 44.422245
v -44.422245 -3.469247 51.092197
v -36.875854 -3.469247 56.781982
v -28.556721 -3.469247 61.387909
v -19.568563 -3.469247 64.806252
v -10.015088 -3.469247 66.933319
v 0.000000 -3.469247 67.665390
v 10.015088 -3.469247 66.933319
v 19.568563 -3.469247 64.806252
v 28.556721 -3.469247 61.387909
v 36.875854 -3.469247 56.781982
v 44.422245 -3.469247 51.092197
v 51.092197 -3.469247 44.422245
v 56.781982 -3.469247 36.875854
v 61.387909 -3.469247 28.556721
v 64.806252 -3.469247 19.568563
v 66.933319 -3.469247 10.015088
v 67.665390 -3.469247 0.000000
v 66.933319 -3.469247 -10.015088
v 64.806252 -3.469247 -19.568563
v 61.387909 -3.469247 -28.556721
v 56.781982 -3.469247 -36.875854
v 51.092197 -3.469247 -44.422245
v 44.422245 -3.469247 -51.092197
v 36.875854 -3.469247 -56.781982
v 28.556721 -3.469247 -61.387909
v 19.568563 -3.469247 -64.806252
v 10.015088 -3.469247 -66.933319
v 0.000000 3.679505 -67.601669
v -10.005658 3.679507 -66.870300
v -19.550142 3.679509 -64.745239
v -28.529840 3.679512 -61.330116
v -36.841133 3.679512 -56.728523
v -44.380432 3.679511 -51.044090
v -51.044090 3.679511 -44.380432
v -56.728523 3.679512 -36.841133
v -61.330116 3.679512 -28.529840
v -64.745239 3.679509 -19.550142
v -66.870300 3.679507 -10.005658
v -67.601669 3.679505 0.000000
v -66.870300 3.679507 10.005658
v -64.745239 3.679509 19.550142
v -61.330116 3.679512 28.529840
v -56.728523 3.679512 36.841133
v -51.044090 3.679511 44.380432
v -44.380432 3.679511 51.044090
v -36.841133 3.679512 56.728523
v -28.529840 3.679512 61.330116
v -19.550142 3.679509 64.745239
v -10.005658 3.679507 66.870300
v 0.000000 3.679505 67.601669
v 10.005658 3.679507 66.870300
v 19.550142 3.679509 64.745239
v 28.529840 3.679512 61.330116
v 36.841133 3.679512 56.728523
v 44.380432 3.679511 51.044090
v 51.044090 3.679511 44.380432
v 56.728523 3.679512 36.841133
v 61.330116 3.679512 28.529840
v 64.745239 3.679509 19.550142
v 66.870300 3.679507 10.005658
v 67.601669 3.679505 0.000000
v 66.870300 3.679507 -10.005658
v 64.745239 3.679509 -19.550142
v 61.330116 3.679512 -28.529840
v 56.728523 3.679512 -36.841133
v 51.044090 3.679511 -44.380432
v 44.380432 3.679511 -51.044090
v 36.841133 3.679512 -56.728523
v 28.529840 3.679512 -61.330116
v 19.550142 3.679509 -64.745239
v 10.005658 3.679507 -66.870300
v 0.000000 10.817688 -67.328735
v -9.965261 10.817688 -66.600311
v -19.471207 10.817688 -64.483841
v -28.414650 10.817688 -61.082489
v -36.692394 10.817688 -56.499493
v -44.201248 10.817688 -50.838001
v -50.838001 10.817688 -44.201248
v -56.499493 10.817688 -36.692394
v -61.082489 10.817688 -28.414650
v -64.483841 10.817688 -19.471207
v -66.600311 10.817688 -9.965261
v -67.328735 10.817688 0.000000
v -66.600311 10.817688 9.965261
v -64.483841 10.817688 19.471207
v -61.082489 10.817688 28.414650
v -56.499493 10.817688 36.692394
v -50.838001 10.817688 44.201248
v -44.201248 10.817688 50.838001
v -36.692394 10.817688 56.499493
v -28.414650 10.817688 61.082489
v -19.471207 10.817688 64.483841
v -9.965261 10.817688 66.600311
v 0.000000 10.817688 67.328735
v 9.965261 10.817688 66.600311
v 19.471207 10.817688 64.483841
v 28.414650 10.817688 61.082489
v 36.692394 10.817688 56.499493
v 44.201248 10.817688 50.838001
v 50.838001 10.817688 44.201248
v 56.499493 10.817688 36.692394
v 61.082489 10.817688 28.414650
v 64.483841 10.817688 19.471207
v 66.600311 10.817688 9.965261
v 67.328735 10.817688 0.000000
v 66.600311 10.817688 -9.965261
v 64.483841 10.817688 -19.471207
v 61.082489 10.817688 -28.414650
v 56.499493 10.817688 -36.692394
v 50.838001 10.817688 -44.201248
v 44.201248 10.817688 -50.838001
v 36.692394 10.817688 -56.499493
v 28.414650 10.817688 -61.082489
v 19.471207 10.817688 -64.483841
v 9.965261 10.817688 -66.600311
v 0.000000 12.726645 -66.968010
v -9.911870 12.726667 -66.243484
v -19.366882 12.726694 -64.138344
v -28.262400 12.726708 -60.755203
v -36.495811 12.726708 -56.196758
v -43.964417 12.726706 -50.565617
v -50.565617 12.726706 -43.964417
v -56.196758 12.726708 -36.495811
v -60.755203 12.726708 -28.262400
v -64.138344 12.726694 -19.366882
v -66.243484 12.726667 -9.911870
v -66.968010 12.726645 0.000000
v -66.243484 12.726667 9.911870
v -64.138344 12.726694 19.366882
v -60.755203 12.726708 28.262400
v -56.196758 12.726708 36.495811
v -50.565617 12.726706 43.964417
v -43.964417 12.726706 50.565617
v -36.495811 12.726708 56.196758
v -28.262400 12.726708 60.755203
v -19.366882 12.726694 64.138344
v -9.911870 12.726667 66.243484
v 0.000000 12.726645 66.968010
v 9.911870 12.726667 66.243484
v 19.366882 12.726694 64.138344
v 28.262400 12.726708 60.755203
v 36.495811 12.726708 56.196758
v 43.964417 12.726706 50.565617
v 50.565617 12.726706 43.964417
v 56.196758 12.726708 36.495811
v 60.755203 12.726708 28.262400
v 64.138344 12.726694 19.366882
v 66.243484 12.726667 9.911870
v 66.968010 12.726645 0.000000
v 66.243484 12.726667 -9.911870
v 64.138344 12.726694 -19.366882
v 60.755203 12.726708 -28.262400
v 56.196758 12.726708 -36.495811
v 50.565617 12.726706 -43.964417
v 43.964417 12.726706 -50.565617
v 36.495811 12.726708 -56.196758
v 28.262400 12.726708 -60.755203
v 19.366882 12.726694 -64.138344
v 9.911870 12.726667 -66.243484
v 0.000000 14.504639 -66.184593
v -9.795918 14.504639 -65.468552
v -19.140326 14.504639 -63.388039
v -27.931789 14.504639 -60.044487
v -36.068867 14.504639 -55.539360
v -43.450123 14.504639 -49.974098
v -49.974098 14.504639 -43.450123
v -55.539360 14.504639 -36.068867
v -60.044487 14.504639 -27.931789
v -63.388039 14.504639 -19.140326
v -65.468552 14.504639 -9.795918
v -66.184593 14.504639 0.000000
v -65.468552 14.504639 9.795918
v -63.388039 14.504639 19.140326
v -60.044487 14.504639 27.931789
v -55.539360 14.504639 36.068867
v -49.974098 14.504639 43.450123
v -43.450123 14.504639 49.974098
v -36.068867 14.504639 55.539360
v -27.931789 14.504639 60.044487
v -19.140326 14.504639 63.388039
v -9.795918 14.504639 65.468552
v 0.000000 14.504639 66.184593
v 9.795918 14.504639 65.468552
v 19.140326 14.504639 63.388039
v 27.931789 14.504639 60.044487
v 36.068867 14.504639 55.539360
v 43.450123 14.504639 49.974098
v 49.974098 14.504639 43.450123
v 55.539360 14.504639 36.068867
v 60.044487 14.504639 27.931789
v 63.388039 14.504639 19.140326
v 65.468552 14.504639 9.795918
v 66.184593 14.504639 0.000000
v 65.468552 14.504639 -9.795918
v 63.388039 14.504639 -19.140326
v 60.044487 14.504639 -27.931789
v 55.539360 14.504639 -36.068867
v 49.974098 14.504639 -43.450123
v 43.450123 14.504639 -49.974098
v 36.068867 14.504639 -55.539360
v 27.931789 14.504639 -60.044487
v 19.140326 14.504639 -63.388039
v 9.795918 14.504639 -65.468552
v 0.000000 20.787529 -61.974224
v -9.172743 20.787546 -61.303722
v -17.922695 20.787573 -59.355545
v -26.154877 20.787586 -56.224697
v -33.774307 20.787586 -52.006176
v -40.685982 20.787580 -46.794937
v -46.794937 20.787580 -40.685982
v -52.006176 20.787586 -33.774307
v -56.224697 20.787586 -26.154877
v -59.355545 20.787573 -17.922695
v -61.303722 20.787546 -9.172743
v -61.974224 20.787529 0.000000
v -61.303722 20.787546 9.172743
v -59.355545 20.787573 17.922695
v -56.224697 20.787586 26.154877
v -52.006176 20.787586 33.774307
v -46.794937 20.787580 40.685982
v -40.685982 20.787580 46.794937
v -33.774307 20.787586 52.006176
v -26.154877 20.787586 56.224697
v -17.922695 20.787573 59.355545
v -9.172743 20.787546 61.303722
v 0.000000 20.787529 61.974224
v 9.172743 20.787546 61.303722
v 17.922695 20.787573 59.355545
v 26.154877 20.787586 56.224697
v 33.774307 20.787586 52.006176
v 40.685982 20.787580 46.794937
v 46.794937 20.787580 40.685982
v 52.006176 20.787586 33.774307
v 56.224697 20.787586 26.154877
v 59.355545 20.787573 17.922695
v 61.303722 20.787546 9.172743
v 61.974224 20.787529 0.000000
v 61.303722 20.787546 -9.172743
v 59.355545 20.787573 -17.922695
v 56.224697 20.787586 -26.154877
v 52.006176 20.787586 -33.774307
v 46.794937 20.787580 -40.685982
v 40.685982 20.787580 -46.794937
v 33.774307 20.787586 -52.006176
v 26.154877 20.787586 -56.224697
v 17.922695 20.787573 -59.355545
v 9.172743 20.787546 -61.303722
v 0.000000 26.948101 -57.566044
v -8.520293 26.948101 -56.943237
v -16.647873 26.948101 -55.133640
v -24.294512 26.948101 -52.225510
v -31.371983 26.948101 -48.307045
v -37.792038 26.948101 -43.466469
v -43.466469 26.948101 -37.792038
v -48.307045 26.948101 -31.371983
v -52.225510 26.948101 -24.294512
v -55.133640 26.948101 -16.647873
v -56.943237 26.948101 -8.520293
v -57.566044 26.948101 0.000000
v -56.943237 26.948101 8.520293
v -55.133640 26.948101 16.647873
v -52.225510 26.948101 24.294512
v -48.307045 26.948101 31.371983
v -43.466469 26.948101 37.792038
v -37.792038 26.948101 43.466469
v -31.371983 26.948101 48.307045
v -24.294512 26.948101 52.225510
v -16.647873 26.948101 55.133640
v -8.520293 26.948101 56.943237
v 0.000000 26.948101 57.566044
v 8.520293 26.948101 56.943237
v 16.647873 26.948101 55.133640
v 24.294512 26.948101 52.225510
v 31.371983 26.948101 48.307045
v 37.792038 26.948101 43.466469
v 43.466469 26.948101 37.792038
v 48.307045 26.948101 31.371983
v 52.225510 26.948101 24.294512
v 55.133640 26.948101 16.647873
v 56.943237 26.948101 8.520293
v 57.566044 26.948101 0.000000
v 56.943237 26.948101 -8.520293
v 55.133640 26.948101 -16.647873
v 52.225510 26.948101 -24.294512
v 48.307045 26.948101 -31.371983
v 43.466469 26.948101 -37.792038
v 37.792038 26.948101 -43.466469
v 31.371983 26.948101 -48.307045
v 24.294512 26.948101 -52.225510
v 16.647873 26.948101 -55.133640
v 8.520293 26.948101 -56.943237
v 0.000000 -3.477834 -66.655487
v -9.869082 -3.477836 -65.934036
v -19.279194 -3.477838 -63.838718
v -28.131943 -3.477839 -60.471695
v -36.326111 -3.477839 -55.934837
v -43.759647 -3.477839 -50.330070
v -50.330070 -3.477839 -43.759647
v -55.934837 -3.477839 -36.326111
v -60.471695 -3.477839 -28.131943
v -63.838718 -3.477838 -19.279194
v -65.934036 -3.477836 -9.869082
v -66.655487 -3.477834 0.000000
v -65.934036 -3.477836 9.869082
v -63.838718 -3.477838 19.279194
v -60.471695 -3.477839 28.131943
v -55.934837 -3.477839 36.326111
v -50.330070 -3.477839 43.759647
v -43.759647 -3.477839 50.330070
v -36.326111 -3.477839 55.934837
v -28.131943 -3.477839 60.471695
v -19.279194 -3.477838 63.838718
v -9.869082 -3.477836 65.934036
v 0.000000 -3.477834 66.655487
v 9.869082 -3.477836 65.934036
v 19.279194 -3.477838 63.838718
v 28.131943 -3.477839 60.471695
v 36.326111 -3.477839 55.934837
v 43.759647 -3.477839 50.330070
v 50.330070 -3.477839 43.759647
v 55.934837 -3.477839 36.326111
v 60.471695 -3.477839 28.131943
v 63.838718 -3.477838 19.279194
v 65.934036 -3.477836 9.869082
v 66.655487 -3.477834 0.000000
v 65.934036 -3.477836 -9.869082
v 63.838718 -3.477838 -19.279194
v 60.471695 -3.477839 -28.131943
v 55.934837 -3.477839 -36.326111
v 50.330070 -3.477839 -43.759647
v 43.759647 -3.477839 -50.330070
v 36.326111 -3.477839 -55.934837
v 28.131943 -3.477839 -60.471695
v 19.279194 -3.477838 -63.838718
v 9.869082 -3.477836 -65.934036
v 0.000000 3.656821 -66.592010
v -9.859688 3.656818 -65.871246
v -19.260834 3.656816 -63.777908
v -28.105150 3.656814 -60.414104
v -36.291519 3.656814 -55.881554
v -43.717972 3.656814 -50.282127
v -50.282127 3.656814 -43.717972
v -55.881554 3.656814 -36.291519
v -60.414104 3.656814 -28.105150
v -63.777908 3.656816 -19.260834
v -65.871246 3.656818 -9.859688
v -66.592010 3.656821 0.000000
v -65.871246 3.656818 9.859688
v -63.777908 3.656816 19.260834
v -60.414104 3.656814 28.105150
v -55.881554 3.656814 36.291519
v -50.282127 3.656814 43.717972
v -43.717972 3.656814 50.282127
v -36.291519 3.656814 55.881554
v -28.105150 3.656814 60.414104
v -19.260834 3.656816 63.777908
v -9.859688 3.656818 65.871246
v 0.000000 3.656821 66.592010
v 9.859688 3.656818 65.871246
v 19.260834 3.656816 63.777908
v 28.105150 3.656814 60.414104
v 36.291519 3.656814 55.881554
v 43.717972 3.656814 50.282127
v 50.282127 3.656814 43.717972
v 55.881554 3.656814 36.291519
v 60.414104 3.656814 28.105150
v 63.777908 3.656816 19.260834
v 65.871246 3.656818 9.859688
v 66.592010 3.656821 0.000000
v 65.871246 3.656818 -9.859688
v 63.777908 3.656816 -19.260834
v 60.414104 3.656814 -28.105150
v 55.881554 3.656814 -36.291519
v 50.282127 3.656814 -43.717972
v 43.717972 3.656814 -50.282127
v 36.291519 3.656814 -55.881554
v 28.105150 3.656814 -60.414104
v 19.260834 3.656816 -63.777908
v 9.859688 3.656818 -65.871246
v 0.000000 10.750462 -66.321167
v -9.819591 10.750447 -65.603317
v -19.182499 10.750431 -63.518505
v -27.990837 10.750421 -60.168392
v -36.143898 10.750421 -55.654282
v -43.540157 10.750423 -50.077614
v -50.077614 10.750423 -43.540157
v -55.654282 10.750421 -36.143898
v -60.168392 10.750421 -27.990837
v -63.518505 10.750431 -19.182499
v -65.603317 10.750447 -9.819591
v -66.321167 10.750462 0.000000
v -65.603317 10.750447 9.819591
v -63.518505 10.750431 19.182499
v -60.168392 10.750421 27.990837
v -55.654282 10.750421 36.143898
v -50.077614 10.750423 43.540157
v -43.540157 10.750423 50.077614
v -36.143898 10.750421 55.654282
v -27.990837 10.750421 60.168392
v -19.182499 10.750431 63.518505
v -9.819591 10.750447 65.603317
v 0.000000 10.750462 66.321167
v 9.819591 10.750447 65.603317
v 19.182499 10.750431 63.518505
v 27.990837 10.750421 60.168392
v 36.143898 10.750421 55.654282
v 43.540157 10.750423 50.077614
v 50.077614 10.750423 43.540157
v 55.654282 10.750421 36.143898
v 60.168392 10.750421 27.990837
v 63.518505 10.750431 19.182499
v 65.603317 10.750447 9.819591
v 66.321167 10.750462 0.000000
v 65.603317 10.750447 -9.819591
v 63.518505 10.750431 -19.182499
v 60.168392 10.750421 -27.990837
v 55.654282 10.750421 -36.143898
v 50.077614 10.750423 -43.540157
v 43.540157 10.750423 -50.077614
v 36.143898 10.750421 -55.654282
v 27.990837 10.750421 -60.168392
v 19.182499 10.750431 -63.518505
v 9.819591 10.750447 -65.603317
v 0.000000 12.440899 -66.001381
v -9.772123 12.440871 -65.287018
v -19.089920 12.440829 -63.212257
v -27.855837 12.440810 -59.878281
v -35.969612 12.440809 -55.385933
v -43.330231 12.440815 -49.836159
v -49.836159 12.440815 -43.330231
v -55.385933 12.440809 -35.969612
v -59.878281 12.440810 -27.855837
v -63.212257 12.440829 -19.089920
v -65.287018 12.440871 -9.772123
v -66.001381 12.440899 0.000000
v -65.287018 12.440871 9.772123
v -63.212257 12.440829 19.089920
v -59.878281 12.440810 27.855837
v -55.385933 12.440809 35.969612
v -49.836159 12.440815 43.330231
v -43.330231 12.440815 49.836159
v -35.969612 12.440809 55.385933
v -27.855837 12.440810 59.878281
v -19.089920 12.440829 63.212257
v -9.772123 12.440871 65.287018
v 0.000000 12.440899 66.001381
v 9.772123 12.440871 65.287018
v 19.089920 12.440829 63.212257
v 27.855837 12.440810 59.878281
v 35.969612 12.440809 55.385933
v 43.330231 12.440815 49.836159
v 49.836159 12.440815 43.330231
v 55.385933 12.440809 35.969612
v 59.878281 12.440810 27.855837
v 63.212257 12.440829 19.089920
v 65.287018 12.440871 9.772123
v 66.001381 12.440899 0.000000
v 65.287018 12.440871 -9.772123
v 63.212257 12.440829 -19.089920
v 59.878281 12.440810 -27.855837
v 55.385933 12.440809 -35.969612
v 49.836159 12.440815 -43.330231
v 43.330231 12.440815 -49.836159
v 35.969612 12.440809 -55.385933
v 27.855837 12.440810 -59.878281
v 19.089920 12.440829 -63.212257
v 9.772123 12.440871 -65.287018
v 0.000000 13.994782 -65.320000
v -9.670924 13.994714 -64.613068
v -18.892616 13.994613 -62.559799
v -27.568174 13.994566 -59.260231
v -35.598286 13.994560 -54.814209
v -42.882927 13.994572 -49.321709
v -49.321709 13.994572 -42.882927
v -54.814209 13.994560 -35.598286
v -59.260231 13.994566 -27.568174
v -62.559799 13.994613 -18.892616
v -64.613068 13.994714 -9.670924
v -65.320000 13.994782 0.000000
v -64.613068 13.994714 9.670924
v -62.559799 13.994613 18.892616
v -59.260231 13.994566 27.568174
v -54.814209 13.994560 35.598286
v -49.321709 13.994572 42.882927
v -42.882927 13.994572 49.321709
v -35.598286 13.994560 54.814209
v -27.568174 13.994566 59.260231
v -18.892616 13.994613 62.559799
v -9.670924 13.994714 64.613068
v 0.000000 13.994782 65.320000
v 9.670924 13.994714 64.613068
v 18.892616 13.994613 62.559799
v 27.568174 13.994566 59.260231
v 35.598286 13.994560 54.814209
v 42.882927 13.994572 49.321709
v 49.321709 13.994572 42.882927
v 54.814209 13.994560 35.598286
v 59.260231 13.994566 27.568174
v 62.559799 13.994613 18.892616
v 64.613068 13.994714 9.670924
v 65.320000 13.994782 0.000000
v 64.613068 13.994714 -9.670924
v 62.559799 13.994613 -18.892616
v 59.260231 13.994566 -27.568174
v 54.814209 13.994560 -35.598286
v 49.321709 13.994572 -42.882927
v 42.882927 13.994572 -49.321709
v 35.598286 13.994560 -54.814209
v 27.568174 13.994566 -59.260231
v 18.892616 13.994613 -62.559799
v 9.670924 13.994714 -64.613068
v 0.000000 20.235128 -61.137459
v -9.051775 20.235079 -60.475792
v -17.682962 20.234999 -58.553978
v -25.802980 20.234961 -55.465687
v -33.318882 20.234961 -51.304375
v -40.137077 20.234968 -46.163570
v -46.163570 20.234968 -40.137077
v -51.304375 20.234961 -33.318882
v -55.465687 20.234961 -25.802980
v -58.553978 20.234999 -17.682962
v -60.475792 20.235079 -9.051775
v -61.137459 20.235128 0.000000
v -60.475792 20.235079 9.051775
v -58.553978 20.234999 17.682962
v -55.465687 20.234961 25.802980
v -51.304375 20.234961 33.318882
v -46.163570 20.234968 40.137077
v -40.137077 20.234968 46.163570
v -33.318882 20.234961 51.304375
v -25.802980 20.234961 55.465687
v -17.682962 20.234999 58.553978
v -9.051775 20.235079 60.475792
v 0.000000 20.235128 61.137459
v 9.051775 20.235079 60.475792
v 17.682962 20.234999 58.553978
v 25.802980 20.234961 55.465687
v 33.318882 20.234961 51.304375
v 40.137077 20.234968 46.163570
v 46.163570 20.234968 40.137077
v 51.304375 20.234961 33.318882
v 55.465687 20.234961 25.802980
v 58.553978 20.234999 17.682962
v 60.475792 20.235079 9.051775
v 61.137459 20.235128 0.000000
v 60.475792 20.235079 -9.051775
v 58.553978 20.234999 -17.682962
v 55.465687 20.234961 -25.802980
v 51.304375 20.234961 -33.318882
v 46.163570 20.234968 -40.137077
v 40.137077 20.234968 -46.163570
v 33.318882 20.234961 -51.304375
v 25.802980 20.234961 -55.465687
v 17.682962 20.234999 -58.553978
v 9.051775 20.235079 -60.475792
v 0.000000 26.961849 -56.738277
v -8.400627 26.961781 -56.124218
v -16.410725 26.961678 -54.340717
v -23.946396 26.961628 -51.474678
v -30.921461 26.961628 -47.612801
v -37.249039 26.961636 -42.841896
v -42.841896 26.961636 -37.249039
v -47.612801 26.961628 -30.921461
v -51.474678 26.961628 -23.946396
v -54.340717 26.961678 -16.410725
v -56.124218 26.961781 -8.400627
v -56.738277 26.961849 0.000000
v -56.124218 26.961781 8.400627
v -54.340717 26.961678 16.410725
v -51.474678 26.961628 23.946396
v -47.612801 26.961628 30.921461
v -42.841896 26.961636 37.249039
v -37.249039 26.961636 42.841896
v -30.921461 26.961628 47.612801
v -23.946396 26.961628 51.474678
v -16.410725 26.961678 54.340717
v -8.400627 26.961781 56.124218
v 0.000000 26.961849 56.738277
v 8.400627 26.961781 56.124218
v 16.410725 26.961678 54.340717
v 23.946396 26.961628 51.474678
v 30.921461 26.961628 47.612801
v 37.249039 26.961636 42.841896
v 42.841896 26.961636 37.249039
v 47.612801 26.961628 30.921461
v 51.474678 26.961628 23.946396
v 54.340717 26.961678 16.410725
v 56.124218 26.961781 8.400627
v 56.738277 26.961849 0.000000
v 56.124218 26.961781 -8.400627
v 54.340717 26.961678 -16.410725
v 51.474678 26.961628 -23.946396
v 47.612801 26.961628 -30.921461
v 42.841896 26.961636 -37.249039
v 37.249039 26.961636 -42.841896
v 30.921461 26.961628 -47.612801
v 23.946396 26.961628 -51.474678
v 16.410725 26.961678 -54.340717
v 8.400627 26.961781 -56.124218
v 80.596573 -12.843633 80.596573
v 80.596573 -12.843633 74.148842
v 80.596573 -12.843633 67.701111
v 80.596573 -12.843633 61.253387
v 80.596573 -12.843633 54.805664
v 80.596573 -12.843633 48.357941
v 80.596573 -12.843633 41.910210
v 80.596573 -12.843633 35.462486
v 80.596573 -12.843633 29.014759
v 80.596573 -12.843633 22.567036
v 80.596573 -12.843633 16.119312
v 80.596573 -12.843633 9.671587
v 80.596573 -12.843633 3.223863
v 80.596573 -12.843633 -3.223863
v 80.596573 -12.843633 -9.671587
v 80.596573 -12.843633 -16.119312
v 80.596573 -12.843633 -22.567036
v 80.596573 -12.843633 -29.014759
v 80.596573 -12.843633 -35.462486
v 80.596573 -12.843633 -41.910210
v 80.596573 -12.843633 -48.357941
v 80.596573 -12.843633 -54.805664
v 80.596573 -12.843633 -61.253387
v 80.596573 -12.843633 -67.701111
v 80.596573 -12.843633 -74.148842
v 80.596573 -12.843633 -80.596573
v 74.148842 -12.843633 -80.596573
v 67.701111 -12.843633 -80.596573
v 61.253387 -12.843633 -80.596573
v 54.805664 -12.843633 -80.596573
v 48.357941 -12.843633 -80.596573
v 41.910210 -12.843633 -80.596573
v 35.462486 -12.843633 -80.596573
v 29.014759 -12.843633 -80.596573
v 22.567036 -12.843633 -80.596573
v 16.119312 -12.843633 -80.596573
v 9.671587 -12.843633 -80.596573
v 3.223863 -12.843633 -80.596573
v -3.223863 -12.843633 -80.596573
v -9.671587 -12.843633 -80.596573
v -16.119312 -12.843633 -80.596573
v -22.567036 -12.843633 -80.596573
v -29.014759 -12.843633 -80.596573
v -35.462486 -12.843633 -80.596573
v -41.910210 -12.843633 -80.596573
v -48.357941 -12.843633 -80.596573
v -54.805664 -12.843633 -80.596573
v -61.253387 -12.843633 -80.596573
v -67.701111 -12.843633 -80.596573
v -74.148842 -12.843633 -80.596573
v -80.596573 -12.843633 -80.596573
v -80.596573 -12.843633 -74.148842
v -80.596573 -12.843633 -67.701111
v -80.596573 -12.843633 -61.253387
v -80.596573 -12.843633 -54.805664
v -80.596573 -12.843633 -48.357941
v -80.596573 -12.843633 -41.910210
v -80.596573 -12.843633 -35.462486
v -80.596573 -12.843633 -29.014759
v -80.596573 -12.843633 -22.567036
v -80.596573 -12.843633 -16.119312
v -80.596573 -12.843633 -9.671587
v -80.596573 -12.843633 -3.223863
v -80.596573 -12.843633 3.223863
v -80.596573 -12.843633 9.671587
v -80.596573 -12.843633 16.119312
v -80.596573 -12.843633 22.567036
v -80.596573 -12.843633 29.014759
v -80.596573 -12.843633 35.462486
v -80.596573 -12.843633 41.910210
v -80.596573 -12.843633 48.357941
v -80.596573 -12.843633 54.805664
v -80.596573 -12.843633 61.253387
v -80.596573 -12.843633 67.701111
v -80.596573 -12.843633 74.148842
v -80.596573 -12.843633 80.596573
v -74.148842 -12.843633 80.596573
v -67.701111 -12.843633 80.596573
v -61.253387 -12.843633 80.596573
v -54.805664 -12.843633 80.596573
v -48.357941 -12.843633 80.596573
v -41.910210 -12.843633 80.596573
v -35.462486 -12.843633 80.596573
v -29.014759 -12.843633 80.596573
v -22.567036 -12.843633 80.596573
v -16.119312 -12.843633 80.596573
v -9.671587 -12.843633 80.596573
v -3.223863 -12.843633 80.596573
v 3.223863 -12.843633 80.596573
v 9.671587 -12.843633 80.596573
v 16.119312 -12.843633 80.596573
v 22.567036 -12.843633 80.596573
v 29.014759 -12.843633 80.596573
v 35.462486 -12.843633 80.596573
v 41.910210 -12.843633 80.596573
v 48.357941 -12.843633 80.596573
v 54.805664 -12.843633 80.596573
v 61.253387 -12.843633 80.596573
v 67.701111 -12.843633 80.596573
v 74.148842 -12.843633 80.596573
v 80.843697 -12.756410 80.596573
v 80.843697 -12.756410 74.148842
v 80.843697 -12.756410 67.701111
v 80.843697 -12.756410 61.253387
v 80.843697 -12.756410 54.805664
v 80.843697 -12.756410 48.357941
v 80.843697 -12.756410 41.910210
v 80.843697 -12.756410 35.462486
v 80.843697 -12.756410 29.014759
v 80.843697 -12.756410 22.567036
v 80.843697 -12.756410 16.119312
v 80.843697 -12.756410 9.671587
v 80.843697 -12.756410 3.223863
v 80.843697 -12.756410 -3.223863
v 80.843697 -12.756410 -9.671587
v 80.843697 -12.756410 -16.119312
v 80.843697 -12.756410 -22.567036
v 80.843697 -12.756410 -29.014759
v 80.843697 -12.756410 -35.462486
v 80.843697 -12.756410 -41.910210
v 80.843697 -12.756410 -48.357941
v 80.843697 -12.756410 -54.805664
v 80.843697 -12.756410 -61.253387
v 80.843697 -12.756410 -67.701111
v 80.843697 -12.756410 -74.148842
v 80.843697 -12.756410 -80.596573
v 80.771324 -12.756410 -80.771324
v 80.596573 -12.756410 -80.843697
v 74.148842 -12.756410 -80.843697
v 67.701111 -12.756410 -80.843697
v 61.253387 -12.756410 -80.843697
v 54.805664 -12.756410 -80.843697
v 48.357941 -12.756410 -80.843697
v 41.910210 -12.756410 -80.843697
v 35.462486 -12.756410 -80.843697
v 29.014759 -12.756410 -80.843697
v 22.567036 -12.756410 -80.843697
v 16.119312 -12.756410 -80.843697
v 9.671587 -12.756410 -80.843697
v 3.223863 -12.756410 -80.843697
v -3.223863 -12.756410 -80.843697
v -9.671587 -12.756410 -80.843697
v -16.119312 -12.756410 -80.843697
v -22.567036 -12.756410 -80.843697
v -29.014759 -12.756410 -80.843697
v -35.462486 -12.756410 -80.843697
v -41.910210 -12.756410 -80.843697
v -48.357941 -12.756410 -80.843697
v -54.805664 -12.756410 -80.843697
v -61.253387 -12.756410 -80.843697
v -67.701111 -12.756410 -80.843697
v -74.148842 -12.756410 -80.843697
v -80.596573 -12.756410 -80.843697
v -80.771324 -12.756410 -80.771324
v -80.843697 -12.756410 -80.596573
v -80.843697 -12.756410 -74.148842
v -80.843697 -12.756410 -67.701111
v -80.843697 -12.756410 -61.253387
v -80.843697 -12.756410 -54.805664
v -80.843697 -12.756410 -48.357941
v -80.843697 -12.756410 -41.910210
v -80.843697 -12.756410 -35.462486
v -80.843697 -12.756410 -29.014759
v -80.843697 -12.756410 -22.567036
v -80.843697 -12.756410 -16.119312
v -80.843697 -12.756410 -9.671587
v -80.843697 -12.756410 -3.223863
v -80.843697 -12.756410 3.223863
v -80.843697 -12.756410 9.671587
v -80.843697 -12.756410 16.119312
v -80.843697 -12.756410 22.567036
v -80.843697 -12.756410 29.014759
v -80.843697 -12.756410 35.462486
v -80.843697 -12.756410 41.910210
v -80.843697 -12.756410 48.357941
v -80.843697 -12.756410 54.805664
v -80.843697 -12.756410 61.253387
v -80.843697 -12.756410 67.701111
v -80.843697 -12.756410 74.148842
v -80.843697 -12.756410 80.596573
v -80.771324 -12.756410 80.771324
v -80.596573 -12.756410 80.843697
v -74.148842 -12.756410 80.843697
v -67.701111 -12.756410 80.843697
v -61.253387 -12.756410 80.843697
v -54.805664 -12.756410 80.843697
v -48.357941 -12.756410 80.843697
v -41.910210 -12.756410 80.843697
v -35.462486 -12.756410 80.843697
v -29.014759 -12.756410 80.843697
v -22.567036 -12.756410 80.843697
v -16.119312 -12.756410 80.843697
v -9.671587 -12.756410 80.843697
v -3.223863 -12.756410 80.843697
v 3.223863 -12.756410 80.843697
v 9.671587 -12.756410 80.843697
v 16.119312 -12.756410 80.843697
v 22.567036 -12.756410 80.843697
v 29.014759 -12.756410 80.843697
v 35.462486 -12.756410 80.843697
v 41.910210 -12.756410 80.843697
v 48.357941 -12.756410 80.843697
v 54.805664 -12.756410 80.843697
v 61.253387 -12.756410 80.843697
v 67.701111 -12.756410 80.843697
v 74.148842 -12.756410 80.843697
v 80.596573 -12.756410 80.843697
v 80.771324 -12.756410 80.771324
v 80.946075 -12.545835 80.596573
v 80.946075 -12.545835 74.148842
v 80.946075 -12.545835 67.701111
v 80.946075 -12.545835 61.253387
v 80.946075 -12.545835 54.805664
v 80.946075 -12.545835 48.357941
v 80.946075 -12.545835 41.910210
v 80.946075 -12.545835 35.462486
v 80.946075 -12.545835 29.014759
v 80.946075 -12.545835 22.567036
v 80.946075 -12.545835 16.119312
v 80.946075 -12.545835 9.671587
v 80.946075 -12.545835 3.223863
v 80.946075 -12.545835 -3.223863
v 80.946075 -12.545835 -9.671587
v 80.946075 -12.545835 -16.119312
v 80.946075 -12.545835 -22.567036
v 80.946075 -12.545835 -29.014759
v 80.946075 -12.545835 -35.462486
v 80.946075 -12.545835 -41.910210
v 80.946075 -12.545835 -48.357941
v 80.946075 -12.545835 -54.805664
v 80.946075 -12.545835 -61.253387
v 80.946075 -12.545835 -67.701111
v 80.946075 -12.545835 -74.148842
v 80.946075 -12.545835 -80.596573
v 80.843697 -12.545835 -80.843697
v 80.596573 -12.545835 -80.946075
v 74.148842 -12.545835 -80.946075
v 67.701111 -12.545835 -80.946075
v 61.253387 -12.545835 -80.946075
v 54.805664 -12.545835 -80.946075
v 48.357941 -12.545835 -80.946075
v 41.910210 -12.545835 -80.946075
v 35.462486 -12.545835 -80.946075
v 29.014759 -12.545835 -80.946075
v 22.567036 -12.545835 -80.946075
v 16.119312 -12.545835 -80.946075
v 9.671587 -12.545835 -80.946075
v 3.223863 -12.545835 -80.946075
v -3.223863 -12.545835 -80.946075
v -9.671587 -12.545835 -80.946075
v -16.119312 -12.545835 -80.946075
v -22.567036 -12.545835 -80.946075
v -29.014759 -12.545835 -80.946075
v -35.462486 -12.545835 -80.946075
v -41.910210 -12.545835 -80.946075
v -48.357941 -12.545835 -80.946075
v -54.805664 -12.545835 -80.946075
v -61.253387 -12.545835 -80.946075
v -67.701111 -12.545835 -80.946075
v -74.148842 -12.545835 -80.946075
v -80.596573 -12.545835 -80.946075
v -80.843697 -12.545835 -80.843697
v -80.946075 -12.545835 -80.596573
v -80.946075 -12.545835 -74.148842
v -80.946075 -12.545835 -67.701111
v -80.946075 -12.545835 -61.253387
v -80.946075 -12.545835 -54.805664
v -80.946075 -12.545835 -48.357941
v -80.946075 -12.545835 -41.910210
v -80.946075 -12.545835 -35.462486
v -80.946075 -12.545835 -29.014759
v -80.946075 -12.545835 -22.567036
v -80.946075 -12.545835 -16.119312
v -80.946075 -12.545835 -9.671587
v -80.946075 -12.545835 -3.223863
v -80.946075 -12.545835 3.223863
v -80.946075 -12.545835 9.671587
v -80.946075 -12.545835 16.119312
v -80.946075 -12.545835 22.567036
v -80.946075 -12.545835 29.014759
v -80.946075 -12.545835 35.462486
v -80.946075 -12.545835 41.910210
v -80.946075 -12.545835 48.357941
v -80.946075 -12.545835 54.805664
v -80.946075 -12.545835 61.253387
v -80.946075 -12.545835 67.701111
v -80.946075 -12.545835 74.148842
v -80.946075 -12.545835 80.596573
v -80.843697 -12.545835 80.843697
v -80.596573 -12.545835 80.946075
v -74.148842 -12.545835 80.946075
v -67.701111 -12.545835 80.946075
v -61.253387 -12.545835 80.946075
v -54.805664 -12.545835 80.946075
v -48.357941 -12.545835 80.946075
v -41.910210 -12.545835 80.946075
v -35.462486 -12.545835 80.946075
v -29.014759 -12.545835 80.946075
v -22.567036 -12.545835 80.946075
v -16.119312 -12.545835 80.946075
v -9.671587 -12.545835 80.946075
v -3.223863 -12.545835 80.946075
v 3.223863 -12.545835 80.946075
v 9.671587 -12.545835 80.946075
v 16.119312 -12.545835 80.946075
v 22.567036 -12.545835 80.946075
v 29.014759 -12.545835 80.946075
v 35.462486 -12.545835 80.946075
v 41.910210 -12.545835 80.946075
v 48.357941 -12.545835 80.946075
v 54.805664 -12.545835 80.946075
v 61.253387 -12.545835 80.946075
v 67.701111 -12.545835 80.946075
v 74.148842 -12.545835 80.946075
v 80.596573 -12.545835 80.946075
v 80.843697 -12.545835 80.843697
v 80.946075 -2.101295 80.596573
v 80.946075 -2.101295 74.148842
v 80.946075 -2.101295 67.701111
v 80.946075 -2.101295 61.253387
v 80.946075 -2.101295 54.805664
v 80.946075 -2.101295 48.357941
v 80.946075 -2.101295 41.910210
v 80.946075 -2.101295 35.462486
v 80.946075 -2.101295 29.014759
v 80.946075 -2.101295 22.567036
v 80.946075 -2.101295 16.119312
v 80.946075 -2.101295 9.671587
v 80.946075 -2.101295 3.223863
v 80.946075 -2.101295 -3.223863
v 80.946075 -2.101295 -9.671587
v 80.946075 -2.101295 -16.119312
v 80.946075 -2.101295 -22.567036
v 80.946075 -2.101295 -29.014759
v 80.946075 -2.101295 -35.462486
v 80.946075 -2.101295 -41.910210
v 80.946075 -2.101295 -48.357941
v 80.946075 -2.101295 -54.805664
v 80.946075 -2.101295 -61.253387
v 80.946075 -2.101295 -67.701111
v 80.946075 -2.101295 -74.148842
v 80.946075 -2.101295 -80.596573
v 80.843697 -2.101295 -80.843697
v 80.596573 -2.101295 -80.946075
v 74.148842 -2.101295 -80.946075
v 67.701111 -2.101295 -80.946075
v 61.253387 -2.101295 -80.946075
v 54.805664 -2.101295 -80.946075
v 48.357941 -2.101295 -80.946075
v 41.910210 -2.101295 -80.946075
v 35.462486 -2.101295 -80.946075
v 29.014759 -2.101295 -80.946075
v 22.567036 -2.101295 -80.946075
v 16.119312 -2.101295 -80.946075
v 9.671587 -2.101295 -80.946075
v 3.223863 -2.101295 -80.946075
v -3.223863 -2.101295 -80.946075
v -9.671587 -2.101295 -80.946075
v -16.119312 -2.101295 -80.946075
v -22.567036 -2.101295 -80.946075
v -29.014759 -2.101295 -80.946075
v -35.462486 -2.101295 -80.946075
v -41.910210 -2.101295 -80.946075
v -48.357941 -2.101295 -80.946075
v -54.805664 -2.101295 -80.946075
v -61.253387 -2.101295 -80.946075
v -67.701111 -2.101295 -80.946075
v -74.148842 -2.101295 -80.946075
v -80.596573 -2.101295 -80.946075
v -80.843697 -2.101295 -80.843697
v -80.946075 -2.101295 -80.596573
v -80.946075 -2.101295 -74.148842
v -80.946075 -2.101295 -67.701111
v -80.946075 -2.101295 -61.253387
v -80.946075 -2.101295 -54.805664
v -80.946075 -2.101295 -48.357941
v -80.946075 -2.101295 -41.910210
v -80.946075 -2.101295 -35.462486
v -80.946075 -2.101295 -29.014759
v -80.946075 -2.101295 -22.567036
v -80.946075 -2.101295 -16.119312
v -80.946075 -2.101295 -9.671587
v -80.946075 -2.101295 -3.223863
v -80.946075 -2.101295 3.223863
v -80.946075 -2.101295 9.671587
v -80.946075 -2.101295 16.119312
v -80.946075 -2.101295 22.567036
v -80.946075 -2.101295 29.014759
v -80.946075 -2.101295 35.462486
v -80.946075 -2.101295 41.910210
v -80.946075 -2.101295 48.357941
v -80.946075 -2.101295 54.805664
v -80.946075 -2.101295 61.253387
v -80.946075 -2.101295 67.701111
v -80.946075 -2.101295 74.148842
v -80.946075 -2.101295 80.596573
v -80.843697 -2.101295 80.843697
v -80.596573 -2.101295 80.946075
v -74.148842 -2.101295 80.946075
v -67.701111 -2.101295 80.946075
v -61.253387 -2.101295 80.946075
v -54.805664 -2.101295 80.946075
v -48.357941 -2.101295 80.946075
v -41.910210 -2.101295 80.946075
v -35.462486 -2.101295 80.946075
v -29.014759 -2.101295 80.946075
v -22.567036 -2.101295 80.946075
v -16.119312 -2.101295 80.946075
v -9.671587 -2.101295 80.946075
v -3.223863 -2.101295 80.946075
v 3.223863 -2.101295 80.946075
v 9.671587 -2.101295 80.946075
v 16.119312 -2.101295 80.946075
v 22.567036 -2.101295 80.946075
v 29.014759 -2.101295 80.946075
v 35.462486 -2.101295 80.946075
v 41.910210 -2.101295 80.946075
v 48.357941 -2.101295 80.946075
v 54.805664 -2.101295 80.946075
v 61.253387 -2.101295 80.946075
v 67.701111 -2.101295 80.946075
v 74.148842 -2.101295 80.946075
v 80.596573 -2.101295 80.946075
v 80.843697 -2.101295 80.843697
v 80.843697 -1.890721 80.596573
v 80.843697 -1.890721 74.148842
v 80.843697 -1.890721 67.701111
v 80.843697 -1.890721 61.253387
v 80.843697 -1.890721 54.805664
v 80.843697 -1.890721 48.357941
v 80.843697 -1.890721 41.910210
v 80.843697 -1.890721 35.462486
v 80.843697 -1.890721 29.014759
v 80.843697 -1.890721 22.567036
v 80.843697 -1.890721 16.119312
v 80.843697 -1.890721 9.671587
v 80.843697 -1.890721 3.223863
v 80.843697 -1.890721 -3.223863
v 80.843697 -1.890721 -9.671587
v 80.843697 -1.890721 -16.119312
v 80.843697 -1.890721 -22.567036
v 80.843697 -1.890721 -29.014759
v 80.843697 -1.890721 -35.462486
v 80.843697 -1.890721 -41.910210
v 80.843697 -1.890721 -48.357941
v 80.843697 -1.890721 -54.805664
v 80.843697 -1.890721 -61.253387
v 80.843697 -1.890721 -67.701111
v 80.843697 -1.890721 -74.148842
v 80.843697 -1.890721 -80.596573
v 80.771324 -1.890721 -80.771324
v 80.596573 -1.890721 -80.843697
v 74.148842 -1.890721 -80.843697
v 67.701111 -1.890721 -80.843697
v 61.253387 -1.890721 -80.843697
v 54.805664 -1.890721 -80.843697
v 48.357941 -1.890721 -80.843697
v 41.910210 -1.890721 -80.843697
v 35.462486 -1.890721 -80.843697
v 29.014759 -1.890721 -80.843697
v 22.567036 -1.890721 -80.843697
v 16.119312 -1.890721 -80.843697
v 9.671587 -1.890721 -80.843697
v 3.223863 -1.890721 -80.843697
v -3.223863 -1.890721 -80.843697
v -9.671587 -1.890721 -80.843697
v -16.119312 -1.890721 -80.843697
v -22.567036 -1.890721 -80.843697
v -29.014759 -1.890721 -80.843697
v -35.462486 -1.890721 -80.843697
v -41.910210 -1.890721 -80.843697
v -48.357941 -1.890721 -80.843697
v -54.805664 -1.890721 -80.843697
v -61.253387 -1.890721 -80.843697
v -67.701111 -1.890721 -80.843697
v -74.148842 -1.890721 -80.843697
v -80.596573 -1.890721 -80.843697
v -80.771324 -1.890721 -80.771324
v -80.843697 -1.890721 -80.596573
v -80.843697 -1.890721 -74.148842
v -80.843697 -1.890721 -67.701111
v -80.843697 -1.890721 -61.253387
v -80.843697 -1.890721 -54.805664
v -80.843697 -1.890721 -48.357941
v -80.843697 -1.890721 -41.910210
v -80.843697 -1.890721 -35.462486
v -80.843697 -1.890721 -29.014759
v -80.843697 -1.890721 -22.567036
v -80.843697 -1.890721 -16.119312
v -80.843697 -1.890721 -9.671587
v -80.843697 -1.890721 -3.223863
v -80.843697 -1.890721 3.223863
v -80.843697 -1.890721 9.671587
v -80.843697 -1.890721 16.119312
v -80.843697 -1.890721 22.567036
v -80.843697 -1.890721 29.014759
v -80.843697 -1.890721 35.462486
v -80.843697 -1.890721 41.910210
v -80.843697 -1.890721 48.357941
v -80.843697 -1.890721 54.805664
v -80.843697 -1.890721 61.253387
v -80.843697 -1.890721 67.701111
v -80.843697 -1.890721 74.148842
v -80.843697 -1.890721 80.596573
v -80.771324 -1.890721 80.771324
v -80.596573 -1.890721 80.843697
v -74.148842 -1.890721 80.843697
v -67.701111 -1.890721 80.843697
v -61.253387 -1.890721 80.843697
v -54.805664 -1.890721 80.843697
v -48.357941 -1.890721 80.843697
v -41.910210 -1.890721 80.843697
v -35.462486 -1.890721 80.843697
v -29.014759 -1.890721 80.843697
v -22.567036 -1.890721 80.843697
v -16.119312 -1.890721 80.843697
v -9.671587 -1.890721 80.843697
v -3.223863 -1.890721 80.843697
v 3.223863 -1.890721 80.843697
v 9.671587 -1.890721 80.843697
v 16.119312 -1.890721 80.843697
v 22.567036 -1.890721 80.843697
v 29.014759 -1.890721 80.843697
v 35.462486 -1.890721 80.843697
v 41.910210 -1.890721 80.843697
v 48.357941 -1.890721 80.843697
v 54.805664 -1.890721 80.843697
v 61.253387 -1.890721 80.843697
v 67.701111 -1.890721 80.843697
v 74.148842 -1.890721 80.843697
v 80.596573 -1.890721 80.843697
v 80.771324 -1.890721 80.771324
v 80.596573 -1.803500 80.596573
v 80.596573 -1.803500 74.148842
v 80.596573 -1.803500 67.701111
v 80.596573 -1.803500 61.253387
v 80.596573 -1.803500 54.805664
v 80.596573 -1.803500 48.357941
v 80.596573 -1.803500 41.910210
v 80.596573 -1.803500 35.462486
v 80.596573 -1.803500 29.014759
v 80.596573 -1.803500 22.567036
v 80.596573 -1.803500 16.119312
v 80.596573 -1.803500 9.671587
v 80.596573 -1.803500 3.223863
v 80.596573 -1.803500 -3.223863
v 80.596573 -1.803500 -9.671587
v 80.596573 -1.803500 -16.119312
v 80.596573 -1.803500 -22.567036
v 80.596573 -1.803500 -29.014759
v 80.596573 -1.803500 -35.462486
v 80.596573 -1.803500 -41.910210
v 80.596573 -1.803500 -48.357941
v 80.596573 -1.803500 -54.805664
v 80.596573 -1.803500 -61.253387
v 80.596573 -1.803500 -67.701111
v 80.596573 -1.803500 -74.148842
v 80.596573 -1.803500 -80.596573
v 74.148842 -1.803500 -80.596573
v 67.701111 -1.803500 -80.596573
v 61.253387 -1.803500 -80.596573
v 54.805664 -1.803500 -80.596573
v 48.357941 -1.803500 -80.596573
v 41.910210 -1.803500 -80.596573
v 35.462486 -1.803500 -80.596573
v 29.014759 -1.803500 -80.596573
v 22.567036 -1.803500 -80.596573
v 16.119312 -1.803500 -80.596573
v 9.671587 -1.803500 -80.596573
v 3.223863 -1.803500 -80.596573
v -3.223863 -1.803500 -80.596573
v -9.671587 -1.803500 -80.596573
v -16.119312 -1.803500 -80.596573
v -22.567036 -1.803500 -80.596573
v -29.014759 -1.803500 -80.596573
v -35.462486 -1.803500 -80.596573
v -41.910210 -1.803500 -80.596573
v -48.357941 -1.803500 -80.596573
v -54.805664 -1.803500 -80.596573
v -61.253387 -1.803500 -80.596573
v -67.701111 -1.803500 -80.596573
v -74.148842 -1.803500 -80.596573
v -80.596573 -1.803500 -80.596573
v -80.596573 -1.803500 -74.148842
v -80.596573 -1.803500 -67.701111
v -80.596573 -1.803500 -61.253387
v -80.596573 -1.803500 -54.805664
v -80.596573 -1.803500 -48.357941
v -80.596573 -1.803500 -41.910210
v -80.596573 -1.803500 -35.462486
v -80.596573 -1.803500 -29.014759
v -80.596573 -1.803500 -22.567036
v -80.596573 -1.803500 -16.119312
v -80.596573 -1.803500 -9.671587
v -80.596573 -1.803500 -3.223863
v -80.596573 -1.803500 3.223863
v -80.596573 -1.803500 9.671587
v -80.596573 -1.803500 16.119312
v -80.596573 -1.803500 22.567036
v -80.596573 -1.803500 29.014759
v -80.596573 -1.803500 35.462486
v -80.596573 -1.803500 41.910210
v -80.596573 -1.803500 48.357941
v -80.596573 -1.803500 54.805664
v -80.596573 -1.803500 61.253387
v -80.596573 -1.803500 67.701111
v -80.596573 -1.803500 74.148842
v -80.596573 -1.803500 80.596573
v -74.148842 -1.803500 80.596573
v -67.701111 -1.803500 80.596573
v -61.253387 -1.803500 80.596573
v -54.805664 -1.803500 80.596573
v -48.357941 -1.803500 80.596573
v -41.910210 -1.803500 80.596573
v -35.462486 -1.803500 80.596573
v -29.014759 -1.803500 80.596573
v -22.567036 -1.803500 80.596573
v -16.119312 -1.803500 80.596573
v -9.671587 -1.803500 80.596573
v -3.223863 -1.803500 80.596573
v 3.223863 -1.803500 80.596573
v 9.671587 -1.803500 80.596573
v 16.119312 -1.803500 80.596573
v 22.567036 -1.803500 80.596573
v 29.014759 -1.803500 80.596573
v 35.462486 -1.803500 80.596573
v 41.910210 -1.803500 80.596573
v 48.357941 -1.803500 80.596573
v 54.805664 -1.803500 80.596573
v 61.253387 -1.803500 80.596573
v 67.701111 -1.803500 80.596573
v 74.148842 -1.803500 80.596573
v 74.148842 -1.803500 74.148842
v 67.701111 -1.803500 74.148842
v 61.253387 -1.803500 74.148842
v 54.805664 -1.803500 74.148842
v 48.357941 -1.803500 74.148842
v 41.910210 -1.803500 74.148842
v 35.462486 -1.803500 74.148842
v 29.014759 -1.803500 74.148842
v 22.567036 -1.803500 74.148842
v 16.119312 -1.803500 74.148842
v 9.671587 -1.803500 74.148842
v 3.223863 -1.803500 74.148842
v -3.223863 -1.803500 74.148842
v -9.671587 -1.803500 74.148842
v -16.119312 -1.803500 74.148842
v -22.567036 -1.803500 74.148842
v -29.014759 -1.803500 74.148842
v -35.462486 -1.803500 74.148842
v -41.910210 -1.803500 74.148842
v -48.357941 -1.803500 74.148842
v -54.805664 -1.803500 74.148842
v -61.253387 -1.803500 74.148842
v -67.701111 -1.803500 74.148842
v -74.148842 -1.803500 74.148842
v 74.148842 -1.803500 67.701111
v -74.148842 -1.803500 67.701111
v 74.148842 -1.803500 61.253387
v -74.148842 -1.803500 61.253387
v 74.148842 -1.803500 54.805664
v -74.148842 -1.803500 54.805664
v 74.148842 -1.803500 48.357941
v -74.148842 -1.803500 48.357941
v 74.148842 -1.803500 41.910210
v -74.148842 -1.803500 41.910210
v 74.148842 -1.803500 35.462486
v -74.148842 -1.803500 35.462486
v 74.148842 -1.803500 29.014759
v -74.148842 -1.803500 29.014759
v 74.148842 -1.803500 22.567036
v -74.148842 -1.803500 22.567036
v 74.148842 -1.803500 16.119312
v -74.148842 -1.803500 16.119312
v 74.148842 -1.803500 9.671587
v -74.148842 -1.803500 9.671587
v 74.148842 -1.803500 3.223863
v -74.148842 -1.803500 3.223863
v 74.148842 -1.803500 -3.223863
v -74.148842 -1.803500 -3.223863
v 74.148842 -1.803500 -9.671587
v -74.148842 -1.803500 -9.671587
v 74.148842 -1.803500 -16.119312
v -74.148842 -1.803500 -16.119312
v 74.148842 -1.803500 -22.567036
v -74.148842 -1.803500 -22.567036
v 74.148842 -1.803500 -29.014759
v -74.148842 -1.803500 -29.014759
v 74.148842 -1.803500 -35.462486
v -74.148842 -1.803500 -35.462486
v 74.148842 -1.803500 -41.910210
v -74.148842 -1.803500 -41.910210
v 74.148842 -1.803500 -48.357941
v -74.148842 -1.803500 -48.357941
v 74.148842 -1.803500 -54.805664
v -74.148842 -1.803500 -54.805664
v 74.148842 -1.803500 -61.253387
v -74.148842 -1.803500 -61.253387
v 74.148842 -1.803500 -67.701111
v -74.148842 -1.803500 -67.701111
v 74.148842 -1.803500 -74.148842
v 67.701111 -1.803500 -74.148842
v 61.253387 -1.803500 -74.148842
v 54.805664 -1.803500 -74.148842
v 48.357941 -1.803500 -74.148842
v 41.910210 -1.803500 -74.148842
v 35.462486 -1.803500 -74.148842
v 29.014759 -1.803500 -74.148842
v 22.567036 -1.803500 -74.148842
v 16.119312 -1.803500 -74.148842
v 9.671587 -1.803500 -74.148842
v 3.223863 -1.803500 -74.148842
v -3.223863 -1.803500 -74.148842
v -9.671587 -1.803500 -74.148842
v -16.119312 -1.803500 -74.148842
v -22.567036 -1.803500 -74.148842
v -29.014759 -1.803500 -74.148842
v -35.462486 -1.803500 -74.148842
v -41.910210 -1.803500 -74.148842
v -48.357941 -1.803500 -74.148842
v -54.805664 -1.803500 -74.148842
v -61.253387 -1.803500 -74.148842
v -67.701111 -1.803500 -74.148842
v -74.148842 -1.803500 -74.148842
v 74.148842 -12.843633 74.148842
v 67.701111 -12.843633 74.148842
v 61.253387 -12.843633 74.148842
v 54.805664 -12.843633 74.148842
v 48.357941 -12.843633 74.148842
v 41.910210 -12.843633 74.148842
v 35.462486 -12.843633 74.148842
v 29.014759 -12.843633 74.148842
v 22.567036 -12.843633 74.148842
v 16.119312 -12.843633 74.148842
v 9.671587 -12.843633 74.148842
v 3.223863 -12.843633 74.148842
v -3.223863 -12.843633 74.148842
v -9.671587 -12.843633 74.148842
v -16.119312 -12.843633 74.148842
v -22.567036 -12.843633 74.148842
v -29.014759 -12.843633 74.148842
v -35.462486 -12.843633 74.148842
v -41.910210 -12.843633 74.148842
v -48.357941 -12.843633 74.148842
v -54.805664 -12.843633 74.148842
v -61.253387 -12.843633 74.148842
v -67.701111 -12.843633 74.148842
v -74.148842 -12.843633 74.148842
v 74.148842 -12.843633 67.701111
v 67.701111 -12.843633 67.701111
v 61.253387 -12.843633 67.701111
v 54.805664 -12.843633 67.701111
v 48.357941 -12.843633 67.701111
v 41.910210 -12.843633 67.701111
v 35.462486 -12.843633 67.701111
v 29.014759 -12.843633 67.701111
v 22.567036 -12.843633 67.701111
v 16.119312 -12.843633 67.701111
v 9.671587 -12.843633 67.701111
v 3.223863 -12.843633 67.701111
v -3.223863 -12.843633 67.701111
v -9.671587 -12.843633 67.701111
v -16.119312 -12.843633 67.701111
v -22.567036 -12.843633 67.701111
v -29.014759 -12.843633 67.701111
v -35.462486 -12.843633 67.701111
v -41.910210 -12.843633 67.701111
v -48.357941 -12.843633 67.701111
v -54.805664 -12.843633 67.701111
v -61.253387 -12.843633 67.701111
v -67.701111 -12.843633 67.701111
v -74.148842 -12.843633 67.701111
v 74.148842 -12.843633 61.253387
v 67.701111 -12.843633 61.253387
v 61.253387 -12.843633 61.253387
v 54.805664 -12.843633 61.253387
v 48.357941 -12.843633 61.253387
v 41.910210 -12.843633 61.253387
v 35.462486 -12.843633 61.253387
v 29.014759 -12.843633 61.253387
v 22.567036 -12.843633 61.253387
v 16.119312 -12.843633 61.253387
v 9.671587 -12.843633 61.253387
v 3.223863 -12.843633 61.253387
v -3.223863 -12.843633 61.253387
v -9.671587 -12.843633 61.253387
v -16.119312 -12.843633 61.253387
v -22.567036 -12.843633 61.253387
v -29.014759 -12.843633 61.253387
v -35.462486 -12.843633 61.253387
v -41.910210 -12.843633 61.253387
v -48.357941 -12.843633 61.253387
v -54.805664 -12.843633 61.253387
v -61.253387 -12.843633 61.253387
v -67.701111 -12.843633 61.253387
v -74.148842 -12.843633 61.253387
v 74.148842 -12.843633 54.805664
v 67.701111 -12.843633 54.805664
v 61.253387 -12.843633 54.805664
v 54.805664 -12.843633 54.805664
v 48.357941 -12.843633 54.805664
v 41.910210 -12.843633 54.805664
v 35.462486 -12.843633 54.805664
v 29.014759 -12.843633 54.805664
v 22.567036 -12.843633 54.805664
v 16.119312 -12.843633 54.805664
v 9.671587 -12.843633 54.805664
v 3.223863 -12.843633 54.805664
v -3.223863 -12.843633 54.805664
v -9.671587 -12.843633 54.805664
v -16.119312 -12.843633 54.805664
v -22.567036 -12.843633 54.805664
v -29.014759 -12.843633 54.805664
v -35.462486 -12.843633 54.805664
v -41.910210 -12.843633 54.805664
v -48.357941 -12.843633 54.805664
v -54.805664 -12.843633 54.805664
v -61.253387 -12.843633 54.805664
v -67.701111 -12.843633 54.805664
v -74.148842 -12.843633 54.805664
v 74.148842 -12.843633 48.357941
v 67.701111 -12.843633 48.357941
v 61.253387 -12.843633 48.357941
v 54.805664 -12.843633 48.357941
v 48.357941 -12.843633 48.357941
v 41.910210 -12.843633 48.357941
v 35.462486 -12.843633 48.357941
v 29.014759 -12.843633 48.357941
v 22.567036 -12.843633 48.357941
v 16.119312 -12.843633 48.357941
v 9.671587 -12.843633 48.357941
v 3.223863 -12.843633 48.357941
v -3.223863 -12.843633 48.357941
v -9.671587 -12.843633 48.357941
v -16.119312 -12.843633 48.357941
v -22.567036 -12.843633 48.357941
v -29.014759 -12.843633 48.357941
v -35.462486 -12.843633 48.357941
v -41.910210 -12.843633 48.357941
v -48.357941 -12.843633 48.357941
v -54.805664 -12.843633 48.357941
v -61.253387 -12.843633 48.357941
v -67.701111 -12.843633 48.357941
v -74.148842 -12.843633 48.357941
v 74.148842 -12.843633 41.910210
v 67.701111 -12.843633 41.910210
v 61.253387 -12.843633 41.910210
v 54.805664 -12.843633 41.910210
v 48.357941 -12.843633 41.910210
v 41.910210 -12.843633 41.910210
v 35.462486 -12.843633 41.910210
v 29.014759 -12.843633 41.910210
v 22.567036 -12.843633 41.910210
v 16.119312 -12.843633 41.910210
v 9.671587 -12.843633 41.910210
v 3.223863 -12.843633 41.910210
v -3.223863 -12.843633 41.910210
v -9.671587 -12.843633 41.910210
v -16.119312 -12.843633 41.910210
v -22.567036 -12.843633 41.910210
v -29.014759 -12.843633 41.910210
v -35.462486 -12.843633 41.910210
v -41.910210 -12.843633 41.910210
v -48.357941 -12.843633 41.910210
v -54.805664 -12.843633 41.910210
v -61.253387 -12.843633 41.910210
v -67.701111 -12.843633 41.910210
v -74.148842 -12.843633 41.910210
v 74.148842 -12.843633 35.462486
v 67.701111 -12.843633 35.462486
v 61.253387 -12.843633 35.462486
v 54.805664 -12.843633 35.462486
v 48.357941 -12.843633 35.462486
v 41.910210 -12.843633 35.462486
v 35.462486 -12.843633 35.462486
v 29.014759 -12.843633 35.462486
v 22.567036 -12.843633 35.462486
v 16.119312 -12.843633 35.462486
v 9.671587 -12.843633 35.462486
v 3.223863 -12.843633 35.462486
v -3.223863 -12.843633 35.462486
v -9.671587 -12.843633 35.462486
v -16.119312 -12.843633 35.462486
v -22.567036 -12.843633 35.462486
v -29.014759 -12.843633 35.462486
v -35.462486 -12.843633 35.462486
v -41.910210 -12.843633 35.462486
v -48.357941 -12.843633 35.462486
v -54.805664 -12.843633 35.462486
v -61.253387 -12.843633 35.462486
v -67.701111 -12.843633 35.462486
v -74.148842 -12.843633 35.462486
v 74.148842 -12.843633 29.014759
v 67.701111 -12.843633 29.014759
v 61.253387 -12.843633 29.014759
v 54.805664 -12.843633 29.014759
v 48.357941 -12.843633 29.014759
v 41.910210 -12.843633 29.014759
v 35.462486 -12.843633 29.014759
v 29.014759 -12.843633 29.014759
v 22.567036 -12.843633 29.014759
v 16.119312 -12.843633 29.014759
v 9.671587 -12.843633 29.014759
v 3.223863 -12.843633 29.014759
v -3.223863 -12.843633 29.014759
v -9.671587 -12.843633 29.014759
v -16.119312 -12.843633 29.014759
v -22.567036 -12.843633 29.014759
v -29.014759 -12.843633 29.014759
v -35.462486 -12.843633 29.014759
v -41.910210 -12.843633 29.014759
v -48.357941 -12.843633 29.014759
v -54.805664 -12.843633 29.014759
v -61.253387 -12.843633 29.014759
v -67.701111 -12.843633 29.014759
v -74.148842 -12.843633 29.014759
v 74.148842 -12.843633 22.567036
v 67.701111 -12.843633 22.567036
v 61.253387 -12.843633 22.567036
v 54.805664 -12.843633 22.567036
v 48.357941 -12.843633 22.567036
v 41.910210 -12.843633 22.567036
v 35.462486 -12.843633 22.567036
v 29.014759 -12.843633 22.567036
v 22.567036 -12.843633 22.567036
v 16.119312 -12.843633 22.567036
v 9.671587 -12.843633 22.567036
v 3.223863 -12.843633 22.567036
v -3.223863 -12.843633 22.567036
v -9.671587 -12.843633 22.567036
v -16.119312 -12.843633 22.567036
v -22.567036 -12.843633 22.567036
v -29.014759 -12.843633 22.567036
v -35.462486 -12.843633 22.567036
v -41.910210 -12.843633 22.567036
v -48.357941 -12.843633 22.567036
v -54.805664 -12.843633 22.567036
v -61.253387 -12.843633 22.567036
v -67.701111 -12.843633 22.567036
v -74.148842 -12.843633 22.567036
v 74.148842 -12.843633 16.119312
v 67.701111 -12.843633 16.119312
v 61.253387 -12.843633 16.119312
v 54.805664 -12.843633 16.119312
v 48.357941 -12.843633 16.119312
v 41.910210 -12.843633 16.119312
v 35.462486 -12.843633 16.119312
v 29.014759 -12.843633 16.119312
v 22.567036 -12.843633 16.119312
v 16.119312 -12.843633 16.119312
v 9.671587 -12.843633 16.119312
v 3.223863 -12.843633 16.119312
v -3.223863 -12.843633 16.119312
v -9.671587 -12.843633 16.119312
v -16.119312 -12.843633 16.119312
v -22.567036 -12.843633 16.119312
v -29.014759 -12.843633 16.119312
v -35.462486 -12.843633 16.119312
v -41.910210 -12.843633 16.119312
v -48.357941 -12.843633 16.119312
v -54.805664 -12.843633 16.119312
v -61.253387 -12.843633 16.119312
v -67.701111 -12.843633 16.119312
v -74.148842 -12.843633 16.119312
v 74.148842 -12.843633 9.671587
v 67.701111 -12.843633 9.671587
v 61.253387 -12.843633 9.671587
v 54.805664 -12.843633 9.671587
v 48.357941 -12.843633 9.671587
v 41.910210 -12.843633 9.671587
v 35.462486 -12.843633 9.671587
v 29.014759 -12.843633 9.671587
v 22.567036 -12.843633 9.671587
v 16.119312 -12.843633 9.671587
v 9.671587 -12.843633 9.671587
v 3.223863 -12.843633 9.671587
v -3.223863 -12.843633 9.671587
v -9.671587 -12.843633 9.671587
v -16.119312 -12.843633 9.671587
v -22.567036 -12.843633 9.671587
v -29.014759 -12.843633 9.671587
v -35.462486 -12.843633 9.671587
v -41.910210 -12.843633 9.671587
v -48.357941 -12.843633 9.671587
v -54.805664 -12.843633 9.671587
v -61.253387 -12.843633 9.671587
v -67.701111 -12.843633 9.671587
v -74.148842 -12.843633 9.671587
v 74.148842 -12.843633 3.223863
v 67.701111 -12.843633 3.223863
v 61.253387 -12.843633 3.223863
v 54.805664 -12.843633 3.223863
v 48.357941 -12.843633 3.223863
v 41.910210 -12.843633 3.223863
v 35.462486 -12.843633 3.223863
v 29.014759 -12.843633 3.223863
v 22.567036 -12.843633 3.223863
v 16.119312 -12.843633 3.223863
v 9.671587 -12.843633 3.223863
v 3.223863 -12.843633 3.223863
v -3.223863 -12.843633 3.223863
v -9.671587 -12.843633 3.223863
v -16.119312 -12.843633 3.223863
v -22.567036 -12.843633 3.223863
v -29.014759 -12.843633 3.223863
v -35.462486 -12.843633 3.223863
v -41.910210 -12.843633 3.223863
v -48.357941 -12.843633 3.223863
v -54.805664 -12.843633 3.223863
v -61.253387 -12.843633 3.223863
v -67.701111 -12.843633 3.223863
v -74.148842 -12.843633 3.223863
v 74.148842 -12.843633 -3.223863
v 67.701111 -12.843633 -3.223863
v 61.253387 -12.843633 -3.223863
v 54.805664 -12.843633 -3.223863
v 48.357941 -12.843633 -3.223863
v 41.910210 -12.843633 -3.223863
v 35.462486 -12.843633 -3.223863
v 29.014759 -12.843633 -3.223863
v 22.567036 -12.843633 -3.223863
v 16.119312 -12.843633 -3.223863
v 9.671587 -12.843633 -3.223863
v 3.223863 -12.843633 -3.223863
v -3.223863 -12.843633 -3.223863
v -9.671587 -12.843633 -3.223863
v -16.119312 -12.843633 -3.223863
v -22.567036 -12.843633 -3.223863
v -29.014759 -12.843633 -3.223863
v -35.462486 -12.843633 -3.223863
v -41.910210 -12.843633 -3.223863
v -48.357941 -12.843633 -3.223863
v -54.805664 -12.843633 -3.223863
v -61.253387 -12.843633 -3.223863
v -67.701111 -12.843633 -3.223863
v -74.148842 -12.843633 -3.223863
v 74.148842 -12.843633 -9.671587
v 67.701111 -12.843633 -9.671587
v 61.253387 -12.843633 -9.671587
v 54.805664 -12.843633 -9.671587
v 48.357941 -12.843633 -9.671587
v 41.910210 -12.843633 -9.671587
v 35.462486 -12.843633 -9.671587
v 29.014759 -12.843633 -9.671587
v 22.567036 -12.843633 -9.671587
v 16.119312 -12.843633 -9.671587
v 9.671587 -12.843633 -9.671587
v 3.223863 -12.843633 -9.671587
v -3.223863 -12.843633 -9.671587
v -9.671587 -12.843633 -9.671587
v -16.119312 -12.843633 -9.671587
v -22.567036 -12.843633 -9.671587
v -29.014759 -12.843633 -9.671587
v -35.462486 -12.843633 -9.671587
v -41.910210 -12.843633 -9.671587
v -48.357941 -12.843633 -9.671587
v -54.805664 -12.843633 -9.671587
v -61.253387 -12.843633 -9.671587
v -67.701111 -12.843633 -9.671587
v -74.148842 -12.843633 -9.671587
v 74.148842 -12.843633 -16.119312
v 67.701111 -12.843633 -16.119312
v 61.253387 -12.843633 -16.119312
v 54.805664 -12.843633 -16.119312
v 48.357941 -12.843633 -16.119312
v 41.910210 -12.843633 -16.119312
v 35.462486 -12.843633 -16.119312
v 29.014759 -12.843633 -16.119312
v 22.567036 -12.843633 -16.119312
v 16.119312 -12.843633 -16.119312
v 9.671587 -12.843633 -16.119312
v 3.223863 -12.843633 -16.119312
v -3.223863 -12.843633 -16.119312
v -9.671587 -12.843633 -16.119312
v -16.119312 -12.843633 -16.119312
v -22.567036 -12.843633 -16.119312
v -29.014759 -12.843633 -16.119312
v -35.462486 -12.843633 -16.119312
v -41.910210 -12.843633 -16.119312
v -48.357941 -12.843633 -16.119312
v -54.805664 -12.843633 -16.119312
v -61.253387 -12.843633 -16.119312
v -67.701111 -12.843633 -16.119312
v -74.148842 -12.843633 -16.119312
v 74.148842 -12.843633 -22.567036
v 67.701111 -12.843633 -22.567036
v 61.253387 -12.843633 -22.567036
v 54.805664 -12.843633 -22.567036
v 48.357941 -12.843633 -22.567036
v 41.910210 -12.843633 -22.567036
v 35.462486 -12.843633 -22.567036
v 29.014759 -12.843633 -22.567036
v 22.567036 -12.843633 -22.567036
v 16.119312 -12.843633 -22.567036
v 9.671587 -12.843633 -22.567036
v 3.223863 -12.843633 -22.567036
v -3.223863 -12.843633 -22.567036
v -9.671587 -12.843633 -22.567036
v -16.119312 -12.843633 -22.567036
v -22.567036 -12.843633 -22.567036
v -29.014759 -12.843633 -22.567036
v -35.462486 -12.843633 -22.567036
v -41.910210 -12.843633 -22.567036
v -48.357941 -12.843633 -22.567036
v -54.805664 -12.843633 -22.567036
v -61.253387 -12.843633 -22.567036
v -67.701111 -12.843633 -22.567036
v -74.148842 -12.843633 -22.567036
v 74.148842 -12.843633 -29.014759
v 67.701111 -12.843633 -29.014759
v 61.253387 -12.843633 -29.014759
v 54.805664 -12.843633 -29.014759
v 48.357941 -12.843633 -29.014759
v 41.910210 -12.843633 -29.014759
v 35.462486 -12.843633 -29.014759
v 29.014759 -12.843633 -29.014759
v 22.567036 -12.843633 -29.014759
v 16.119312 -12.843633 -29.014759
v 9.671587 -12.843633 -29.014759
v 3.223863 -12.843633 -29.014759
v -3.223863 -12.843633 -29.014759
v -9.671587 -12.843633 -29.014759
v -16.119312 -12.843633 -29.014759
v -22.567036 -12.843633 -29.014759
v -29.014759 -12.843633 -29.014759
v -35.462486 -12.843633 -29.014759
v -41.910210 -12.843633 -29.014759
v -48.357941 -12.843633 -29.014759
v -54.805664 -12.843633 -29.014759
v -61.253387 -12.843633 -29.014759
v -67.701111 -12.843633 -29.014759
v -74.148842 -12.843633 -29.014759
v 74.148842 -12.843633 -35.462486
v 67.701111 -12.843633 -35.462486
v 61.253387 -12.843633 -35.462486
v 54.805664 -12.843633 -35.462486
v 48.357941 -12.843633 -35.462486
v 41.910210 -12.843633 -35.462486
v 35.462486 -12.843633 -35.462486
v 29.014759 -12.843633 -35.462486
v 22.567036 -12.843633 -35.462486
v 16.119312 -12.843633 -35.462486
v 9.671587 -12.843633 -35.462486
v 3.223863 -12.843633 -35.462486
v -3.223863 -12.843633 -35.462486
v -9.671587 -12.843633 -35.462486
v -16.119312 -12.843633 -35.462486
v -22.567036 -12.843633 -35.462486
v -29.014759 -12.843633 -35.462486
v -35.462486 -12.843633 -35.462486
v -41.910210 -12.843633 -35.462486
v -48.357941 -12.843633 -35.462486
v -54.805664 -12.843633 -35.462486
v -61.253387 -12.843633 -35.462486
v -67.701111 -12.843633 -35.462486
v -74.148842 -12.843633 -35.462486
v 74.148842 -12.843633 -41.910210
v 67.701111 -12.843633 -41.910210
v 61.253387 -12.843633 -41.910210
v 54.805664 -12.843633 -41.910210
v 48.357941 -12.843633 -41.910210
v 41.910210 -12.843633 -41.910210
v 35.462486 -12.843633 -41.910210
v 29.014759 -12.843633 -41.910210
v 22.567036 -12.843633 -41.910210
v 16.119312 -12.843633 -41.910210
v 9.671587 -12.843633 -41.910210
v 3.223863 -12.843633 -41.910210
v -3.223863 -12.843633 -41.910210
v -9.671587 -12.843633 -41.910210
v -16.119312 -12.843633 -41.910210
v -22.567036 -12.843633 -41.910210
v -29.014759 -12.843633 -41.910210
v -35.462486 -12.843633 -41.910210
v -41.910210 -12.843633 -41.910210
v -48.357941 -12.843633 -41.910210
v -54.805664 -12.843633 -41.910210
v -61.253387 -12.843633 -41.910210
v -67.701111 -12.843633 -41.910210
v -74.148842 -12.843633 -41.910210
v 74.148842 -12.843633 -48.357941
v 67.701111 -12.843633 -48.357941
v 61.253387 -12.843633 -48.357941
v 54.805664 -12.843633 -48.357941
v 48.357941 -12.843633 -48.357941
v 41.910210 -12.843633 -48.357941
v 35.462486 -12.843633 -48.357941
v 29.014759 -12.843633 -48.357941
v 22.567036 -12.843633 -48.357941
v 16.119312 -12.843633 -48.357941
v 9.671587 -12.843633 -48.357941
v 3.223863 -12.843633 -48.357941
v -3.223863 -12.843633 -48.357941
v -9.671587 -12.843633 -48.357941
v -16.119312 -12.843633 -48.357941
v -22.567036 -12.843633 -48.357941
v -29.014759 -12.843633 -48.357941
v -35.462486 -12.843633 -48.357941
v -41.910210 -12.843633 -48.357941
v -48.357941 -12.843633 -48.357941
v -54.805664 -12.843633 -48.357941
v -61.253387 -12.843633 -48.357941
v -67.701111 -12.843633 -48.357941
v -74.148842 -12.843633 -48.357941
v 74.148842 -12.843633 -54.805664
v 67.701111 -12.843633 -54.805664
v 61.253387 -12.843633 -54.805664
v 54.805664 -12.843633 -54.805664
v 48.357941 -12.843633 -54.805664
v 41.910210 -12.843633 -54.805664
v 35.462486 -12.843633 -54.805664
v 29.014759 -12.843633 -54.805664
v 22.567036 -12.843633 -54.805664
v 16.119312 -12.843633 -54.805664
v 9.671587 -12.843633 -54.805664
v 3.223863 -12.843633 -54.805664
v -3.223863 -12.843633 -54.805664
v -9.671587 -12.843633 -54.805664
v -16.119312 -12.843633 -54.805664
v -22.567036 -12.843633 -54.805664
v -29.014759 -12.843633 -54.805664
v -35.462486 -12.843633 -54.805664
v -41.910210 -12.843633 -54.805664
v -48.357941 -12.843633 -54.805664
v -54.805664 -12.843633 -54.805664
v -61.253387 -12.843633 -54.805664
v -67.701111 -12.843633 -54.805664
v -74.148842 -12.843633 -54.805664
v 74.148842 -12.843633 -61.253387
v 67.701111 -12.843633 -61.253387
v 61.253387 -12.843633 -61.253387
v 54.805664 -12.843633 -61.253387
v 48.357941 -12.843633 -61.253387
v 41.910210 -12.843633 -61.253387
v 35.462486 -12.843633 -61.253387
v 29.014759 -12.843633 -61.253387
v 22.567036 -12.843633 -61.253387
v 16.119312 -12.843633 -61.253387
v 9.671587 -12.843633 -61.253387
v 3.223863 -12.843633 -61.253387
v -3.223863 -12.843633 -61.253387
v -9.671587 -12.843633 -61.253387
v -16.119312 -12.843633 -61.253387
v -22.567036 -12.843633 -61.253387
v -29.014759 -12.843633 -61.253387
v -35.462486 -12.843633 -61.253387
v -41.910210 -12.843633 -61.253387
v -48.357941 -12.843633 -61.253387
v -54.805664 -12.843633 -61.253387
v -61.253387 -12.843633 -61.253387
v -67.701111 -12.843633 -61.253387
v -74.148842 -12.843633 -61.253387
v 74.148842 -12.843633 -67.701111
v 67.701111 -12.843633 -67.701111
v 61.253387 -12.843633 -67.701111
v 54.805664 -12.843633 -67.701111
v 48.357941 -12.843633 -67.701111
v 41.910210 -12.843633 -67.701111
v 35.462486 -12.843633 -67.701111
v 29.014759 -12.843633 -67.701111
v 22.567036 -12.843633 -67.701111
v 16.119312 -12.843633 -67.701111
v 9.671587 -12.843633 -67.701111
v 3.223863 -12.843633 -67.701111
v -3.223863 -12.843633 -67.701111
v -9.671587 -12.843633 -67.701111
v -16.119312 -12.843633 -67.701111
v -22.567036 -12.843633 -67.701111
v -29.014759 -12.843633 -67.701111
v -35.462486 -12.843633 -67.701111
v -41.910210 -12.843633 -67.701111
v -48.357941 -12.843633 -67.701111
v -54.805664 -12.843633 -67.701111
v -61.253387 -12.843633 -67.701111
v -67.701111 -12.843633 -67.701111
v -74.148842 -12.843633 -67.701111
v 74.148842 -12.843633 -74.148842
v 67.701111 -12.843633 -74.148842
v 61.253387 -12.843633 -74.148842
v 54.805664 -12.843633 -74.148842
v 48.357941 -12.843633 -74.148842
v 41.910210 -12.843633 -74.148842
v 35.462486 -12.843633 -74.148842
v 29.014759 -12.843633 -74.148842
v 22.567036 -12.843633 -74.148842
v 16.119312 -12.843633 -74.148842
v 9.671587 -12.843633 -74.148842
v 3.223863 -12.843633 -74.148842
v -3.223863 -12.843633 -74.148842
v -9.671587 -12.843633 -74.148842
v -16.119312 -12.843633 -74.148842
v -22.567036 -12.843633 -74.148842
v -29.014759 -12.843633 -74.148842
v -35.462486 -12.843633 -74.148842
v -41.910210 -12.843633 -74.148842
v -48.357941 -12.843633 -74.148842
v -54.805664 -12.843633 -74.148842
v -61.253387 -12.843633 -74.148842
v -67.701111 -12.843633 -74.148842
v -74.148842 -12.843633 -74.148842
v 73.337143 -1.803500 54.805664
v -73.337143 -1.803500 61.253387
v 73.244392 -1.803500 73.244392
v -48.357941 -1.803500 -73.337143
v 61.253387 -1.803500 73.337143
v -73.337143 -1.803500 48.357941
v 73.337143 -1.803500 -48.357941
v -73.337143 -1.803500 -41.910210
v 48.357941 -1.803500 73.337143
v -73.337143 -1.803500 -48.357941
v 73.337143 -1.803500 35.462486
v -22.567036 -1.803500 73.337143
v 73.337143 -1.803500 29.014759
v -29.014759 -1.803500 73.337143
v 16.119312 -1.803500 73.337143
v 9.671587 -1.803500 73.337143
v 73.337143 -1.803500 16.119312
v -3.223863 -1.803500 73.337143
v 67.701111 -1.803500 -73.337143
v 3.223863 -1.803500 -73.337143
v 73.337143 -1.803500 9.671587
v -9.671587 -1.803500 73.337143
v -73.337143 -1.803500 9.671587
v -16.119312 -1.803500 73.337143
v 41.910210 -1.803500 -73.337143
v 73.337143 -1.803500 61.253387
v -35.462486 -1.803500 73.337143
v 73.337143 -1.803500 -3.223863
v -73.337143 -1.803500 -3.223863
v 29.014759 -1.803500 -73.337143
v 22.567036 -1.803500 -73.337143
v 73.337143 -1.803500 -41.910210
v 73.337143 -1.803500 -9.671587
v -73.337143 -1.803500 -9.671587
v 73.337143 -1.803500 -16.119312
v -67.701111 -1.803500 73.337143
v -61.253387 -1.803500 -73.337143
v -9.671587 -1.803500 -73.337143
v 48.357941 -1.803500 -73.337143
v -73.337143 -1.803500 -54.805664
v 73.337143 -1.803500 -61.253387
v 35.462486 -1.803500 -73.337143
v -73.337143 -1.803500 54.805664
v -73.337143 -1.803500 -61.253387
v -3.223863 -1.803500 -73.337143
v -73.337143 -1.803500 22.567036
v -73.244392 -1.803500 -73.244392
v 49.653923 -1.803500 73.337143
v 73.337143 -1.803500 32.129013
v 73.337143 -1.803500 14.604097
v -73.337143 -1.803500 73.020477
v -37.970654 -1.803500 73.337143
v 73.337143 -1.803500 37.970654
v 73.337143 -1.803500 73.020477
v -49.653923 -1.803500 73.337143
v 73.337143 -1.803500 61.337212
v -73.337143 -1.803500 32.129013
v 73.337143 -1.803500 2.920820
v 73.020477 -1.803500 73.337143
v -73.337143 -1.803500 -2.920820
v -61.337212 -1.803500 73.337143
v -43.812290 -1.803500 73.337143
v 8.762458 -1.803500 73.337143
v -73.337143 -1.803500 20.445738
v 61.337212 -1.803500 73.337143
v 73.337143 -1.803500 20.445738
v 55.495567 -1.803500 73.337143
v 73.337143 -1.803500 -20.445738
v -73.244392 -1.803500 73.244392
v -73.020477 -1.803500 73.337143
v 73.337143 -1.803500 8.762458
v -73.337143 -1.803500 37.970654
v -26.287378 -1.803500 73.337143
v -73.337143 -1.803500 -26.287378
v -32.129013 -1.803500 73.337143
v 73.337143 -1.803500 -32.129013
v 73.337143 -1.803500 -14.604097
v 73.337143 -1.803500 26.287378
v 73.337143 -1.803500 -8.762458
v 67.178848 -1.803500 73.337143
v -73.337143 -1.803500 14.604097
v -73.337143 -1.803500 -49.653923
v 73.337143 -1.803500 -55.495567
v 73.337143 -1.803500 -67.178848
v -73.337143 -1.803500 -32.129013
v -73.337143 -1.803500 -67.178848
v 73.337143 -1.803500 -73.020477
v 73.244392 -1.803500 -73.244392
v 73.020477 -1.803500 -73.337143
v 67.178848 -1.803500 -73.337143
v 61.337212 -1.803500 -73.337143
v 49.653923 -1.803500 -73.337143
v -20.445738 -1.803500 73.337143
v 43.812290 -1.803500 -73.337143
v 37.970654 -1.803500 -73.337143
v 32.129013 -1.803500 -73.337143
v 26.287378 -1.803500 -73.337143
v 20.445738 -1.803500 -73.337143
v 2.920820 -1.803500 -73.337143
v -2.920820 -1.803500 -73.337143
v -8.762458 -1.803500 -73.337143
v -32.129013 -1.803500 -73.337143
v -43.812290 -1.803500 -73.337143
v -49.653923 -1.803500 -73.337143
v -73.020477 -1.803500 -73.337143
v 73.020477 -3.813397 73.020477
v 73.020477 -3.813397 67.178848
v 73.020477 -3.813397 61.337212
v 73.020477 -3.813397 55.495567
v 73.020477 -3.813397 49.653923
v 73.020477 -3.813397 43.812290
v 73.020477 -3.813397 37.970654
v 73.020477 -3.813397 32.129013
v 73.020477 -3.813397 26.287378
v 73.020477 -3.813397 20.445738
v 73.020477 -3.813397 14.604097
v 73.020477 -3.813397 8.762458
v 73.020477 -3.813397 2.920820
v 73.020477 -3.813397 -2.920820
v 73.020477 -3.813397 -8.762458
v 73.020477 -3.813397 -14.604097
v 73.020477 -3.813397 -20.445738
v 73.020477 -3.813397 -26.287378
v 73.020477 -3.813397 -32.129013
v 73.020477 -3.813397 -37.970654
v 73.020477 -3.813397 -43.812290
v 73.020477 -3.813397 -49.653923
v 73.020477 -3.813397 -55.495567
v 73.020477 -3.813397 -61.337212
v 73.020477 -3.813397 -67.178848
v 73.020477 -3.813397 -73.020477
v 67.178848 -3.813397 -73.020477
v 61.337212 -3.813397 -73.020477
v 55.495567 -3.813397 -73.020477
v 49.653923 -3.813397 -73.020477
v 43.812290 -3.813397 -73.020477
v 37.970654 -3.813397 -73.020477
v 32.129013 -3.813397 -73.020477
v 26.287378 -3.813397 -73.020477
v 20.445738 -3.813397 -73.020477
v 14.604097 -3.813397 -73.020477
v 8.762458 -3.813397 -73.020477
v 2.920820 -3.813397 -73.020477
v -2.920820 -3.813397 -73.020477
v -8.762458 -3.813397 -73.020477
v -14.604097 -3.813397 -73.020477
v -20.445738 -3.813397 -73.020477
v -26.287378 -3.813397 -73.020477
v -32.129013 -3.813397 -73.020477
v -37.970654 -3.813397 -73.020477
v -43.812290 -3.813397 -73.020477
v -49.653923 -3.813397 -73.020477
v -55.495567 -3.813397 -73.020477
v -61.337212 -3.813397 -73.020477
v -67.178848 -3.813397 -73.020477
v -73.020477 -3.813397 -73.020477
v -73.020477 -3.813397 -67.178848
v -73.020477 -3.813397 -61.337212
v -73.020477 -3.813397 -55.495567
v -73.020477 -3.813397 -49.653923
v -73.020477 -3.813397 -43.812290
v -73.020477 -3.813397 -37.970654
v -73.020477 -3.813397 -32.129013
v -73.020477 -3.813397 -26.287378
v -73.020477 -3.813397 -20.445738
v -73.020477 -3.813397 -14.604097
v -73.020477 -3.813397 -8.762458
v -73.020477 -3.813397 -2.920820
v -73.020477 -3.813397 2.920820
v -73.020477 -3.813397 8.762458
v -73.020477 -3.813397 14.604097
v -73.020477 -3.813397 20.445738
v -73.020477 -3.813397 26.287378
v -73.020477 -3.813397 32.129013
v -73.020477 -3.813397 37.970654
v -73.020477 -3.813397 43.812290
v -73.020477 -3.813397 49.653923
v -73.020477 -3.813397 55.495567
v -73.020477 -3.813397 61.337212
v -73.020477 -3.813397 67.178848
v -73.020477 -3.813397 73.020477
v -67.178848 -3.813397 73.020477
v -61.337212 -3.813397 73.020477
v -55.495567 -3.813397 73.020477
v -49.653923 -3.813397 73.020477
v -43.812290 -3.813397 73.020477
v -37.970654 -3.813397 73.020477
v -32.129013 -3.813397 73.020477
v -26.287378 -3.813397 73.020477
v -20.445738 -3.813397 73.020477
v -14.604097 -3.813397 73.020477
v -8.762458 -3.813397 73.020477
v -2.920820 -3.813397 73.020477
v 2.920820 -3.813397 73.020477
v 8.762458 -3.813397 73.020477
v 14.604097 -3.813397 73.020477
v 20.445738 -3.813397 73.020477
v 26.287378 -3.813397 73.020477
v 32.129013 -3.813397 73.020477
v 37.970654 -3.813397 73.020477
v 43.812290 -3.813397 73.020477
v 49.653923 -3.813397 73.020477
v 55.495567 -3.813397 73.020477
v 61.337212 -3.813397 73.020477
v 67.178848 -3.813397 73.020477
v 73.244392 -3.734373 73.020477
v 73.244392 -3.734373 67.178848
v 73.244392 -3.734373 61.337212
v 73.244392 -3.734373 55.495567
v 73.244392 -3.734373 49.653923
v 73.244392 -3.734373 43.812290
v 73.244392 -3.734373 37.970654
v 73.244392 -3.734373 32.129013
v 73.244392 -3.734373 26.287378
v 73.244392 -3.734373 20.445738
v 73.244392 -3.734373 14.604097
v 73.244392 -3.734373 8.762458
v 73.244392 -3.734373 2.920820
v 73.244392 -3.734373 -2.920820
v 73.244392 -3.734373 -8.762458
v 73.244392 -3.734373 -14.604097
v 73.244392 -3.734373 -20.445738
v 73.244392 -3.734373 -26.287378
v 73.244392 -3.734373 -32.129013
v 73.244392 -3.734373 -37.970654
v 73.244392 -3.734373 -43.812290
v 73.244392 -3.734373 -49.653923
v 73.244392 -3.734373 -55.495567
v 73.244392 -3.734373 -61.337212
v 73.244392 -3.734373 -67.178848
v 73.244392 -3.734373 -73.020477
v 73.178810 -3.734373 -73.178810
v 73.020477 -3.734373 -73.244392
v 67.178848 -3.734373 -73.244392
v 61.337212 -3.734373 -73.244392
v 55.495567 -3.734373 -73.244392
v 49.653923 -3.734373 -73.244392
v 43.812290 -3.734373 -73.244392
v 37.970654 -3.734373 -73.244392
v 32.129013 -3.734373 -73.244392
v 26.287378 -3.734373 -73.244392
v 20.445738 -3.734373 -73.244392
v 14.604097 -3.734373 -73.244392
v 8.762458 -3.734373 -73.244392
v 2.920820 -3.734373 -73.244392
v -2.920820 -3.734373 -73.244392
v -8.762458 -3.734373 -73.244392
v -14.604097 -3.734373 -73.244392
v -20.445738 -3.734373 -73.244392
v -26.287378 -3.734373 -73.244392
v -32.129013 -3.734373 -73.244392
v -37.970654 -3.734373 -73.244392
v -43.812290 -3.734373 -73.244392
v -49.653923 -3.734373 -73.244392
v -55.495567 -3.734373 -73.244392
v -61.337212 -3.734373 -73.244392
v -67.178848 -3.734373 -73.244392
v -73.020477 -3.734373 -73.244392
v -73.178810 -3.734373 -73.178810
v -73.244392 -3.734373 -73.020477
v -73.244392 -3.734373 -67.178848
v -73.244392 -3.734373 -61.337212
v -73.244392 -3.734373 -55.495567
v -73.244392 -3.734373 -49.653923
v -73.244392 -3.734373 -43.812290
v -73.244392 -3.734373 -37.970654
v -73.244392 -3.734373 -32.129013
v -73.244392 -3.734373 -26.287378
v -73.244392 -3.734373 -20.445738
v -73.244392 -3.734373 -14.604097
v -73.244392 -3.734373 -8.762458
v -73.244392 -3.734373 -2.920820
v -73.244392 -3.734373 2.920820
v -73.244392 -3.734373 8.762458
v -73.244392 -3.734373 14.604097
v -73.244392 -3.734373 20.445738
v -73.244392 -3.734373 26.287378
v -73.244392 -3.734373 32.129013
v -73.244392 -3.734373 37.970654
v -73.244392 -3.734373 43.812290
v -73.244392 -3.734373 49.653923
v -73.244392 -3.734373 55.495567
v -73.244392 -3.734373 61.337212
v -73.244392 -3.734373 67.178848
v -73.244392 -3.734373 73.020477
v -73.178810 -3.734373 73.178810
v -73.020477 -3.734373 73.244392
v -67.178848 -3.734373 73.244392
v -61.337212 -3.734373 73.244392
v -55.495567 -3.734373 73.244392
v -49.653923 -3.734373 73.244392
v -43.812290 -3.734373 73.244392
v -37.970654 -3.734373 73.244392
v -32.129013 -3.734373 73.244392
v -26.287378 -3.734373 73.244392
v -20.445738 -3.734373 73.244392
v -14.604097 -3.734373 73.244392
v -8.762458 -3.734373 73.244392
v -2.920820 -3.734373 73.244392
v 2.920820 -3.734373 73.244392
v 8.762458 -3.734373 73.244392
v 14.604097 -3.734373 73.244392
v 20.445738 -3.734373 73.244392
v 26.287378 -3.734373 73.244392
v 32.129013 -3.734373 73.244392
v 37.970654 -3.734373 73.244392
v 43.812290 -3.734373 73.244392
v 49.653923 -3.734373 73.244392
v 55.495567 -3.734373 73.244392
v 61.337212 -3.734373 73.244392
v 67.178848 -3.734373 73.244392
v 73.020477 -3.734373 73.244392
v 73.178810 -3.734373 73.178810
v 73.337143 -3.543595 73.020477
v 73.337143 -3.543595 67.178848
v 73.337143 -3.543595 61.337212
v 73.337143 -3.543595 55.495567
v 73.337143 -3.543595 49.653923
v 73.337143 -3.543595 43.812290
v 73.337143 -3.543595 37.970654
v 73.337143 -3.543595 32.129013
v 73.337143 -3.543595 26.287378
v 73.337143 -3.543595 20.445738
v 73.337143 -3.543595 14.604097
v 73.337143 -3.543595 8.762458
v 73.337143 -3.543595 2.920820
v 73.337143 -3.543595 -2.920820
v 73.337143 -3.543595 -8.762458
v 73.337143 -3.543595 -14.604097
v 73.337143 -3.543595 -20.445738
v 73.337143 -3.543595 -26.287378
v 73.337143 -3.543595 -32.129013
v 73.337143 -3.543595 -37.970654
v 73.337143 -3.543595 -43.812290
v 73.337143 -3.543595 -49.653923
v 73.337143 -3.543595 -55.495567
v 73.337143 -3.543595 -61.337212
v 73.337143 -3.543595 -67.178848
v 73.337143 -3.543595 -73.020477
v 73.244392 -3.543595 -73.244392
v 73.020477 -3.543595 -73.337143
v 67.178848 -3.543595 -73.337143
v 61.337212 -3.543595 -73.337143
v 55.495567 -3.543595 -73.337143
v 49.653923 -3.543595 -73.337143
v 43.812290 -3.543595 -73.337143
v 37.970654 -3.543595 -73.337143
v 32.129013 -3.543595 -73.337143
v 26.287378 -3.543595 -73.337143
v 20.445738 -3.543595 -73.337143
v 14.604097 -3.543595 -73.337143
v 8.762458 -3.543595 -73.337143
v 2.920820 -3.543595 -73.337143
v -2.920820 -3.543595 -73.337143
v -8.762458 -3.543595 -73.337143
v -14.604097 -3.543595 -73.337143
v -20.445738 -3.543595 -73.337143
v -26.287378 -3.543595 -73.337143
v -32.129013 -3.543595 -73.337143
v -37.970654 -3.543595 -73.337143
v -43.812290 -3.543595 -73.337143
v -49.653923 -3.543595 -73.337143
v -55.495567 -3.543595 -73.337143
v -61.337212 -3.543595 -73.337143
v -67.178848 -3.543595 -73.337143
v -73.020477 -3.543595 -73.337143
v -73.244392 -3.543595 -73.244392
v -73.337143 -3.543595 -73.020477
v -73.337143 -3.543595 -67.178848
v -73.337143 -3.543595 -61.337212
v -73.337143 -3.543595 -55.495567
v -73.337143 -3.543595 -49.653923
v -73.337143 -3.543595 -43.812290
v -73.337143 -3.543595 -37.970654
v -73.337143 -3.543595 -32.129013
v -73.337143 -3.543595 -26.287378
v -73.337143 -3.543595 -20.445738
v -73.337143 -3.543595 -14.604097
v -73.337143 -3.543595 -8.762458
v -73.337143 -3.543595 -2.920820
v -73.337143 -3.543595 2.920820
v -73.337143 -3.543595 8.762458
v -73.337143 -3.543595 14.604097
v -73.337143 -3.543595 20.445738
v -73.337143 -3.543595 26.287378
v -73.337143 -3.543595 32.129013
v -73.337143 -3.543595 37.970654
v -73.337143 -3.543595 43.812290
v -73.337143 -3.543595 49.653923
v -73.337143 -3.543595 55.495567
v -73.337143 -3.543595 61.337212
v -73.337143 -3.543595 67.178848
v -73.337143 -3.543595 73.020477
v -73.244392 -3.543595 73.244392
v -73.020477 -3.543595 73.337143
v -67.178848 -3.543595 73.337143
v -61.337212 -3.543595 73.337143
v -55.495567 -3.543595 73.337143
v -49.653923 -3.543595 73.337143
v -43.812290 -3.543595 73.337143
v -37.970654 -3.543595 73.337143
v -32.129013 -3.543595 73.337143
v -26.287378 -3.543595 73.337143
v -20.445738 -3.543595 73.337143
v -14.604097 -3.543595 73.337143
v -8.762458 -3.543595 73.337143
v -2.920820 -3.543595 73.337143
v 2.920820 -3.543595 73.337143
v 8.762458 -3.543595 73.337143
v 14.604097 -3.543595 73.337143
v 20.445738 -3.543595 73.337143
v 26.287378 -3.543595 73.337143
v 32.129013 -3.543595 73.337143
v 37.970654 -3.543595 73.337143
v 43.812290 -3.543595 73.337143
v 49.653923 -3.543595 73.337143
v 55.495567 -3.543595 73.337143
v 61.337212 -3.543595 73.337143
v 67.178848 -3.543595 73.337143
v 73.020477 -3.543595 73.337143
v 73.244392 -3.543595 73.244392
v 67.178848 -3.813397 67.178848
v 61.337212 -3.813397 67.178848
v 55.495567 -3.813397 67.178848
v 49.653923 -3.813397 67.178848
v 43.812290 -3.813397 67.178848
v 37.970654 -3.813397 67.178848
v 32.129013 -3.813397 67.178848
v 26.287378 -3.813397 67.178848
v 20.445738 -3.813397 67.178848
v 14.604097 -3.813397 67.178848
v 8.762458 -3.813397 67.178848
v 2.920820 -3.813397 67.178848
v -2.920820 -3.813397 67.178848
v -8.762458 -3.813397 67.178848
v -14.604097 -3.813397 67.178848
v -20.445738 -3.813397 67.178848
v -26.287378 -3.813397 67.178848
v -32.129013 -3.813397 67.178848
v -37.970654 -3.813397 67.178848
v -43.812290 -3.813397 67.178848
v -49.653923 -3.813397 67.178848
v -55.495567 -3.813397 67.178848
v -61.337212 -3.813397 67.178848
v -67.178848 -3.813397 67.178848
v 67.178848 -3.813397 61.337212
v 61.337212 -3.813397 61.337212
v 55.495567 -3.813397 61.337212
v 49.653923 -3.813397 61.337212
v 43.812290 -3.813397 61.337212
v 37.970654 -3.813397 61.337212
v 32.129013 -3.813397 61.337212
v 26.287378 -3.813397 61.337212
v 20.445738 -3.813397 61.337212
v 14.604097 -3.813397 61.337212
v 8.762458 -3.813397 61.337212
v 2.920820 -3.813397 61.337212
v -2.920820 -3.813397 61.337212
v -8.762458 -3.813397 61.337212
v -14.604097 -3.813397 61.337212
v -20.445738 -3.813397 61.337212
v -26.287378 -3.813397 61.337212
v -32.129013 -3.813397 61.337212
v -37.970654 -3.813397 61.337212
v -43.812290 -3.813397 61.337212
v -49.653923 -3.813397 61.337212
v -55.495567 -3.813397 61.337212
v -61.337212 -3.813397 61.337212
v -67.178848 -3.813397 61.337212
v 67.178848 -3.813397 55.495567
v 61.337212 -3.813397 55.495567
v 55.495567 -3.813397 55.495567
v 49.653923 -3.813397 55.495567
v 43.812290 -3.813397 55.495567
v 37.970654 -3.813397 55.495567
v 32.129013 -3.813397 55.495567
v 26.287378 -3.813397 55.495567
v 20.445738 -3.813397 55.495567
v 14.604097 -3.813397 55.495567
v 8.762458 -3.813397 55.495567
v 2.920820 -3.813397 55.495567
v -2.920820 -3.813397 55.495567
v -8.762458 -3.813397 55.495567
v -14.604097 -3.813397 55.495567
v -20.445738 -3.813397 55.495567
v -26.287378 -3.813397 55.495567
v -32.129013 -3.813397 55.495567
v -37.970654 -3.813397 55.495567
v -43.812290 -3.813397 55.495567
v -49.653923 -3.813397 55.495567
v -55.495567 -3.813397 55.495567
v -61.337212 -3.813397 55.495567
v -67.178848 -3.813397 55.495567
v 67.178848 -3.813397 49.653923
v 61.337212 -3.813397 49.653923
v 55.495567 -3.813397 49.653923
v 49.653923 -3.813397 49.653923
v 43.812290 -3.813397 49.653923
v 37.970654 -3.813397 49.653923
v 32.129013 -3.813397 49.653923
v 26.287378 -3.813397 49.653923
v 20.445738 -3.813397 49.653923
v 14.604097 -3.813397 49.653923
v 8.762458 -3.813397 49.653923
v 2.920820 -3.813397 49.653923
v -2.920820 -3.813397 49.653923
v -8.762458 -3.813397 49.653923
v -14.604097 -3.813397 49.653923
v -20.445738 -3.813397 49.653923
v -26.287378 -3.813397 49.653923
v -32.129013 -3.813397 49.653923
v -37.970654 -3.813397 49.653923
v -43.812290 -3.813397 49.653923
v -49.653923 -3.813397 49.653923
v -55.495567 -3.813397 49.653923
v -61.337212 -3.813397 49.653923
v -67.178848 -3.813397 49.653923
v 67.178848 -3.813397 43.812290
v 61.337212 -3.813397 43.812290
v 55.495567 -3.813397 43.812290
v 49.653923 -3.813397 43.812290
v 43.812290 -3.813397 43.812290
v 37.970654 -3.813397 43.812290
v 32.129013 -3.813397 43.812290
v 26.287378 -3.813397 43.812290
v 20.445738 -3.813397 43.812290
v 14.604097 -3.813397 43.812290
v 8.762458 -3.813397 43.812290
v 2.920820 -3.813397 43.812290
v -2.920820 -3.813397 43.812290
v -8.762458 -3.813397 43.812290
v -14.604097 -3.813397 43.812290
v -20.445738 -3.813397 43.812290
v -26.287378 -3.813397 43.812290
v -32.129013 -3.813397 43.812290
v -37.970654 -3.813397 43.812290
v -43.812290 -3.813397 43.812290
v -49.653923 -3.813397 43.812290
v -55.495567 -3.813397 43.812290
v -61.337212 -3.813397 43.812290
v -67.178848 -3.813397 43.812290
v 67.178848 -3.813397 37.970654
v 61.337212 -3.813397 37.970654
v 55.495567 -3.813397 37.970654
v 49.653923 -3.813397 37.970654
v 43.812290 -3.813397 37.970654
v 37.970654 -3.813397 37.970654
v 32.129013 -3.813397 37.970654
v 26.287378 -3.813397 37.970654
v 20.445738 -3.813397 37.970654
v 14.604097 -3.813397 37.970654
v 8.762458 -3.813397 37.970654
v 2.920820 -3.813397 37.970654
v -2.920820 -3.813397 37.970654
v -8.762458 -3.813397 37.970654
v -14.604097 -3.813397 37.970654
v -20.445738 -3.813397 37.970654
v -26.287378 -3.813397 37.970654
v -32.129013 -3.813397 37.970654
v -37.970654 -3.813397 37.970654
v -43.812290 -3.813397 37.970654
v -49.653923 -3.813397 37.970654
v -55.495567 -3.813397 37.970654
v -61.337212 -3.813397 37.970654
v -67.178848 -3.813397 37.970654
v 67.178848 -3.813397 32.129013
v 61.337212 -3.813397 32.129013
v 55.495567 -3.813397 32.129013
v 49.653923 -3.813397 32.129013
v 43.812290 -3.813397 32.129013
v 37.970654 -3.813397 32.129013
v 32.129013 -3.813397 32.129013
v 26.287378 -3.813397 32.129013
v 20.445738 -3.813397 32.129013
v 14.604097 -3.813397 32.129013
v 8.762458 -3.813397 32.129013
v 2.920820 -3.813397 32.129013
v -2.920820 -3.813397 32.129013
v -8.762458 -3.813397 32.129013
v -14.604097 -3.813397 32.129013
v -20.445738 -3.813397 32.129013
v -26.287378 -3.813397 32.129013
v -32.129013 -3.813397 32.129013
v -37.970654 -3.813397 32.129013
v -43.812290 -3.813397 32.129013
v -49.653923 -3.813397 32.129013
v -55.495567 -3.813397 32.129013
v -61.337212 -3.813397 32.129013
v -67.178848 -3.813397 32.129013
v 67.178848 -3.813397 26.287378
v 61.337212 -3.813397 26.287378
v 55.495567 -3.813397 26.287378
v 49.653923 -3.813397 26.287378
v 43.812290 -3.813397 26.287378
v 37.970654 -3.813397 26.287378
v 32.129013 -3.813397 26.287378
v 26.287378 -3.813397 26.287378
v 20.445738 -3.813397 26.287378
v 14.604097 -3.813397 26.287378
v 8.762458 -3.813397 26.287378
v 2.920820 -3.813397 26.287378
v -2.920820 -3.813397 26.287378
v -8.762458 -3.813397 26.287378
v -14.604097 -3.813397 26.287378
v -20.445738 -3.813397 26.287378
v -26.287378 -3.813397 26.287378
v -32.129013 -3.813397 26.287378
v -37.970654 -3.813397 26.287378
v -43.812290 -3.813397 26.287378
v -49.653923 -3.813397 26.287378
v -55.495567 -3.813397 26.287378
v -61.337212 -3.813397 26.287378
v -67.178848 -3.813397 26.287378
v 67.178848 -3.813397 20.445738
v 61.337212 -3.813397 20.445738
v 55.495567 -3.813397 20.445738
v 49.653923 -3.813397 20.445738
v 43.812290 -3.813397 20.445738
v 37.970654 -3.813397 20.445738
v 32.129013 -3.813397 20.445738
v 26.287378 -3.813397 20.445738
v 20.445738 -3.813397 20.445738
v 14.604097 -3.813397 20.445738
v 8.762458 -3.813397 20.445738
v 2.920820 -3.813397 20.445738
v -2.920820 -3.813397 20.445738
v -8.762458 -3.813397 20.445738
v -14.604097 -3.813397 20.445738
v -20.445738 -3.813397 20.445738
v -26.287378 -3.813397 20.445738
v -32.129013 -3.813397 20.445738
v -37.970654 -3.813397 20.445738
v -43.812290 -3.813397 20.445738
v -49.653923 -3.813397 20.445738
v -55.495567 -3.813397 20.445738
v -61.337212 -3.813397 20.445738
v -67.178848 -3.813397 20.445738
v 67.178848 -3.813397 14.604097
v 61.337212 -3.813397 14.604097
v 55.495567 -3.813397 14.604097
v 49.653923 -3.813397 14.604097
v 43.812290 -3.813397 14.604097
v 37.970654 -3.813397 14.604097
v 32.129013 -3.813397 14.604097
v 26.287378 -3.813397 14.604097
v 20.445738 -3.813397 14.604097
v 14.604097 -3.813397 14.604097
v 8.762458 -3.813397 14.604097
v 2.920820 -3.813397 14.604097
v -2.920820 -3.813397 14.604097
v -8.762458 -3.813397 14.604097
v -14.604097 -3.813397 14.604097
v -20.445738 -3.813397 14.604097
v -26.287378 -3.813397 14.604097
v -32.129013 -3.813397 14.604097
v -37.970654 -3.813397 14.604097
v -43.812290 -3.813397 14.604097
v -49.653923 -3.813397 14.604097
v -55.495567 -3.813397 14.604097
v -61.337212 -3.813397 14.604097
v -67.178848 -3.813397 14.604097
v 67.178848 -3.813397 8.762458
v 61.337212 -3.813397 8.762458
v 55.495567 -3.813397 8.762458
v 49.653923 -3.813397 8.762458
v 43.812290 -3.813397 8.762458
v 37.970654 -3.813397 8.762458
v 32.129013 -3.813397 8.762458
v 26.287378 -3.813397 8.762458
v 20.445738 -3.813397 8.762458
v 14.604097 -3.813397 8.762458
v 8.762458 -3.813397 8.762458
v 2.920820 -3.813397 8.762458
v -2.920820 -3.813397 8.762458
v -8.762458 -3.813397 8.762458
v -14.604097 -3.813397 8.762458
v -20.445738 -3.813397 8.762458
v -26.287378 -3.813397 8.762458
v -32.129013 -3.813397 8.762458
v -37.970654 -3.813397 8.762458
v -43.812290 -3.813397 8.762458
v -49.653923 -3.813397 8.762458
v -55.495567 -3.813397 8.762458
v -61.337212 -3.813397 8.762458
v -67.178848 -3.813397 8.762458
v 67.178848 -3.813397 2.920820
v 61.337212 -3.813397 2.920820
v 55.495567 -3.813397 2.920820
v 49.653923 -3.813397 2.920820
v 43.812290 -3.813397 2.920820
v 37.970654 -3.813397 2.920820
v 32.129013 -3.813397 2.920820
v 26.287378 -3.813397 2.920820
v 20.445738 -3.813397 2.920820
v 14.604097 -3.813397 2.920820
v 8.762458 -3.813397 2.920820
v 2.920820 -3.813397 2.920820
v -2.920820 -3.813397 2.920820
v -8.762458 -3.813397 2.920820
v -14.604097 -3.813397 2.920820
v -20.445738 -3.813397 2.920820
v -26.287378 -3.813397 2.920820
v -32.129013 -3.813397 2.920820
v -37.970654 -3.813397 2.920820
v -43.812290 -3.813397 2.920820
v -49.653923 -3.813397 2.920820
v -55.495567 -3.813397 2.920820
v -61.337212 -3.813397 2.920820
v -67.178848 -3.813397 2.920820
v 67.178848 -3.813397 -2.920820
v 61.337212 -3.813397 -2.920820
v 55.495567 -3.813397 -2.920820
v 49.653923 -3.813397 -2.920820
v 43.812290 -3.813397 -2.920820
v 37.970654 -3.813397 -2.920820
v 32.129013 -3.813397 -2.920820
v 26.287378 -3.813397 -2.920820
v 20.445738 -3.813397 -2.920820
v 14.604097 -3.813397 -2.920820
v 8.762458 -3.813397 -2.920820
v 2.920820 -3.813397 -2.920820
v -2.920820 -3.813397 -2.920820
v -8.762458 -3.813397 -2.920820
v -14.604097 -3.813397 -2.920820
v -20.445738 -3.813397 -2.920820
v -26.287378 -3.813397 -2.920820
v -32.129013 -3.813397 -2.920820
v -37.970654 -3.813397 -2.920820
v -43.812290 -3.813397 -2.920820
v -49.653923 -3.813397 -2.920820
v -55.495567 -3.813397 -2.920820
v -61.337212 -3.813397 -2.920820
v -67.178848 -3.813397 -2.920820
v 67.178848 -3.813397 -8.762458
v 61.337212 -3.813397 -8.762458
v 55.495567 -3.813397 -8.762458
v 49.653923 -3.813397 -8.762458
v 43.812290 -3.813397 -8.762458
v 37.970654 -3.813397 -8.762458
v 32.129013 -3.813397 -8.762458
v 26.287378 -3.813397 -8.762458
v 20.445738 -3.813397 -8.762458
v 14.604097 -3.813397 -8.762458
v 8.762458 -3.813397 -8.762458
v 2.920820 -3.813397 -8.762458
v -2.920820 -3.813397 -8.762458
v -8.762458 -3.813397 -8.762458
v -14.604097 -3.813397 -8.762458
v -20.445738 -3.813397 -8.762458
v -26.287378 -3.813397 -8.762458
v -32.129013 -3.813397 -8.762458
v -37.970654 -3.813397 -8.762458
v -43.812290 -3.813397 -8.762458
v -49.653923 -3.813397 -8.762458
v -55.495567 -3.813397 -8.762458
v -61.337212 -3.813397 -8.762458
v -67.178848 -3.813397 -8.762458
v 67.178848 -3.813397 -14.604097
v 61.337212 -3.813397 -14.604097
v 55.495567 -3.813397 -14.604097
v 49.653923 -3.813397 -14.604097
v 43.812290 -3.813397 -14.604097
v 37.970654 -3.813397 -14.604097
v 32.129013 -3.813397 -14.604097
v 26.287378 -3.813397 -14.604097
v 20.445738 -3.813397 -14.604097
v 14.604097 -3.813397 -14.604097
v 8.762458 -3.813397 -14.604097
v 2.920820 -3.813397 -14.604097
v -2.920820 -3.813397 -14.604097
v -8.762458 -3.813397 -14.604097
v -14.604097 -3.813397 -14.604097
v -20.445738 -3.813397 -14.604097
v -26.287378 -3.813397 -14.604097
v -32.129013 -3.813397 -14.604097
v -37.970654 -3.813397 -14.604097
v -43.812290 -3.813397 -14.604097
v -49.653923 -3.813397 -14.604097
v -55.495567 -3.813397 -14.604097
v -61.337212 -3.813397 -14.604097
v -67.178848 -3.813397 -14.604097
v 67.178848 -3.813397 -20.445738
v 61.337212 -3.813397 -20.445738
v 55.495567 -3.813397 -20.445738
v 49.653923 -3.813397 -20.445738
v 43.812290 -3.813397 -20.445738
v 37.970654 -3.813397 -20.445738
v 32.129013 -3.813397 -20.445738
v 26.287378 -3.813397 -20.445738
v 20.445738 -3.813397 -20.445738
v 14.604097 -3.813397 -20.445738
v 8.762458 -3.813397 -20.445738
v 2.920820 -3.813397 -20.445738
v -2.920820 -3.813397 -20.445738
v -8.762458 -3.813397 -20.445738
v -14.604097 -3.813397 -20.445738
v -20.445738 -3.813397 -20.445738
v -26.287378 -3.813397 -20.445738
v -32.129013 -3.813397 -20.445738
v -37.970654 -3.813397 -20.445738
v -43.812290 -3.813397 -20.445738
v -49.653923 -3.813397 -20.445738
v -55.495567 -3.813397 -20.445738
v -61.337212 -3.813397 -20.445738
v -67.178848 -3.813397 -20.445738
v 67.178848 -3.813397 -26.287378
v 61.337212 -3.813397 -26.287378
v 55.495567 -3.813397 -26.287378
v 49.653923 -3.813397 -26.287378
v 43.812290 -3.813397 -26.287378
v 37.970654 -3.813397 -26.287378
v 32.129013 -3.813397 -26.287378
v 26.287378 -3.813397 -26.287378
v 20.445738 -3.813397 -26.287378
v 14.604097 -3.813397 -26.287378
v 8.762458 -3.813397 -26.287378
v 2.920820 -3.813397 -26.287378
v -2.920820 -3.813397 -26.287378
v -8.762458 -3.813397 -26.287378
v -14.604097 -3.813397 -26.287378
v -20.445738 -3.813397 -26.287378
v -26.287378 -3.813397 -26.287378
v -32.129013 -3.813397 -26.287378
v -37.970654 -3.813397 -26.287378
v -43.812290 -3.813397 -26.287378
v -49.653923 -3.813397 -26.287378
v -55.495567 -3.813397 -26.287378
v -61.337212 -3.813397 -26.287378
v -67.178848 -3.813397 -26.287378
v 67.178848 -3.813397 -32.129013
v 61.337212 -3.813397 -32.129013
v 55.495567 -3.813397 -32.129013
v 49.653923 -3.813397 -32.129013
v 43.812290 -3.813397 -32.129013
v 37.970654 -3.813397 -32.129013
v 32.129013 -3.813397 -32.129013
v 26.287378 -3.813397 -32.129013
v 20.445738 -3.813397 -32.129013
v 14.604097 -3.813397 -32.129013
v 8.762458 -3.813397 -32.129013
v 2.920820 -3.813397 -32.129013
v -2.920820 -3.813397 -32.129013
v -8.762458 -3.813397 -32.129013
v -14.604097 -3.813397 -32.129013
v -20.445738 -3.813397 -32.129013
v -26.287378 -3.813397 -32.129013
v -32.129013 -3.813397 -32.129013
v -37.970654 -3.813397 -32.129013
v -43.812290 -3.813397 -32.129013
v -49.653923 -3.813397 -32.129013
v -55.495567 -3.813397 -32.129013
v -61.337212 -3.813397 -32.129013
v -67.178848 -3.813397 -32.129013
v 67.178848 -3.813397 -37.970654
v 61.337212 -3.813397 -37.970654
v 55.495567 -3.813397 -37.970654
v 49.653923 -3.813397 -37.970654
v 43.812290 -3.813397 -37.970654
v 37.970654 -3.813397 -37.970654
v 32.129013 -3.813397 -37.970654
v 26.287378 -3.813397 -37.970654
v 20.445738 -3.813397 -37.970654
v 14.604097 -3.813397 -37.970654
v 8.762458 -3.813397 -37.970654
v 2.920820 -3.813397 -37.970654
v -2.920820 -3.813397 -37.970654
v -8.762458 -3.813397 -37.970654
v -14.604097 -3.813397 -37.970654
v -20.445738 -3.813397 -37.970654
v -26.287378 -3.813397 -37.970654
v -32.129013 -3.813397 -37.970654
v -37.970654 -3.813397 -37.970654
v -43.812290 -3.813397 -37.970654
v -49.653923 -3.813397 -37.970654
v -55.495567 -3.813397 -37.970654
v -61.337212 -3.813397 -37.970654
v -67.178848 -3.813397 -37.970654
v 67.178848 -3.813397 -43.812290
v 61.337212 -3.813397 -43.812290
v 55.495567 -3.813397 -43.812290
v 49.653923 -3.813397 -43.812290
v 43.812290 -3.813397 -43.812290
v 37.970654 -3.813397 -43.812290
v 32.129013 -3.813397 -43.812290
v 26.287378 -3.813397 -43.812290
v 20.445738 -3.813397 -43.812290
v 14.604097 -3.813397 -43.812290
v 8.762458 -3.813397 -43.812290
v 2.920820 -3.813397 -43.812290
v -2.920820 -3.813397 -43.812290
v -8.762458 -3.813397 -43.812290
v -14.604097 -3.813397 -43.812290
v -20.445738 -3.813397 -43.812290
v -26.287378 -3.813397 -43.812290
v -32.129013 -3.813397 -43.812290
v -37.970654 -3.813397 -43.812290
v -43.812290 -3.813397 -43.812290
v -49.653923 -3.813397 -43.812290
v -55.495567 -3.813397 -43.812290
v -61.337212 -3.813397 -43.812290
v -67.178848 -3.813397 -43.812290
v 67.178848 -3.813397 -49.653923
v 61.337212 -3.813397 -49.653923
v 55.495567 -3.813397 -49.653923
v 49.653923 -3.813397 -49.653923
v 43.812290 -3.813397 -49.653923
v 37.970654 -3.813397 -49.653923
v 32.129013 -3.813397 -49.653923
v 26.287378 -3.813397 -49.653923
v 20.445738 -3.813397 -49.653923
v 14.604097 -3.813397 -49.653923
v 8.762458 -3.813397 -49.653923
v 2.920820 -3.813397 -49.653923
v -2.920820 -3.813397 -49.653923
v -8.762458 -3.813397 -49.653923
v -14.604097 -3.813397 -49.653923
v -20.445738 -3.813397 -49.653923
v -26.287378 -3.813397 -49.653923
v -32.129013 -3.813397 -49.653923
v -37.970654 -3.813397 -49.653923
v -43.812290 -3.813397 -49.653923
v -49.653923 -3.813397 -49.653923
v -55.495567 -3.813397 -49.653923
v -61.337212 -3.813397 -49.653923
v -67.178848 -3.813397 -49.653923
v 67.178848 -3.813397 -55.495567
v 61.337212 -3.813397 -55.495567
v 55.495567 -3.813397 -55.495567
v 49.653923 -3.813397 -55.495567
v 43.812290 -3.813397 -55.495567
v 37.970654 -3.813397 -55.495567
v 32.129013 -3.813397 -55.495567
v 26.287378 -3.813397 -55.495567
v 20.445738 -3.813397 -55.495567
v 14.604097 -3.813397 -55.495567
v 8.762458 -3.813397 -55.495567
v 2.920820 -3.813397 -55.495567
v -2.920820 -3.813397 -55.495567
v -8.762458 -3.813397 -55.495567
v -14.604097 -3.813397 -55.495567
v -20.445738 -3.813397 -55.495567
v -26.287378 -3.813397 -55.495567
v -32.129013 -3.813397 -55.495567
v -37.970654 -3.813397 -55.495567
v -43.812290 -3.813397 -55.495567
v -49.653923 -3.813397 -55.495567
v -55.495567 -3.813397 -55.495567
v -61.337212 -3.813397 -55.495567
v -67.178848 -3.813397 -55.495567
v 67.178848 -3.813397 -61.337212
v 61.337212 -3.813397 -61.337212
v 55.495567 -3.813397 -61.337212
v 49.653923 -3.813397 -61.337212
v 43.812290 -3.813397 -61.337212
v 37.970654 -3.813397 -61.337212
v 32.129013 -3.813397 -61.337212
v 26.287378 -3.813397 -61.337212
v 20.445738 -3.813397 -61.337212
v 14.604097 -3.813397 -61.337212
v 8.762458 -3.813397 -61.337212
v 2.920820 -3.813397 -61.337212
v -2.920820 -3.813397 -61.337212
v -8.762458 -3.813397 -61.337212
v -14.604097 -3.813397 -61.337212
v -20.445738 -3.813397 -61.337212
v -26.287378 -3.813397 -61.337212
v -32.129013 -3.813397 -61.337212
v -37.970654 -3.813397 -61.337212
v -43.812290 -3.813397 -61.337212
v -49.653923 -3.813397 -61.337212
v -55.495567 -3.813397 -61.337212
v -61.337212 -3.813397 -61.337212
v -67.178848 -3.813397 -61.337212
v 67.178848 -3.813397 -67.178848
v 61.337212 -3.813397 -67.178848
v 55.495567 -3.813397 -67.178848
v 49.653923 -3.813397 -67.178848
v 43.812290 -3.813397 -67.178848
v 37.970654 -3.813397 -67.178848
v 32.129013 -3.813397 -67.178848
v 26.287378 -3.813397 -67.178848
v 20.445738 -3.813397 -67.178848
v 14.604097 -3.813397 -67.178848
v 8.762458 -3.813397 -67.178848
v 2.920820 -3.813397 -67.178848
v -2.920820 -3.813397 -67.178848
v -8.762458 -3.813397 -67.178848
v -14.604097 -3.813397 -67.178848
v -20.445738 -3.813397 -67.178848
v -26.287378 -3.813397 -67.178848
v -32.129013 -3.813397 -67.178848
v -37.970654 -3.813397 -67.178848
v -43.812290 -3.813397 -67.178848
v -49.653923 -3.813397 -67.178848
v -55.495567 -3.813397 -67.178848
v -61.337212 -3.813397 -67.178848
v -67.178848 -3.813397 -67.178848
v -73.337143 -1.803500 55.495567
v 73.337143 -1.803500 -37.970654
v -73.337143 -1.803500 49.653923
v -73.337143 -1.803500 -43.812290
v 73.337143 -1.803500 43.812290
v -73.337143 -1.803500 43.812290
v 43.812290 -1.803500 73.337143
v 37.970654 -1.803500 73.337143
v 32.129013 -1.803500 73.337143
v 73.337143 -1.803500 -61.337212
v 26.287378 -1.803500 73.337143
v 20.445738 -1.803500 73.337143
v -73.337143 -1.803500 26.287378
v 14.604097 -1.803500 73.337143
v -2.920820 -1.803500 73.337143
v 2.920820 -1.803500 73.337143
v -8.762458 -1.803500 73.337143
v -14.604097 -1.803500 73.337143
v -73.337143 -1.803500 8.762458
v 73.337143 -1.803500 -2.920820
v -73.337143 -1.803500 67.178848
v -73.337143 -1.803500 2.920820
v -73.337143 -1.803500 -61.337212
v -73.337143 -1.803500 -8.762458
v 73.337143 -1.803500 49.653923
v -55.495567 -1.803500 73.337143
v -67.178848 -1.803500 73.337143
v -73.337143 -1.803500 -14.604097
v 73.337143 -1.803500 -49.653923
v -14.604097 -1.803500 -73.337143
v 73.337143 -1.803500 -26.287378
v 73.337143 -1.803500 67.178848
v -73.337143 -1.803500 -55.495567
v -73.337143 -1.803500 61.337212
v -26.287378 -1.803500 -73.337143
v 73.337143 -1.803500 55.495567
v -37.970654 -1.803500 -73.337143
v 73.337143 -1.803500 -43.812290
v -55.495567 -1.803500 -73.337143
v -61.337212 -1.803500 -73.337143
v 55.495567 -1.803500 -73.337143
v -67.178848 -1.803500 -73.337143
v -73.337143 -1.803500 -20.445738
v -73.337143 -1.803500 -73.020477
v -73.337143 -1.803500 -37.970654
v 14.604097 -1.803500 -73.337143
v 8.762458 -1.803500 -73.337143
v -20.445738 -1.803500 -73.337143
v -54.805664 -1.803500 73.337143
v -41.910210 -1.803500 73.337143
v 54.805664 -1.803500 73.337143
v 73.337143 -1.803500 48.357941
v -73.337143 -1.803500 -16.119312
v 41.910210 -1.803500 73.337143
v 73.337143 -1.803500 41.910210
v 22.567036 -1.803500 73.337143
v -73.337143 -1.803500 16.119312
v 29.014759 -1.803500 73.337143
v 73.337143 -1.803500 -22.567036
v -73.337143 -1.803500 3.223863
v -48.357941 -1.803500 73.337143
v -61.253387 -1.803500 73.337143
v -73.337143 -1.803500 67.701111
v 67.701111 -1.803500 73.337143
v 73.337143 -1.803500 67.701111
v -73.337143 -1.803500 -22.567036
v 73.337143 -1.803500 3.223863
v 73.337143 -1.803500 -29.014759
v -73.337143 -1.803500 41.910210
v -73.337143 -1.803500 -29.014759
v -73.337143 -1.803500 29.014759
v -73.337143 -1.803500 35.462486
v 73.337143 -1.803500 22.567036
v 73.337143 -1.803500 -67.701111
v 3.223863 -1.803500 73.337143
v 61.253387 -1.803500 -73.337143
v 54.805664 -1.803500 -73.337143
v 35.462486 -1.803500 73.337143
v 73.337143 -1.803500 -35.462486
v -73.337143 -1.803500 -35.462486
v -73.337143 -1.803500 -67.701111
v 16.119312 -1.803500 -73.337143
v 9.671587 -1.803500 -73.337143
v -16.119312 -1.803500 -73.337143
v -22.567036 -1.803500 -73.337143
v -29.014759 -1.803500 -73.337143
v -35.462486 -1.803500 -73.337143
v -41.910210 -1.803500 -73.337143
v -54.805664 -1.803500 -73.337143
v 73.337143 -1.803500 -54.805664
v -67.701111 -1.803500 -73.337143
# 5726 vertices

vn 0.000000 -1.000000 0.000000
vn 0.000000 0.000000 -1.000000
vn -0.406719 0.000000 -0.913531
vn -0.743125 0.000000 -0.669125
vn -0.951031 0.000000 -0.309000
vn -0.994500 0.000000 0.104500
vn -0.866000 0.000000 0.500000
vn -0.587781 0.000000 0.809000
vn -0.207906 0.000000 0.978125
vn 0.207906 0.000000 0.978125
vn 0.587781 0.000000 0.809000
vn 0.866000 0.000000 0.500000
vn 0.994500 0.000000 0.104500
vn 0.951031 0.000000 -0.309000
vn 0.743125 0.000000 -0.669125
vn 0.406719 0.000000 -0.913531
vn 0.000000 -0.991437 -0.130531
vn -0.032469 -0.991437 -0.126438
vn 0.000000 -0.866219 -0.499625
vn -0.124250 -0.866219 -0.483938
vn 0.000000 -0.500406 -0.865781
vn -0.215281 -0.500406 -0.838562
vn 0.000000 -0.130531 -0.991437
vn -0.246531 -0.130562 -0.960281
vn 0.000000 0.130531 -0.991437
vn -0.246531 0.130562 -0.960281
vn 0.000000 0.500375 -0.865781
vn -0.215312 0.500375 -0.838594
vn 0.000000 0.866250 -0.499563
vn -0.124219 0.866250 -0.483875
vn 0.000000 0.991437 -0.130437
vn -0.032437 0.991437 -0.126344
vn -0.062875 -0.991437 -0.114406
vn -0.240688 -0.866219 -0.437813
vn -0.417062 -0.500406 -0.758687
vn -0.477625 -0.130562 -0.868781
vn -0.477625 0.130562 -0.868781
vn -0.417094 0.500375 -0.758687
vn -0.240656 0.866250 -0.437781
vn -0.062844 0.991437 -0.114312
vn -0.089344 -0.991437 -0.095156
vn -0.342000 -0.866219 -0.364219
vn -0.592656 -0.500406 -0.631125
vn -0.678656 -0.130562 -0.722719
vn -0.678656 0.130562 -0.722719
vn -0.592656 0.500375 -0.631125
vn -0.341969 0.866250 -0.364188
vn -0.089281 0.991437 -0.095094
vn -0.110219 -0.991437 -0.069937
vn -0.421844 -0.866219 -0.267719
vn -0.731000 -0.500406 -0.463906
vn -0.837094 -0.130562 -0.531219
vn -0.837094 0.130562 -0.531219
vn -0.731000 0.500375 -0.463906
vn -0.421813 0.866250 -0.267687
vn -0.110125 0.991437 -0.069875
vn -0.124156 -0.991437 -0.040344
vn -0.475156 -0.866219 -0.154375
vn -0.823375 -0.500406 -0.267531
vn -0.942906 -0.130562 -0.306344
vn -0.942906 0.130562 -0.306344
vn -0.823406 0.500375 -0.267531
vn -0.475125 0.866250 -0.154375
vn -0.124063 0.991437 -0.040281
vn -0.130281 -0.991437 -0.008187
vn -0.498656 -0.866219 -0.031344
vn -0.864062 -0.500406 -0.054344
vn -0.989469 -0.130562 -0.062250
vn -0.989469 0.130562 -0.062250
vn -0.864094 0.500375 -0.054344
vn -0.498594 0.866250 -0.031344
vn -0.130187 0.991437 -0.008187
vn -0.128219 -0.991437 0.024438
vn -0.490781 -0.866219 0.093594
vn -0.850438 -0.500406 0.162219
vn -0.973875 -0.130562 0.185750
vn -0.973875 0.130562 0.185750
vn -0.850469 0.500375 0.162219
vn -0.490719 0.866250 0.093594
vn -0.128125 0.991437 0.024438
vn -0.118125 -0.991437 0.055562
vn -0.452062 -0.866219 0.212719
vn -0.783375 -0.500406 0.368625
vn -0.897062 -0.130562 0.422125
vn -0.897062 0.130562 0.422125
vn -0.783406 0.500375 0.368625
vn -0.452031 0.866250 0.212688
vn -0.118031 0.991437 0.055531
vn -0.100594 -0.991437 0.083219
vn -0.384969 -0.866219 0.318469
vn -0.667094 -0.500406 0.551844
vn -0.763906 -0.130562 0.631938
vn -0.763906 0.130562 0.631938
vn -0.667094 0.500344 0.551875
vn -0.384937 0.866250 0.318437
vn -0.100500 0.991437 0.083125
vn -0.076719 -0.991437 0.105594
vn -0.293656 -0.866219 0.404219
vn -0.508875 -0.500406 0.700406
vn -0.582750 -0.130562 0.802063
vn -0.582750 0.130562 0.802063
vn -0.508906 0.500344 0.700437
vn -0.293625 0.866250 0.404156
vn -0.076656 0.991437 0.105531
vn -0.048031 -0.991437 0.121375
vn -0.183906 -0.866219 0.464531
vn -0.318687 -0.500406 0.804969
vn -0.364969 -0.130562 0.921812
vn -0.364969 0.130562 0.921812
vn -0.318719 0.500344 0.805000
vn -0.183906 0.866250 0.464500
vn -0.048000 0.991437 0.121281
vn -0.016344 -0.991437 0.129500
vn -0.062594 -0.866219 0.495688
vn -0.108500 -0.500406 0.858938
vn -0.124250 -0.130562 0.983594
vn -0.124250 0.130562 0.983594
vn -0.108500 0.500344 0.858969
vn -0.062594 0.866250 0.495656
vn -0.016344 0.991437 0.129406
vn 0.016344 -0.991437 0.129500
vn 0.062594 -0.866219 0.495688
vn 0.108500 -0.500406 0.858938
vn 0.124250 -0.130562 0.983594
vn 0.124250 0.130562 0.983594
vn 0.108500 0.500344 0.858969
vn 0.062594 0.866250 0.495656
vn 0.016344 0.991437 0.129406
vn 0.048031 -0.991437 0.121375
vn 0.183906 -0.866219 0.464531
vn 0.318687 -0.500406 0.804969
vn 0.364969 -0.130562 0.921812
vn 0.364969 0.130562 0.921812
vn 0.318719 0.500375 0.805000
vn 0.183906 0.866250 0.464500
vn 0.048000 0.991437 0.121281
vn 0.076719 -0.991437 0.105594
vn 0.293656 -0.866219 0.404219
vn 0.508875 -0.500406 0.700406
vn 0.582750 -0.130562 0.802063
vn 0.582750 0.130562 0.802063
vn 0.508906 0.500344 0.700437
vn 0.293625 0.866250 0.404156
vn 0.076656 0.991437 0.105531
vn 0.100594 -0.991437 0.083219
vn 0.384969 -0.866219 0.318469
vn 0.667094 -0.500406 0.551844
vn 0.763906 -0.130562 0.631938
vn 0.763906 0.130562 0.631938
vn 0.667094 0.500344 0.551875
vn 0.384937 0.866250 0.318437
vn 0.100500 0.991437 0.083125
vn 0.118125 -0.991437 0.055562
vn 0.452062 -0.866219 0.212719
vn 0.783375 -0.500406 0.368625
vn 0.897062 -0.130562 0.422125
vn 0.897062 0.130562 0.422125
vn 0.783406 0.500375 0.368625
vn 0.452031 0.866250 0.212688
vn 0.118031 0.991437 0.055531
vn 0.128219 -0.991437 0.024438
vn 0.490781 -0.866219 0.093594
vn 0.850438 -0.500406 0.162219
vn 0.973875 -0.130562 0.185750
vn 0.973875 0.130562 0.185750
vn 0.850469 0.500375 0.162219
vn 0.490719 0.866250 0.093594
vn 0.128125 0.991437 0.024438
vn 0.130281 -0.991437 -0.008187
vn 0.498656 -0.866219 -0.031344
vn 0.864062 -0.500406 -0.054344
vn 0.989469 -0.130562 -0.062250
vn 0.989469 0.130562 -0.062250
vn 0.864094 0.500375 -0.054344
vn 0.498594 0.866250 -0.031344
vn 0.130187 0.991437 -0.008187
vn 0.124156 -0.991437 -0.040344
vn 0.475156 -0.866219 -0.154375
vn 0.823375 -0.500406 -0.267531
vn 0.942906 -0.130562 -0.306344
vn 0.942906 0.130562 -0.306344
vn 0.823406 0.500375 -0.267531
vn 0.475125 0.866250 -0.154375
vn 0.124063 0.991437 -0.040281
vn 0.110219 -0.991437 -0.069937
vn 0.421844 -0.866219 -0.267719
vn 0.731000 -0.500406 -0.463906
vn 0.837094 -0.130562 -0.531219
vn 0.837094 0.130562 -0.531219
vn 0.731000 0.500375 -0.463906
vn 0.421813 0.866250 -0.267687
vn 0.110125 0.991437 -0.069875
vn 0.089344 -0.991437 -0.095156
vn 0.342000 -0.866219 -0.364219
vn 0.592656 -0.500406 -0.631125
vn 0.678656 -0.130562 -0.722719
vn 0.678656 0.130562 -0.722719
vn 0.592656 0.500375 -0.631125
vn 0.341969 0.866250 -0.364188
vn 0.089281 0.991437 -0.095094
vn 0.062875 -0.991437 -0.114406
vn 0.240688 -0.866219 -0.437813
vn 0.417062 -0.500406 -0.758687
vn 0.477625 -0.130562 -0.868781
vn 0.477625 0.130562 -0.868781
vn 0.417094 0.500375 -0.758687
vn 0.240656 0.866250 -0.437781
vn 0.062844 0.991437 -0.114312
vn 0.032469 -0.991437 -0.126438
vn 0.124250 -0.866219 -0.483938
vn 0.215281 -0.500406 -0.838562
vn 0.246531 -0.130562 -0.960281
vn 0.246531 0.130562 -0.960281
vn 0.215312 0.500375 -0.838594
vn 0.124219 0.866250 -0.483875
vn 0.032437 0.991437 -0.126344
vn 0.000000 -0.991437 -0.130500
vn -0.032437 -0.991437 -0.126375
vn 0.000000 -0.866219 -0.499594
vn -0.124219 -0.866219 -0.483906
vn 0.000000 -0.500375 -0.865781
vn -0.215312 -0.500375 -0.838594
vn -0.246531 -0.130531 -0.960281
vn -0.246531 0.130531 -0.960281
vn 0.000000 0.500406 -0.865781
vn -0.215312 0.500406 -0.838562
vn 0.000000 0.991437 -0.130469
vn -0.032437 0.991437 -0.126375
vn -0.062844 -0.991437 -0.114344
vn -0.417094 -0.500375 -0.758687
vn -0.477625 -0.130531 -0.868781
vn -0.477625 0.130531 -0.868781
vn -0.417094 0.500406 -0.758687
vn -0.062844 0.991437 -0.114344
vn -0.089313 -0.991437 -0.095125
vn -0.342000 -0.866219 -0.364188
vn -0.592656 -0.500375 -0.631125
vn -0.678688 -0.130531 -0.722719
vn -0.678688 0.130531 -0.722719
vn -0.592656 0.500406 -0.631125
vn -0.341969 0.866250 -0.364156
vn -0.089313 0.991437 -0.095094
vn -0.110188 -0.991437 -0.069906
vn -0.421813 -0.866219 -0.267687
vn -0.731000 -0.500375 -0.463906
vn -0.837094 -0.130531 -0.531219
vn -0.837094 0.130531 -0.531219
vn -0.731000 0.500406 -0.463906
vn -0.421781 0.866250 -0.267687
vn -0.110156 0.991437 -0.069906
vn -0.124094 -0.991437 -0.040312
vn -0.823406 -0.500375 -0.267531
vn -0.942906 -0.130531 -0.306344
vn -0.942906 0.130531 -0.306344
vn -0.823406 0.500406 -0.267531
vn -0.124094 0.991437 -0.040312
vn -0.130219 -0.991437 -0.008187
vn -0.498625 -0.866219 -0.031344
vn -0.864062 -0.500375 -0.054344
vn -0.989469 -0.130531 -0.062250
vn -0.989469 0.130531 -0.062250
vn -0.864062 0.500406 -0.054344
vn -0.498563 0.866250 -0.031344
vn -0.130219 0.991437 -0.008187
vn -0.128188 -0.991437 0.024438
vn -0.490750 -0.866219 0.093594
vn -0.850438 -0.500375 0.162219
vn -0.973875 -0.130531 0.185750
vn -0.973875 0.130531 0.185750
vn -0.850438 0.500406 0.162219
vn -0.128156 0.991437 0.024438
vn -0.118063 -0.991437 0.055562
vn -0.783375 -0.500375 0.368625
vn -0.897062 -0.130531 0.422125
vn -0.897062 0.130531 0.422125
vn -0.783375 0.500406 0.368625
vn -0.118063 0.991437 0.055531
vn -0.100531 -0.991437 0.083187
vn -0.384937 -0.866219 0.318469
vn -0.667094 -0.500375 0.551875
vn -0.667094 0.500406 0.551844
vn -0.384906 0.866250 0.318437
vn -0.100531 0.991437 0.083156
vn -0.076687 -0.991437 0.105563
vn -0.293656 -0.866219 0.404188
vn -0.508875 -0.500375 0.700437
vn -0.508875 0.500406 0.700406
vn -0.076687 0.991437 0.105563
vn -0.048031 -0.991437 0.121344
vn -0.318719 -0.500375 0.804969
vn -0.364969 -0.130531 0.921812
vn -0.364969 0.130531 0.921812
vn -0.318687 0.500406 0.804969
vn -0.183906 0.866250 0.464469
vn -0.048031 0.991437 0.121312
vn -0.016344 -0.991437 0.129469
vn -0.062594 -0.866219 0.495656
vn -0.108500 -0.500375 0.858969
vn -0.124250 -0.130531 0.983594
vn -0.124250 0.130531 0.983594
vn -0.108500 0.500406 0.858938
vn -0.062594 0.866250 0.495625
vn -0.016344 0.991437 0.129438
vn 0.016344 -0.991437 0.129469
vn 0.062594 -0.866219 0.495656
vn 0.108500 -0.500375 0.858969
vn 0.124250 -0.130531 0.983594
vn 0.124250 0.130531 0.983594
vn 0.108500 0.500406 0.858938
vn 0.062594 0.866250 0.495625
vn 0.016344 0.991437 0.129438
vn 0.048031 -0.991437 0.121344
vn 0.318719 -0.500375 0.804969
vn 0.364969 -0.130531 0.921812
vn 0.364969 0.130531 0.921812
vn 0.318687 0.500406 0.804969
vn 0.183906 0.866250 0.464469
vn 0.048031 0.991437 0.121312
vn 0.076687 -0.991437 0.105563
vn 0.293656 -0.866219 0.404188
vn 0.508875 -0.500375 0.700437
vn 0.508875 0.500406 0.700406
vn 0.076687 0.991437 0.105563
vn 0.100531 -0.991437 0.083187
vn 0.384937 -0.866219 0.318469
vn 0.667094 -0.500375 0.551875
vn 0.667094 0.500406 0.551844
vn 0.384906 0.866250 0.318437
vn 0.100531 0.991437 0.083156
vn 0.118063 -0.991437 0.055562
vn 0.783375 -0.500375 0.368625
vn 0.897062 -0.130531 0.422125
vn 0.897062 0.130531 0.422125
vn 0.783375 0.500406 0.368625
vn 0.118063 0.991437 0.055531
vn 0.128188 -0.991437 0.024438
vn 0.490750 -0.866219 0.093594
vn 0.850438 -0.500375 0.162219
vn 0.973875 -0.130531 0.185750
vn 0.973875 0.130531 0.185750
vn 0.850438 0.500406 0.162219
vn 0.128156 0.991437 0.024438
vn 0.130219 -0.991437 -0.008187
vn 0.498625 -0.866219 -0.031344
vn 0.864062 -0.500375 -0.054344
vn 0.989469 -0.130531 -0.062250
vn 0.989469 0.130531 -0.062250
vn 0.864062 0.500406 -0.054344
vn 0.498563 0.866250 -0.031344
vn 0.130219 0.991437 -0.008187
vn 0.124094 -0.991437 -0.040312
vn 0.823406 -0.500375 -0.267531
vn 0.942906 -0.130531 -0.306344
vn 0.942906 0.130531 -0.306344
vn 0.823406 0.500406 -0.267531
vn 0.124094 0.991437 -0.040312
vn 0.110188 -0.991437 -0.069906
vn 0.421813 -0.866219 -0.267687
vn 0.731000 -0.500375 -0.463906
vn 0.837094 -0.130531 -0.531219
vn 0.837094 0.130531 -0.531219
vn 0.731000 0.500406 -0.463906
vn 0.421781 0.866250 -0.267687
vn 0.110156 0.991437 -0.069906
vn 0.089313 -0.991437 -0.095125
vn 0.342000 -0.866219 -0.364188
vn 0.592656 -0.500375 -0.631125
vn 0.678656 -0.130531 -0.722719
vn 0.678688 0.130531 -0.722719
vn 0.592656 0.500406 -0.631125
vn 0.341969 0.866250 -0.364156
vn 0.089313 0.991437 -0.095094
vn 0.062844 -0.991437 -0.114344
vn 0.417094 -0.500375 -0.758687
vn 0.477625 -0.130531 -0.868781
vn 0.477625 0.130531 -0.868781
vn 0.417094 0.500406 -0.758687
vn 0.062844 0.991437 -0.114344
vn 0.032437 -0.991437 -0.126375
vn 0.124219 -0.866219 -0.483906
vn 0.215312 -0.500375 -0.838594
vn 0.246531 -0.130531 -0.960281
vn 0.246531 0.130531 -0.960281
vn 0.215312 0.500406 -0.838562
vn 0.032437 0.991437 -0.126375
vn 0.000281 0.580000 0.814594
vn 0.000000 0.579969 0.814594
vn 0.000000 0.560906 0.827844
vn 0.000687 0.560906 0.827844
vn 0.000000 0.510156 0.860062
vn 0.001094 0.510156 0.860062
vn 0.000000 0.445406 0.895312
vn 0.001094 0.445406 0.895312
vn 0.000000 0.378219 0.925687
vn 0.001094 0.378219 0.925687
vn 0.000000 0.309000 0.951031
vn 0.001094 0.309000 0.951031
vn 0.000000 0.238094 0.971219
vn 0.001094 0.238094 0.971219
vn 0.000000 0.165875 0.986125
vn 0.001094 0.165875 0.986125
vn 0.000000 0.092781 0.995656
vn 0.001094 0.092781 0.995656
vn 0.000000 0.032812 0.999438
vn 0.000687 0.032812 0.999438
vn 0.000000 0.009594 0.999937
vn 0.000281 0.009594 0.999937
vn -0.000281 0.579969 0.814594
vn -0.000687 0.560906 0.827844
vn -0.001094 0.510156 0.860062
vn -0.001094 0.445406 0.895312
vn -0.001094 0.378219 0.925687
vn -0.001094 0.309000 0.951031
vn -0.001094 0.238094 0.971219
vn -0.001094 0.165875 0.986125
vn -0.001094 0.092781 0.995656
vn -0.000687 0.032812 0.999438
vn -0.000281 0.009562 0.999937
vn 1.000000 0.000000 0.000000
vn -0.000281 -0.009562 -0.999937
vn 0.000000 -0.009594 -0.999937
vn 0.000000 -0.032812 -0.999438
vn -0.000687 -0.032812 -0.999438
vn 0.000000 -0.092781 -0.995656
vn -0.001094 -0.092781 -0.995656
vn 0.000000 -0.165875 -0.986125
vn -0.001094 -0.165875 -0.986125
vn 0.000000 -0.238094 -0.971219
vn -0.001094 -0.238094 -0.971219
vn 0.000000 -0.309000 -0.951031
vn -0.001094 -0.309000 -0.951031
vn 0.000000 -0.378219 -0.925687
vn -0.001094 -0.378219 -0.925687
vn 0.000000 -0.445406 -0.895312
vn -0.001094 -0.445406 -0.895312
vn 0.000000 -0.510156 -0.860062
vn -0.001094 -0.510156 -0.860062
vn 0.000000 -0.560906 -0.827844
vn -0.000687 -0.560906 -0.827844
vn 0.000000 -0.579969 -0.814594
vn -0.000281 -0.579969 -0.814594
vn 0.000281 -0.009594 -0.999937
vn 0.000687 -0.032812 -0.999438
vn 0.001094 -0.092781 -0.995656
vn 0.001094 -0.165875 -0.986125
vn 0.001094 -0.238094 -0.971219
vn 0.001094 -0.309000 -0.951031
vn 0.001094 -0.378219 -0.925687
vn 0.001094 -0.445406 -0.895312
vn 0.001094 -0.510156 -0.860062
vn 0.000687 -0.560906 -0.827844
vn 0.000281 -0.579969 -0.814594
vn -1.000000 0.000000 0.000000
vn 0.012750 0.814531 -0.579938
vn 0.006375 0.814594 -0.579969
vn 0.015437 0.827750 -0.560844
vn 0.030875 0.827469 -0.560656
vn 0.024500 0.859781 -0.510000
vn 0.049000 0.859031 -0.509531
vn 0.024500 0.895031 -0.445281
vn 0.049000 0.894219 -0.444875
vn 0.024500 0.925406 -0.378125
vn 0.049000 0.924563 -0.377781
vn 0.024500 0.950750 -0.308906
vn 0.049000 0.949906 -0.308625
vn 0.024500 0.970937 -0.238031
vn 0.049000 0.970062 -0.237813
vn 0.024500 0.985844 -0.165844
vn 0.049000 0.984937 -0.165688
vn 0.024500 0.995375 -0.092750
vn 0.049000 0.994469 -0.092656
vn 0.015437 0.999313 -0.032781
vn 0.030875 0.998969 -0.032781
vn 0.006375 0.999906 -0.009562
vn 0.012750 0.999844 -0.009562
vn -0.006375 0.814594 -0.579969
vn -0.015437 0.827750 -0.560844
vn -0.024500 0.859781 -0.510000
vn -0.024500 0.895031 -0.445281
vn -0.024500 0.925406 -0.378125
vn -0.024500 0.950750 -0.308906
vn -0.024500 0.970937 -0.238031
vn -0.024500 0.985844 -0.165844
vn -0.024500 0.995375 -0.092750
vn -0.015437 0.999313 -0.032781
vn -0.006375 0.999906 -0.009594
vn -0.012750 0.814531 -0.579938
vn -0.030875 0.827469 -0.560656
vn -0.049000 0.859031 -0.509531
vn -0.049000 0.894219 -0.444875
vn -0.049000 0.924563 -0.377781
vn -0.049000 0.949906 -0.308625
vn -0.049000 0.970062 -0.237813
vn -0.049000 0.984937 -0.165688
vn -0.049000 0.994469 -0.092656
vn -0.030875 0.998969 -0.032781
vn -0.012750 0.999844 -0.009562
vn 0.012750 -0.814531 0.579938
vn 0.006375 -0.814594 0.579969
vn 0.015437 -0.827750 0.560844
vn 0.030875 -0.827469 0.560656
vn 0.024500 -0.859781 0.510000
vn 0.049000 -0.859031 0.509531
vn 0.024500 -0.895031 0.445281
vn 0.049000 -0.894219 0.444875
vn 0.024500 -0.925406 0.378125
vn 0.049000 -0.924563 0.377781
vn 0.024500 -0.950750 0.308906
vn 0.049000 -0.949906 0.308625
vn 0.024500 -0.970937 0.238031
vn 0.049000 -0.970062 0.237813
vn 0.024500 -0.985844 0.165844
vn 0.049000 -0.984937 0.165688
vn 0.024500 -0.995375 0.092750
vn 0.049000 -0.994469 0.092656
vn 0.015437 -0.999313 0.032781
vn 0.030875 -0.998969 0.032781
vn 0.006375 -0.999906 0.009562
vn 0.012750 -0.999844 0.009562
vn -0.006375 -0.814594 0.579969
vn -0.015437 -0.827750 0.560844
vn -0.024500 -0.859781 0.510000
vn -0.024500 -0.895031 0.445281
vn -0.024500 -0.925406 0.378125
vn -0.024500 -0.950750 0.308906
vn -0.024500 -0.970937 0.238031
vn -0.024500 -0.985844 0.165844
vn -0.024500 -0.995375 0.092750
vn -0.015437 -0.999313 0.032781
vn -0.006375 -0.999906 0.009562
vn -0.012750 -0.814531 0.579938
vn -0.030875 -0.827469 0.560656
vn -0.049000 -0.859031 0.509531
vn -0.049000 -0.894219 0.444875
vn -0.049000 -0.924563 0.377781
vn -0.049000 -0.949906 0.308625
vn -0.049000 -0.970062 0.237813
vn -0.049000 -0.984937 0.165688
vn -0.049000 -0.994469 0.092656
vn -0.030875 -0.998969 0.032781
vn -0.012750 -0.999844 0.009562
vn -0.523406 0.579969 0.624219
vn -0.523625 0.579969 0.624031
vn -0.532125 0.560906 0.634156
vn -0.531594 0.560875 0.634625
vn -0.552813 0.510156 0.658844
vn -0.551969 0.510156 0.659563
vn -0.575500 0.445406 0.685844
vn -0.574625 0.445406 0.686562
vn -0.595031 0.378219 0.709125
vn -0.594156 0.378219 0.709844
vn -0.611313 0.309000 0.728531
vn -0.610438 0.309000 0.729250
vn -0.624281 0.238094 0.744000
vn -0.623438 0.238094 0.744719
vn -0.633875 0.165875 0.755406
vn -0.633000 0.165875 0.756125
vn -0.640000 0.092781 0.762719
vn -0.639125 0.092781 0.763438
vn -0.642438 0.032812 0.765625
vn -0.641875 0.032812 0.766062
vn -0.642750 0.009562 0.766000
vn -0.642531 0.009594 0.766187
vn -0.523844 0.580000 0.623812
vn -0.532656 0.560906 0.633719
vn -0.553688 0.510188 0.658094
vn -0.576344 0.445406 0.685125
vn -0.595875 0.378219 0.708406
vn -0.612156 0.309000 0.727813
vn -0.625156 0.238094 0.743281
vn -0.634719 0.165875 0.754687
vn -0.640844 0.092781 0.762000
vn -0.642969 0.032812 0.765156
vn -0.642969 0.009562 0.765813
vn 0.766031 0.000000 0.642781
vn 0.642531 -0.009562 -0.766187
vn 0.642750 -0.009594 -0.766000
vn 0.642438 -0.032812 -0.765625
vn 0.641875 -0.032812 -0.766062
vn 0.640000 -0.092781 -0.762719
vn 0.639125 -0.092781 -0.763438
vn 0.633875 -0.165875 -0.755406
vn 0.633000 -0.165875 -0.756125
vn 0.624281 -0.238094 -0.744000
vn 0.623438 -0.238094 -0.744719
vn 0.611313 -0.309000 -0.728531
vn 0.610438 -0.309000 -0.729250
vn 0.595000 -0.378219 -0.709125
vn 0.594156 -0.378250 -0.709844
vn 0.575500 -0.445406 -0.685844
vn 0.574625 -0.445406 -0.686562
vn 0.552813 -0.510156 -0.658844
vn 0.551969 -0.510156 -0.659563
vn 0.532125 -0.560906 -0.634156
vn 0.531594 -0.560906 -0.634625
vn 0.523594 -0.580000 -0.624000
vn 0.523375 -0.579969 -0.624219
vn 0.642969 -0.009594 -0.765813
vn 0.642969 -0.032812 -0.765156
vn 0.640844 -0.092781 -0.762000
vn 0.634719 -0.165875 -0.754687
vn 0.625156 -0.238094 -0.743281
vn 0.612188 -0.309000 -0.727813
vn 0.595875 -0.378219 -0.708406
vn 0.576344 -0.445406 -0.685125
vn 0.553688 -0.510156 -0.658125
vn 0.532656 -0.560906 -0.633719
vn 0.523844 -0.580000 -0.623812
vn -0.766031 0.000000 -0.642750
vn -0.766031 0.000000 -0.642781
vn -0.766000 0.000031 -0.642781
vn 0.382531 0.814531 -0.436063
vn 0.377688 0.814594 -0.440188
vn 0.372312 0.827750 -0.419688
vn 0.384031 0.827469 -0.409625
vn 0.346594 0.859781 -0.374938
vn 0.365063 0.859031 -0.358813
vn 0.305000 0.895031 -0.325344
vn 0.323500 0.894219 -0.309281
vn 0.261813 0.925406 -0.273906
vn 0.280375 0.924563 -0.257875
vn 0.217344 0.950750 -0.220875
vn 0.235938 0.949906 -0.204906
vn 0.171781 0.970937 -0.166562
vn 0.190406 0.970062 -0.150656
vn 0.125375 0.985844 -0.111281
vn 0.144031 0.984937 -0.095406
vn 0.078406 0.995375 -0.055281
vn 0.097125 0.994469 -0.039469
vn 0.032906 0.999313 -0.015188
vn 0.044719 0.998969 -0.005250
vn 0.011031 0.999906 -0.003219
vn 0.015937 0.999844 0.000844
vn 0.367906 0.814594 -0.448375
vn 0.348656 0.827750 -0.439562
vn 0.309031 0.859781 -0.406437
vn 0.267437 0.895031 -0.356844
vn 0.224250 0.925406 -0.305406
vn 0.179781 0.950750 -0.252406
vn 0.134219 0.970937 -0.198094
vn 0.087812 0.985844 -0.142781
vn 0.040844 0.995375 -0.086813
vn 0.009250 0.999313 -0.035031
vn 0.001250 0.999906 -0.011437
vn 0.363000 0.814531 -0.452469
vn 0.336719 0.827469 -0.449344
vn 0.289969 0.859031 -0.421844
vn 0.248406 0.894219 -0.372281
vn 0.205281 0.924563 -0.320906
vn 0.160812 0.949906 -0.267938
vn 0.115313 0.970062 -0.213687
vn 0.068938 0.984937 -0.158438
vn 0.022000 0.994469 -0.102500
vn -0.002563 0.998969 -0.044969
vn -0.003594 0.999844 -0.015531
vn -0.363000 -0.814531 0.452469
vn -0.367906 -0.814594 0.448375
vn -0.348656 -0.827750 0.439562
vn -0.336719 -0.827469 0.449344
vn -0.309031 -0.859781 0.406437
vn -0.289969 -0.859031 0.421844
vn -0.267437 -0.895031 0.356844
vn -0.248406 -0.894219 0.372281
vn -0.224250 -0.925406 0.305406
vn -0.205281 -0.924563 0.320906
vn -0.179781 -0.950750 0.252406
vn -0.160844 -0.949906 0.267938
vn -0.134219 -0.970937 0.198094
vn -0.115313 -0.970062 0.213687
vn -0.087812 -0.985844 0.142781
vn -0.068938 -0.984937 0.158438
vn -0.040844 -0.995375 0.086813
vn -0.022000 -0.994469 0.102500
vn -0.009250 -0.999313 0.035031
vn 0.002563 -0.998969 0.044969
vn -0.001250 -0.999906 0.011437
vn 0.003594 -0.999844 0.015531
vn -0.377688 -0.814594 0.440188
vn -0.372312 -0.827750 0.419688
vn -0.346594 -0.859781 0.374938
vn -0.305000 -0.895031 0.325344
vn -0.261813 -0.925406 0.273906
vn -0.217344 -0.950750 0.220875
vn -0.171781 -0.970937 0.166562
vn -0.125375 -0.985844 0.111281
vn -0.078406 -0.995375 0.055281
vn -0.032906 -0.999313 0.015188
vn -0.011031 -0.999906 0.003219
vn -0.382531 -0.814531 0.436063
vn -0.384031 -0.827469 0.409625
vn -0.365063 -0.859031 0.358813
vn -0.323500 -0.894219 0.309281
vn -0.280375 -0.924563 0.257875
vn -0.235938 -0.949906 0.204906
vn -0.190406 -0.970062 0.150656
vn -0.144031 -0.984937 0.095406
vn -0.097125 -0.994469 0.039469
vn -0.044719 -0.998969 0.005250
vn -0.015937 -0.999844 -0.000844
vn -0.802188 0.579969 0.141719
vn -0.802219 0.579969 0.141438
vn -0.815281 0.560906 0.143750
vn -0.815156 0.560906 0.144438
vn -0.847000 0.510156 0.149344
vn -0.846781 0.510156 0.150438
vn -0.881688 0.445406 0.155469
vn -0.881500 0.445406 0.156563
vn -0.911625 0.378219 0.160719
vn -0.911438 0.378219 0.161844
vn -0.936594 0.309000 0.165125
vn -0.936406 0.309000 0.166250
vn -0.956469 0.238094 0.168625
vn -0.956281 0.238094 0.169750
vn -0.971156 0.165875 0.171219
vn -0.970937 0.165875 0.172344
vn -0.980531 0.092781 0.172875
vn -0.980344 0.092781 0.174000
vn -0.984250 0.032812 0.173531
vn -0.984125 0.032812 0.174250
vn -0.984750 0.009594 0.173625
vn -0.984688 0.009562 0.173906
vn -0.802281 0.579969 0.141156
vn -0.815406 0.560906 0.143031
vn -0.847188 0.510156 0.148219
vn -0.881906 0.445406 0.154344
vn -0.911812 0.378219 0.159625
vn -0.936781 0.309000 0.164031
vn -0.956656 0.238094 0.167531
vn -0.971344 0.165875 0.170125
vn -0.980750 0.092781 0.171781
vn -0.984375 0.032812 0.172844
vn -0.984812 0.009594 0.173344
vn 0.173625 0.000000 0.984781
vn 0.984688 -0.009562 -0.173906
vn 0.984750 -0.009562 -0.173625
vn 0.984250 -0.032812 -0.173531
vn 0.984125 -0.032812 -0.174250
vn 0.980531 -0.092781 -0.172875
vn 0.980344 -0.092781 -0.174000
vn 0.971156 -0.165875 -0.171219
vn 0.970937 -0.165875 -0.172344
vn 0.956469 -0.238094 -0.168625
vn 0.956281 -0.238094 -0.169750
vn 0.936594 -0.309000 -0.165125
vn 0.936406 -0.309000 -0.166250
vn 0.911625 -0.378219 -0.160719
vn 0.911438 -0.378219 -0.161844
vn 0.881719 -0.445406 -0.155469
vn 0.881500 -0.445406 -0.156563
vn 0.847000 -0.510156 -0.149344
vn 0.846781 -0.510156 -0.150438
vn 0.815281 -0.560906 -0.143750
vn 0.815156 -0.560906 -0.144438
vn 0.802219 -0.579969 -0.141438
vn 0.802188 -0.579969 -0.141719
vn 0.984812 -0.009594 -0.173344
vn 0.984375 -0.032812 -0.172844
vn 0.980750 -0.092781 -0.171781
vn 0.971344 -0.165875 -0.170125
vn 0.956656 -0.238094 -0.167531
vn 0.936781 -0.309000 -0.164031
vn 0.911812 -0.378219 -0.159625
vn 0.881906 -0.445406 -0.154344
vn 0.847188 -0.510156 -0.148219
vn 0.815406 -0.560906 -0.143031
vn 0.802281 -0.579969 -0.141156
vn -0.173625 0.000000 -0.984781
vn -0.173656 0.000000 -0.984781
vn 0.573344 0.814531 -0.088125
vn 0.572281 0.814594 -0.094406
vn 0.555000 0.827750 -0.082156
vn 0.557500 0.827469 -0.066937
vn 0.506500 0.859781 -0.064406
vn 0.510312 0.859031 -0.040188
vn 0.442750 0.895031 -0.053156
vn 0.446625 0.894219 -0.028969
vn 0.376625 0.925406 -0.041500
vn 0.380563 0.924563 -0.017313
vn 0.308469 0.950750 -0.029469
vn 0.312438 0.949906 -0.005313
vn 0.238656 0.970937 -0.017188
vn 0.242719 0.970062 0.006969
vn 0.167562 0.985844 -0.004625
vn 0.171687 0.984937 0.019469
vn 0.095594 0.995375 0.008031
vn 0.099781 0.994469 0.032156
vn 0.034969 0.999313 0.009500
vn 0.037656 0.998969 0.024719
vn 0.010531 0.999906 0.004594
vn 0.011656 0.999844 0.010875
vn 0.570063 0.814594 -0.106969
vn 0.549625 0.827750 -0.112594
vn 0.498000 0.859781 -0.112687
vn 0.434250 0.895031 -0.101438
vn 0.368125 0.925406 -0.089781
vn 0.299969 0.950750 -0.077781
vn 0.230156 0.970937 -0.065469
vn 0.159063 0.985844 -0.052938
vn 0.087094 0.995375 -0.040250
vn 0.029625 0.999313 -0.020906
vn 0.008313 0.999906 -0.007938
vn 0.568906 0.814531 -0.113250
vn 0.546750 0.827469 -0.127750
vn 0.493281 0.859031 -0.136750
vn 0.429594 0.894219 -0.125500
vn 0.363531 0.924563 -0.113875
vn 0.295438 0.949906 -0.101844
vn 0.225688 0.970062 -0.089562
vn 0.154656 0.984937 -0.077031
vn 0.082750 0.994469 -0.064344
vn 0.026906 0.998969 -0.036094
vn 0.007219 0.999844 -0.014219
vn -0.568906 -0.814531 0.113250
vn -0.570063 -0.814594 0.106969
vn -0.549625 -0.827750 0.112594
vn -0.546750 -0.827469 0.127750
vn -0.498000 -0.859781 0.112687
vn -0.493281 -0.859031 0.136750
vn -0.434250 -0.895031 0.101438
vn -0.429594 -0.894219 0.125500
vn -0.368125 -0.925406 0.089781
vn -0.363531 -0.924563 0.113875
vn -0.299969 -0.950750 0.077781
vn -0.295438 -0.949906 0.101844
vn -0.230156 -0.970937 0.065469
vn -0.225688 -0.970062 0.089562
vn -0.159063 -0.985844 0.052938
vn -0.154656 -0.984937 0.077031
vn -0.087094 -0.995375 0.040250
vn -0.082750 -0.994469 0.064344
vn -0.029625 -0.999313 0.020906
vn -0.026906 -0.998969 0.036094
vn -0.008313 -0.999906 0.007938
vn -0.007219 -0.999844 0.014219
vn -0.572281 -0.814594 0.094406
vn -0.555000 -0.827750 0.082156
vn -0.506500 -0.859781 0.064406
vn -0.442750 -0.895031 0.053156
vn -0.376625 -0.925406 0.041500
vn -0.308469 -0.950750 0.029469
vn -0.238656 -0.970937 0.017188
vn -0.167562 -0.985844 0.004625
vn -0.095594 -0.995375 -0.008031
vn -0.034969 -0.999313 -0.009500
vn -0.010531 -0.999906 -0.004594
vn -0.573344 -0.814531 0.088125
vn -0.557500 -0.827469 0.066937
vn -0.510312 -0.859031 0.040188
vn -0.446625 -0.894219 0.028969
vn -0.380563 -0.924563 0.017313
vn -0.312469 -0.949906 0.005313
vn -0.242719 -0.970062 -0.006969
vn -0.171687 -0.984937 -0.019469
vn -0.099781 -0.994469 -0.032156
vn -0.037656 -0.998969 -0.024719
vn -0.011656 -0.999844 -0.010875
vn -0.705594 0.580000 -0.407031
vn -0.705469 0.579969 -0.407281
vn -0.716937 0.560906 -0.413906
vn -0.717281 0.560906 -0.413312
vn -0.744812 0.510156 -0.430031
vn -0.745375 0.510156 -0.429031
vn -0.775344 0.445406 -0.447656
vn -0.775906 0.445406 -0.446656
vn -0.801656 0.378219 -0.462844
vn -0.802219 0.378250 -0.461875
vn -0.823625 0.309000 -0.475500
vn -0.824188 0.309000 -0.474531
vn -0.841094 0.238094 -0.485594
vn -0.841656 0.238094 -0.484625
vn -0.854000 0.165875 -0.493062
vn -0.854563 0.165875 -0.492094
vn -0.862281 0.092781 -0.497813
vn -0.862844 0.092781 -0.496844
vn -0.865531 0.032812 -0.499719
vn -0.865906 0.032812 -0.499094
vn -0.865969 0.009562 -0.499969
vn -0.866125 0.009594 -0.499719
vn -0.705312 0.579969 -0.407562
vn -0.716594 0.560906 -0.414531
vn -0.744250 0.510156 -0.431000
vn -0.774781 0.445406 -0.448625
vn -0.801094 0.378219 -0.463813
vn -0.823062 0.309000 -0.476500
vn -0.840531 0.238094 -0.486562
vn -0.853437 0.165875 -0.494031
vn -0.861719 0.092781 -0.498812
vn -0.865188 0.032812 -0.500313
vn -0.865812 0.009562 -0.500219
vn -0.500000 0.000000 0.866000
vn 0.866125 -0.009594 0.499719
vn 0.865969 -0.009594 0.499969
vn 0.865531 -0.032812 0.499719
vn 0.865906 -0.032812 0.499094
vn 0.862281 -0.092781 0.497813
vn 0.862844 -0.092781 0.496844
vn 0.854000 -0.165875 0.493062
vn 0.854563 -0.165906 0.492094
vn 0.841094 -0.238094 0.485594
vn 0.841656 -0.238094 0.484625
vn 0.823625 -0.309000 0.475500
vn 0.824188 -0.309000 0.474531
vn 0.801656 -0.378219 0.462844
vn 0.802219 -0.378250 0.461875
vn 0.775344 -0.445406 0.447656
vn 0.775906 -0.445406 0.446656
vn 0.744812 -0.510156 0.430031
vn 0.745375 -0.510188 0.429031
vn 0.716937 -0.560906 0.413906
vn 0.717281 -0.560906 0.413312
vn 0.705469 -0.579969 0.407281
vn 0.705594 -0.580000 0.407031
vn 0.865812 -0.009562 0.500219
vn 0.865188 -0.032812 0.500313
vn 0.861719 -0.092781 0.498812
vn 0.853437 -0.165875 0.494031
vn 0.840531 -0.238094 0.486562
vn 0.823062 -0.309000 0.476500
vn 0.801094 -0.378219 0.463813
vn 0.774781 -0.445406 0.448625
vn 0.744281 -0.510156 0.431000
vn 0.716594 -0.560906 0.414531
vn 0.705312 -0.579969 0.407562
vn 0.500031 0.000031 -0.866000
vn 0.500000 0.000000 -0.866000
vn 0.499969 0.000000 -0.866000
vn 0.499969 -0.000031 -0.866031
vn 0.495844 0.814531 0.301000
vn 0.499063 0.814594 0.295500
vn 0.477969 0.827750 0.293781
vn 0.470094 0.827469 0.307063
vn 0.429406 0.859781 0.276219
vn 0.416781 0.859031 0.297219
vn 0.373344 0.895031 0.243875
vn 0.360750 0.894219 0.264875
vn 0.315188 0.925406 0.210281
vn 0.302656 0.924563 0.231344
vn 0.255250 0.950750 0.175688
vn 0.242781 0.949906 0.196750
vn 0.193875 0.970937 0.140219
vn 0.181438 0.970062 0.161344
vn 0.131344 0.985844 0.104156
vn 0.118969 0.984937 0.125281
vn 0.068062 0.995375 0.067594
vn 0.055750 0.994469 0.088781
vn 0.020688 0.999313 0.029750
vn 0.012938 0.998969 0.043125
vn 0.005094 0.999906 0.010313
vn 0.001906 0.999844 0.015844
vn 0.505469 0.814594 0.284438
vn 0.493406 0.827750 0.267031
vn 0.453938 0.859781 0.233750
vn 0.397875 0.895031 0.201406
vn 0.339719 0.925406 0.167812
vn 0.279781 0.950750 0.133219
vn 0.218375 0.970937 0.097781
vn 0.155875 0.985844 0.061687
vn 0.092594 0.995375 0.025125
vn 0.036125 0.999313 0.003000
vn 0.011469 0.999906 -0.000719
vn 0.508625 0.814531 0.278906
vn 0.500969 0.827469 0.253563
vn 0.465781 0.859031 0.212313
vn 0.409781 0.894219 0.179969
vn 0.351656 0.924563 0.146437
vn 0.291781 0.949906 0.111844
vn 0.230438 0.970062 0.076438
vn 0.168000 0.984937 0.040375
vn 0.104750 0.994469 0.003875
vn 0.043812 0.998969 -0.010344
vn 0.014687 0.999844 -0.006250
vn -0.508625 -0.814531 -0.278906
vn -0.505469 -0.814594 -0.284438
vn -0.493406 -0.827750 -0.267031
vn -0.500969 -0.827469 -0.253563
vn -0.453938 -0.859781 -0.233750
vn -0.465781 -0.859031 -0.212313
vn -0.397875 -0.895031 -0.201406
vn -0.409781 -0.894219 -0.179969
vn -0.339719 -0.925406 -0.167812
vn -0.351656 -0.924563 -0.146437
vn -0.279781 -0.950750 -0.133219
vn -0.291781 -0.949906 -0.111844
vn -0.218375 -0.970937 -0.097781
vn -0.230438 -0.970062 -0.076438
vn -0.155875 -0.985844 -0.061687
vn -0.168000 -0.984937 -0.040375
vn -0.092594 -0.995375 -0.025125
vn -0.104750 -0.994469 -0.003875
vn -0.036125 -0.999313 -0.003000
vn -0.043812 -0.998969 0.010344
vn -0.011469 -0.999906 0.000719
vn -0.014687 -0.999844 0.006250
vn -0.499063 -0.814594 -0.295500
vn -0.477969 -0.827750 -0.293781
vn -0.429406 -0.859781 -0.276219
vn -0.373344 -0.895031 -0.243875
vn -0.315188 -0.925406 -0.210281
vn -0.255250 -0.950750 -0.175688
vn -0.193875 -0.970937 -0.140219
vn -0.131344 -0.985844 -0.104156
vn -0.068062 -0.995375 -0.067594
vn -0.020688 -0.999313 -0.029750
vn -0.005094 -0.999906 -0.010313
vn -0.495844 -0.814531 -0.301000
vn -0.470094 -0.827469 -0.307063
vn -0.416781 -0.859031 -0.297219
vn -0.360750 -0.894219 -0.264875
vn -0.302656 -0.924563 -0.231344
vn -0.242781 -0.949906 -0.196750
vn -0.181438 -0.970062 -0.161344
vn -0.118969 -0.984937 -0.125281
vn -0.055750 -0.994469 -0.088781
vn -0.012938 -0.998969 -0.043125
vn -0.001906 -0.999844 -0.015844
vn -0.278875 0.580000 -0.765375
vn -0.278594 0.579969 -0.765469
vn -0.283125 0.560906 -0.777937
vn -0.283781 0.560906 -0.777687
vn -0.294156 0.510156 -0.808187
vn -0.295188 0.510156 -0.807781
vn -0.306188 0.445406 -0.841313
vn -0.307250 0.445406 -0.840937
vn -0.316594 0.378250 -0.869875
vn -0.317656 0.378219 -0.869469
vn -0.325250 0.309000 -0.893687
vn -0.326313 0.309000 -0.893313
vn -0.332156 0.238094 -0.912656
vn -0.333219 0.238094 -0.912281
vn -0.337250 0.165875 -0.926656
vn -0.338313 0.165875 -0.926281
vn -0.340531 0.092781 -0.935625
vn -0.341594 0.092781 -0.935250
vn -0.341812 0.032812 -0.939156
vn -0.342500 0.032812 -0.938937
vn -0.342000 0.009562 -0.939625
vn -0.342250 0.009594 -0.939531
vn -0.278313 0.579969 -0.765594
vn -0.282469 0.560875 -0.778188
vn -0.293094 0.510156 -0.808563
vn -0.305156 0.445406 -0.841688
vn -0.315531 0.378250 -0.870250
vn -0.324219 0.309000 -0.894063
vn -0.331125 0.238094 -0.913031
vn -0.336219 0.165906 -0.927031
vn -0.339469 0.092781 -0.936000
vn -0.341156 0.032812 -0.939406
vn -0.341719 0.009562 -0.939719
vn -0.939687 0.000000 0.342000
vn 0.342250 -0.009594 0.939531
vn 0.342000 -0.009594 0.939625
vn 0.341812 -0.032812 0.939156
vn 0.342500 -0.032812 0.938937
vn 0.340531 -0.092781 0.935625
vn 0.341594 -0.092781 0.935250
vn 0.337250 -0.165875 0.926656
vn 0.338313 -0.165875 0.926281
vn 0.332156 -0.238094 0.912656
vn 0.333219 -0.238094 0.912281
vn 0.325250 -0.309000 0.893687
vn 0.326313 -0.309000 0.893313
vn 0.316594 -0.378219 0.869875
vn 0.317656 -0.378219 0.869469
vn 0.306188 -0.445406 0.841313
vn 0.307250 -0.445406 0.840937
vn 0.294156 -0.510156 0.808187
vn 0.295188 -0.510156 0.807813
vn 0.283125 -0.560906 0.777937
vn 0.283812 -0.560906 0.777687
vn 0.278594 -0.579969 0.765469
vn 0.278875 -0.579969 0.765375
vn 0.341719 -0.009594 0.939719
vn 0.341156 -0.032812 0.939406
vn 0.339469 -0.092781 0.936000
vn 0.336219 -0.165875 0.927031
vn 0.331125 -0.238094 0.913031
vn 0.324219 -0.309000 0.894063
vn 0.315531 -0.378219 0.870250
vn 0.305156 -0.445406 0.841688
vn 0.293094 -0.510156 0.808563
vn 0.282469 -0.560906 0.778188
vn 0.278313 -0.579969 0.765562
vn 0.939687 0.000000 -0.342000
vn 0.939656 0.000000 -0.342031
vn 0.186344 0.814531 0.549312
vn 0.192344 0.814594 0.547188
vn 0.177281 0.827750 0.532313
vn 0.162719 0.827469 0.537406
vn 0.151375 0.859781 0.487625
vn 0.128188 0.859031 0.495594
vn 0.129250 0.895031 0.426812
vn 0.106094 0.894219 0.434812
vn 0.106281 0.925406 0.363687
vn 0.083125 0.924563 0.371750
vn 0.082594 0.950750 0.298656
vn 0.059500 0.949906 0.306781
vn 0.058375 0.970937 0.232063
vn 0.035250 0.970062 0.240219
vn 0.033656 0.985844 0.164219
vn 0.010594 0.984937 0.172469
vn 0.008687 0.995375 0.095531
vn -0.014344 0.994469 0.103844
vn -0.003281 0.999313 0.036094
vn -0.017781 0.998969 0.041375
vn -0.002688 0.999906 0.011188
vn -0.008687 0.999844 0.013375
vn 0.204344 0.814594 0.542813
vn 0.206313 0.827750 0.521719
vn 0.197469 0.859781 0.470875
vn 0.175313 0.895031 0.410031
vn 0.152344 0.925406 0.346938
vn 0.128688 0.950750 0.281906
vn 0.104438 0.970937 0.215281
vn 0.079750 0.985844 0.147437
vn 0.054750 0.995375 0.078781
vn 0.025719 0.999313 0.025531
vn 0.009250 0.999906 0.006812
vn 0.210344 0.814531 0.540594
vn 0.220750 0.827469 0.516281
vn 0.220313 0.859031 0.462063
vn 0.198219 0.894219 0.401281
vn 0.175250 0.924563 0.338219
vn 0.151625 0.949906 0.273250
vn 0.127375 0.970062 0.206687
vn 0.102719 0.984937 0.138938
vn 0.077750 0.994469 0.070312
vn 0.040219 0.998969 0.020219
vn 0.015250 0.999844 0.004625
vn -0.210344 -0.814531 -0.540594
vn -0.204344 -0.814594 -0.542813
vn -0.206313 -0.827750 -0.521719
vn -0.220750 -0.827469 -0.516281
vn -0.197469 -0.859781 -0.470875
vn -0.220313 -0.859031 -0.462063
vn -0.175313 -0.895031 -0.410031
vn -0.198219 -0.894219 -0.401281
vn -0.152344 -0.925406 -0.346938
vn -0.175250 -0.924563 -0.338219
vn -0.128688 -0.950750 -0.281906
vn -0.151625 -0.949906 -0.273250
vn -0.104438 -0.970937 -0.215281
vn -0.127375 -0.970062 -0.206687
vn -0.079750 -0.985844 -0.147437
vn -0.102719 -0.984937 -0.138938
vn -0.054750 -0.995375 -0.078781
vn -0.077750 -0.994469 -0.070312
vn -0.025719 -0.999313 -0.025531
vn -0.040219 -0.998969 -0.020219
vn -0.009250 -0.999906 -0.006812
vn -0.015250 -0.999844 -0.004625
vn -0.192344 -0.814594 -0.547188
vn -0.177281 -0.827750 -0.532313
vn -0.151375 -0.859781 -0.487625
vn -0.129250 -0.895031 -0.426812
vn -0.106281 -0.925406 -0.363687
vn -0.082594 -0.950750 -0.298656
vn -0.058375 -0.970937 -0.232063
vn -0.033656 -0.985844 -0.164219
vn -0.008687 -0.995375 -0.095531
vn 0.003281 -0.999313 -0.036094
vn 0.002688 -0.999906 -0.011188
vn -0.186344 -0.814531 -0.549312
vn -0.162719 -0.827469 -0.537406
vn -0.128188 -0.859031 -0.495594
vn -0.106094 -0.894219 -0.434812
vn -0.083125 -0.924563 -0.371750
vn -0.059500 -0.949906 -0.306781
vn -0.035250 -0.970062 -0.240219
vn -0.010594 -0.984937 -0.172469
vn 0.014344 -0.994469 -0.103844
vn 0.017781 -0.998969 -0.041375
vn 0.008687 -0.999844 -0.013375
vn 0.278313 0.580000 -0.765562
vn 0.278594 0.579969 -0.765469
vn 0.283125 0.560906 -0.777937
vn 0.282469 0.560906 -0.778156
vn 0.294156 0.510156 -0.808187
vn 0.293094 0.510156 -0.808563
vn 0.306188 0.445406 -0.841313
vn 0.305156 0.445406 -0.841688
vn 0.316594 0.378219 -0.869875
vn 0.315531 0.378219 -0.870250
vn 0.325250 0.309000 -0.893687
vn 0.324219 0.309000 -0.894063
vn 0.332156 0.238094 -0.912656
vn 0.331125 0.238094 -0.913031
vn 0.337250 0.165875 -0.926656
vn 0.336219 0.165875 -0.927031
vn 0.340531 0.092781 -0.935625
vn 0.339469 0.092781 -0.936000
vn 0.341812 0.032812 -0.939156
vn 0.341156 0.032812 -0.939406
vn 0.342000 0.009594 -0.939625
vn 0.341719 0.009594 -0.939719
vn 0.278875 0.579969 -0.765375
vn 0.283812 0.560906 -0.777687
vn 0.295219 0.510156 -0.807813
vn 0.307250 0.445406 -0.840937
vn 0.317656 0.378250 -0.869469
vn 0.326313 0.309000 -0.893313
vn 0.333219 0.238094 -0.912281
vn 0.338313 0.165875 -0.926281
vn 0.341594 0.092781 -0.935250
vn 0.342500 0.032812 -0.938937
vn 0.342250 0.009594 -0.939531
vn -0.939687 0.000000 -0.342000
vn -0.341719 -0.009562 0.939719
vn -0.342000 -0.009562 0.939625
vn -0.341812 -0.032812 0.939156
vn -0.341156 -0.032812 0.939406
vn -0.340531 -0.092781 0.935625
vn -0.339469 -0.092781 0.936000
vn -0.337250 -0.165875 0.926656
vn -0.336219 -0.165906 0.927031
vn -0.332156 -0.238094 0.912656
vn -0.331125 -0.238094 0.913031
vn -0.325250 -0.309000 0.893687
vn -0.324219 -0.309000 0.894063
vn -0.316594 -0.378250 0.869875
vn -0.315531 -0.378250 0.870250
vn -0.306188 -0.445406 0.841313
vn -0.305156 -0.445406 0.841688
vn -0.294156 -0.510156 0.808187
vn -0.293094 -0.510156 0.808563
vn -0.283125 -0.560906 0.777937
vn -0.282469 -0.560906 0.778188
vn -0.278594 -0.579969 0.765469
vn -0.278344 -0.579969 0.765594
vn -0.342250 -0.009594 0.939531
vn -0.342500 -0.032812 0.938937
vn -0.341594 -0.092781 0.935250
vn -0.338313 -0.165875 0.926281
vn -0.333219 -0.238094 0.912250
vn -0.326313 -0.309000 0.893313
vn -0.317656 -0.378219 0.869469
vn -0.307250 -0.445406 0.840937
vn -0.295188 -0.510156 0.807813
vn -0.283812 -0.560906 0.777687
vn -0.278875 -0.580000 0.765375
vn 0.939656 0.000000 0.342031
vn 0.939687 0.000000 0.342000
vn -0.210344 0.814531 0.540594
vn -0.204344 0.814594 0.542813
vn -0.206313 0.827750 0.521719
vn -0.220750 0.827469 0.516281
vn -0.197469 0.859781 0.470875
vn -0.220313 0.859031 0.462063
vn -0.175313 0.895031 0.410031
vn -0.198219 0.894219 0.401281
vn -0.152344 0.925406 0.346938
vn -0.175250 0.924563 0.338219
vn -0.128688 0.950750 0.281906
vn -0.151625 0.949906 0.273250
vn -0.104438 0.970937 0.215281
vn -0.127375 0.970062 0.206687
vn -0.079750 0.985844 0.147437
vn -0.102719 0.984937 0.138938
vn -0.054750 0.995375 0.078781
vn -0.077750 0.994469 0.070312
vn -0.025719 0.999313 0.025531
vn -0.040219 0.998969 0.020219
vn -0.009250 0.999906 0.006812
vn -0.015250 0.999844 0.004625
vn -0.192344 0.814594 0.547188
vn -0.177281 0.827750 0.532313
vn -0.151375 0.859781 0.487625
vn -0.129250 0.895031 0.426812
vn -0.106281 0.925406 0.363687
vn -0.082594 0.950750 0.298656
vn -0.058375 0.970937 0.232063
vn -0.033656 0.985844 0.164219
vn -0.008687 0.995375 0.095531
vn 0.003281 0.999313 0.036094
vn 0.002688 0.999906 0.011188
vn -0.186344 0.814531 0.549312
vn -0.162719 0.827469 0.537406
vn -0.128188 0.859031 0.495594
vn -0.106094 0.894219 0.434812
vn -0.083125 0.924563 0.371750
vn -0.059500 0.949906 0.306781
vn -0.035250 0.970062 0.240219
vn -0.010594 0.984937 0.172469
vn 0.014344 0.994469 0.103844
vn 0.017781 0.998969 0.041375
vn 0.008687 0.999844 0.013375
vn 0.186344 -0.814531 -0.549312
vn 0.192344 -0.814594 -0.547188
vn 0.177281 -0.827750 -0.532313
vn 0.162719 -0.827469 -0.537406
vn 0.151375 -0.859781 -0.487625
vn 0.128188 -0.859031 -0.495594
vn 0.129250 -0.895031 -0.426812
vn 0.106094 -0.894219 -0.434812
vn 0.106281 -0.925406 -0.363687
vn 0.083125 -0.924563 -0.371750
vn 0.082594 -0.950750 -0.298656
vn 0.059500 -0.949906 -0.306781
vn 0.058375 -0.970937 -0.232063
vn 0.035250 -0.970062 -0.240219
vn 0.033656 -0.985844 -0.164219
vn 0.010594 -0.984937 -0.172469
vn 0.008687 -0.995375 -0.095531
vn -0.014344 -0.994469 -0.103844
vn -0.003281 -0.999313 -0.036094
vn -0.017781 -0.998969 -0.041375
vn -0.002688 -0.999906 -0.011188
vn -0.008687 -0.999844 -0.013375
vn 0.204344 -0.814594 -0.542813
vn 0.206313 -0.827750 -0.521719
vn 0.197469 -0.859781 -0.470875
vn 0.175313 -0.895031 -0.410031
vn 0.152344 -0.925406 -0.346938
vn 0.128688 -0.950750 -0.281906
vn 0.104438 -0.970937 -0.215281
vn 0.079750 -0.985844 -0.147437
vn 0.054750 -0.995375 -0.078781
vn 0.025719 -0.999313 -0.025531
vn 0.009250 -0.999906 -0.006812
vn 0.210344 -0.814531 -0.540594
vn 0.220750 -0.827469 -0.516281
vn 0.220313 -0.859031 -0.462063
vn 0.198219 -0.894219 -0.401281
vn 0.175250 -0.924563 -0.338219
vn 0.151625 -0.949906 -0.273250
vn 0.127375 -0.970062 -0.206687
vn 0.102719 -0.984937 -0.138938
vn 0.077750 -0.994469 -0.070312
vn 0.040219 -0.998969 -0.020219
vn 0.015250 -0.999844 -0.004625
vn 0.705312 0.579969 -0.407562
vn 0.705469 0.579969 -0.407281
vn 0.716937 0.560906 -0.413906
vn 0.716594 0.560906 -0.414531
vn 0.744812 0.510156 -0.430031
vn 0.744281 0.510156 -0.431000
vn 0.775344 0.445406 -0.447656
vn 0.774781 0.445406 -0.448625
vn 0.801656 0.378219 -0.462844
vn 0.801094 0.378219 -0.463813
vn 0.823625 0.309000 -0.475500
vn 0.823062 0.309000 -0.476500
vn 0.841094 0.238094 -0.485594
vn 0.840531 0.238094 -0.486562
vn 0.854000 0.165875 -0.493062
vn 0.853437 0.165875 -0.494031
vn 0.862281 0.092781 -0.497813
vn 0.861719 0.092781 -0.498812
vn 0.865531 0.032812 -0.499719
vn 0.865188 0.032812 -0.500313
vn 0.865969 0.009594 -0.499969
vn 0.865812 0.009562 -0.500219
vn 0.705594 0.580000 -0.407031
vn 0.717281 0.560906 -0.413312
vn 0.745375 0.510156 -0.429031
vn 0.775906 0.445406 -0.446656
vn 0.802219 0.378250 -0.461875
vn 0.824188 0.309000 -0.474531
vn 0.841656 0.238094 -0.484625
vn 0.854563 0.165906 -0.492094
vn 0.862844 0.092781 -0.496844
vn 0.865906 0.032812 -0.499094
vn 0.866125 0.009594 -0.499719
vn -0.500000 0.000000 -0.866000
vn -0.865812 -0.009562 0.500219
vn -0.865969 -0.009562 0.499969
vn -0.865531 -0.032812 0.499719
vn -0.865188 -0.032812 0.500313
vn -0.862281 -0.092781 0.497813
vn -0.861719 -0.092781 0.498812
vn -0.854000 -0.165875 0.493062
vn -0.853437 -0.165875 0.494031
vn -0.841094 -0.238094 0.485594
vn -0.840531 -0.238094 0.486562
vn -0.823625 -0.309000 0.475500
vn -0.823062 -0.309000 0.476500
vn -0.801656 -0.378219 0.462844
vn -0.801094 -0.378219 0.463813
vn -0.775344 -0.445406 0.447656
vn -0.774781 -0.445406 0.448625
vn -0.744812 -0.510156 0.430031
vn -0.744250 -0.510156 0.431000
vn -0.716937 -0.560906 0.413906
vn -0.716594 -0.560906 0.414531
vn -0.705469 -0.579969 0.407281
vn -0.705312 -0.579969 0.407562
vn -0.866125 -0.009594 0.499719
vn -0.865906 -0.032812 0.499094
vn -0.862844 -0.092781 0.496844
vn -0.854563 -0.165875 0.492094
vn -0.841656 -0.238094 0.484625
vn -0.824188 -0.309000 0.474531
vn -0.802219 -0.378250 0.461875
vn -0.775906 -0.445406 0.446656
vn -0.745375 -0.510156 0.429062
vn -0.717313 -0.560906 0.413312
vn -0.705625 -0.579969 0.407031
vn 0.499969 0.000000 0.866000
vn 0.500000 0.000000 0.866000
vn 0.499969 0.000031 0.866031
vn 0.500031 -0.000031 0.866000
vn -0.508625 0.814531 0.278906
vn -0.505469 0.814594 0.284438
vn -0.493406 0.827750 0.267031
vn -0.500969 0.827469 0.253563
vn -0.453938 0.859781 0.233750
vn -0.465781 0.859031 0.212313
vn -0.397875 0.895031 0.201406
vn -0.409781 0.894219 0.179969
vn -0.339719 0.925406 0.167812
vn -0.351656 0.924563 0.146437
vn -0.279781 0.950750 0.133219
vn -0.291781 0.949906 0.111844
vn -0.218375 0.970937 0.097781
vn -0.230438 0.970062 0.076438
vn -0.155875 0.985844 0.061687
vn -0.168000 0.984937 0.040375
vn -0.092594 0.995375 0.025125
vn -0.104750 0.994469 0.003875
vn -0.036125 0.999313 0.003000
vn -0.043812 0.998969 -0.010344
vn -0.011469 0.999906 -0.000719
vn -0.014687 0.999844 -0.006250
vn -0.499063 0.814594 0.295500
vn -0.477969 0.827750 0.293781
vn -0.429406 0.859781 0.276219
vn -0.373344 0.895031 0.243875
vn -0.315188 0.925406 0.210281
vn -0.255250 0.950750 0.175688
vn -0.193875 0.970937 0.140219
vn -0.131344 0.985844 0.104156
vn -0.068062 0.995375 0.067594
vn -0.020688 0.999313 0.029750
vn -0.005094 0.999906 0.010313
vn -0.495844 0.814531 0.301000
vn -0.470094 0.827469 0.307063
vn -0.416781 0.859031 0.297219
vn -0.360750 0.894219 0.264875
vn -0.302656 0.924563 0.231344
vn -0.242781 0.949906 0.196750
vn -0.181438 0.970062 0.161344
vn -0.118969 0.984937 0.125281
vn -0.055750 0.994469 0.088781
vn -0.012938 0.998969 0.043125
vn -0.001906 0.999844 0.015844
vn 0.495844 -0.814531 -0.301000
vn 0.499063 -0.814594 -0.295500
vn 0.477969 -0.827750 -0.293781
vn 0.470094 -0.827469 -0.307063
vn 0.429406 -0.859781 -0.276219
vn 0.416781 -0.859031 -0.297219
vn 0.373344 -0.895031 -0.243875
vn 0.360750 -0.894219 -0.264875
vn 0.315188 -0.925406 -0.210281
vn 0.302656 -0.924563 -0.231344
vn 0.255250 -0.950750 -0.175688
vn 0.242781 -0.949906 -0.196750
vn 0.193875 -0.970937 -0.140250
vn 0.181438 -0.970062 -0.161344
vn 0.131344 -0.985844 -0.104156
vn 0.118969 -0.984937 -0.125281
vn 0.068062 -0.995375 -0.067594
vn 0.055750 -0.994469 -0.088781
vn 0.020688 -0.999313 -0.029750
vn 0.012938 -0.998969 -0.043125
vn 0.005094 -0.999906 -0.010313
vn 0.001906 -0.999844 -0.015844
vn 0.505469 -0.814594 -0.284438
vn 0.493406 -0.827750 -0.267031
vn 0.453938 -0.859781 -0.233750
vn 0.397875 -0.895031 -0.201406
vn 0.339719 -0.925406 -0.167812
vn 0.279781 -0.950750 -0.133219
vn 0.218375 -0.970937 -0.097781
vn 0.155875 -0.985844 -0.061687
vn 0.092594 -0.995375 -0.025125
vn 0.036125 -0.999313 -0.003000
vn 0.011469 -0.999906 0.000719
vn 0.508625 -0.814531 -0.278906
vn 0.500969 -0.827469 -0.253563
vn 0.465781 -0.859031 -0.212313
vn 0.409781 -0.894219 -0.179969
vn 0.351656 -0.924563 -0.146437
vn 0.291781 -0.949906 -0.111844
vn 0.230438 -0.970062 -0.076438
vn 0.168000 -0.984937 -0.040375
vn 0.104750 -0.994469 -0.003875
vn 0.043812 -0.998969 0.010344
vn 0.014687 -0.999844 0.006250
vn 0.802281 0.580000 0.141156
vn 0.802219 0.579969 0.141438
vn 0.815281 0.560906 0.143750
vn 0.815406 0.560906 0.143031
vn 0.847000 0.510156 0.149344
vn 0.847188 0.510156 0.148219
vn 0.881688 0.445406 0.155469
vn 0.881906 0.445406 0.154344
vn 0.911625 0.378219 0.160719
vn 0.911812 0.378219 0.159625
vn 0.936594 0.309000 0.165125
vn 0.936781 0.309000 0.164031
vn 0.956469 0.238094 0.168625
vn 0.956656 0.238094 0.167531
vn 0.971156 0.165875 0.171219
vn 0.971344 0.165875 0.170125
vn 0.980531 0.092781 0.172875
vn 0.980750 0.092781 0.171781
vn 0.984250 0.032812 0.173531
vn 0.984375 0.032812 0.172844
vn 0.984750 0.009562 0.173625
vn 0.984812 0.009594 0.173344
vn 0.802188 0.579969 0.141719
vn 0.815156 0.560906 0.144438
vn 0.846781 0.510156 0.150438
vn 0.881500 0.445406 0.156563
vn 0.911438 0.378250 0.161844
vn 0.936406 0.309000 0.166250
vn 0.956281 0.238094 0.169750
vn 0.970937 0.165875 0.172344
vn 0.980344 0.092781 0.174000
vn 0.984125 0.032812 0.174250
vn 0.984688 0.009562 0.173906
vn 0.173625 0.000000 -0.984781
vn -0.984812 -0.009594 -0.173344
vn -0.984750 -0.009594 -0.173625
vn -0.984250 -0.032812 -0.173531
vn -0.984375 -0.032812 -0.172844
vn -0.980531 -0.092781 -0.172875
vn -0.980750 -0.092781 -0.171781
vn -0.971156 -0.165875 -0.171219
vn -0.971344 -0.165875 -0.170125
vn -0.956469 -0.238094 -0.168625
vn -0.956656 -0.238094 -0.167531
vn -0.936594 -0.309000 -0.165125
vn -0.936781 -0.309000 -0.164031
vn -0.911625 -0.378219 -0.160719
vn -0.911812 -0.378219 -0.159625
vn -0.881719 -0.445406 -0.155469
vn -0.881906 -0.445406 -0.154344
vn -0.847000 -0.510156 -0.149344
vn -0.847188 -0.510156 -0.148219
vn -0.815281 -0.560906 -0.143750
vn -0.815406 -0.560906 -0.143031
vn -0.802219 -0.579969 -0.141438
vn -0.802281 -0.579969 -0.141156
vn -0.984688 -0.009562 -0.173906
vn -0.984125 -0.032812 -0.174250
vn -0.980344 -0.092781 -0.174000
vn -0.970937 -0.165875 -0.172344
vn -0.956281 -0.238094 -0.169750
vn -0.936406 -0.309000 -0.166250
vn -0.911438 -0.378219 -0.161844
vn -0.881500 -0.445406 -0.156563
vn -0.846781 -0.510156 -0.150438
vn -0.815156 -0.560906 -0.144438
vn -0.802188 -0.579969 -0.141719
vn -0.173625 0.000000 0.984781
vn -0.173656 0.000000 0.984781
vn -0.568906 0.814531 -0.113250
vn -0.570063 0.814594 -0.106969
vn -0.549625 0.827750 -0.112594
vn -0.546750 0.827469 -0.127750
vn -0.498000 0.859781 -0.112687
vn -0.493281 0.859031 -0.136750
vn -0.434250 0.895031 -0.101438
vn -0.429594 0.894219 -0.125500
vn -0.368125 0.925406 -0.089781
vn -0.363531 0.924563 -0.113875
vn -0.299969 0.950750 -0.077781
vn -0.295438 0.949906 -0.101844
vn -0.230156 0.970937 -0.065469
vn -0.225688 0.970062 -0.089562
vn -0.159063 0.985844 -0.052938
vn -0.154656 0.984937 -0.077031
vn -0.087094 0.995375 -0.040250
vn -0.082750 0.994469 -0.064344
vn -0.029625 0.999313 -0.020906
vn -0.026906 0.998969 -0.036094
vn -0.008313 0.999906 -0.007938
vn -0.007219 0.999844 -0.014219
vn -0.572281 0.814594 -0.094406
vn -0.555000 0.827750 -0.082156
vn -0.506500 0.859781 -0.064406
vn -0.442750 0.895031 -0.053156
vn -0.376625 0.925406 -0.041500
vn -0.308469 0.950750 -0.029469
vn -0.238656 0.970937 -0.017188
vn -0.167562 0.985844 -0.004625
vn -0.095594 0.995375 0.008031
vn -0.034969 0.999313 0.009500
vn -0.010531 0.999906 0.004594
vn -0.573344 0.814531 -0.088125
vn -0.557500 0.827469 -0.066937
vn -0.510312 0.859031 -0.040188
vn -0.446625 0.894219 -0.028969
vn -0.380563 0.924563 -0.017313
vn -0.312438 0.949906 -0.005313
vn -0.242719 0.970062 0.006969
vn -0.171687 0.984937 0.019469
vn -0.099781 0.994469 0.032156
vn -0.037656 0.998969 0.024719
vn -0.011656 0.999844 0.010875
vn 0.573344 -0.814531 0.088125
vn 0.572281 -0.814594 0.094406
vn 0.555000 -0.827750 0.082156
vn 0.557500 -0.827469 0.066937
vn 0.506500 -0.859781 0.064406
vn 0.510312 -0.859031 0.040188
vn 0.442750 -0.895031 0.053156
vn 0.446625 -0.894219 0.028969
vn 0.376625 -0.925406 0.041500
vn 0.380563 -0.924563 0.017313
vn 0.308469 -0.950750 0.029469
vn 0.312438 -0.949906 0.005313
vn 0.238656 -0.970937 0.017188
vn 0.242719 -0.970062 -0.006969
vn 0.167562 -0.985844 0.004625
vn 0.171687 -0.984937 -0.019469
vn 0.095594 -0.995375 -0.008031
vn 0.099781 -0.994469 -0.032156
vn 0.034969 -0.999313 -0.009500
vn 0.037656 -0.998969 -0.024719
vn 0.010531 -0.999906 -0.004594
vn 0.011656 -0.999844 -0.010875
vn 0.570063 -0.814594 0.106969
vn 0.549625 -0.827750 0.112594
vn 0.498000 -0.859781 0.112687
vn 0.434250 -0.895031 0.101438
vn 0.368125 -0.925406 0.089781
vn 0.299969 -0.950750 0.077781
vn 0.230156 -0.970937 0.065469
vn 0.159063 -0.985844 0.052938
vn 0.087094 -0.995375 0.040250
vn 0.029625 -0.999313 0.020906
vn 0.008313 -0.999906 0.007938
vn 0.568906 -0.814531 0.113250
vn 0.546750 -0.827469 0.127750
vn 0.493281 -0.859031 0.136750
vn 0.429594 -0.894219 0.125500
vn 0.363531 -0.924563 0.113875
vn 0.295438 -0.949906 0.101844
vn 0.225688 -0.970062 0.089562
vn 0.154656 -0.984937 0.077031
vn 0.082750 -0.994469 0.064344
vn 0.026906 -0.998969 0.036094
vn 0.007219 -0.999844 0.014219
vn 0.523812 0.580000 0.623812
vn 0.523594 0.580000 0.624000
vn 0.532125 0.560906 0.634156
vn 0.532656 0.560906 0.633719
vn 0.552813 0.510156 0.658844
vn 0.553688 0.510156 0.658125
vn 0.575469 0.445406 0.685844
vn 0.576344 0.445406 0.685125
vn 0.595000 0.378219 0.709125
vn 0.595875 0.378219 0.708406
vn 0.611313 0.309000 0.728531
vn 0.612188 0.309000 0.727813
vn 0.624281 0.238094 0.744000
vn 0.625156 0.238094 0.743281
vn 0.633875 0.165875 0.755406
vn 0.634719 0.165875 0.754687
vn 0.640000 0.092781 0.762719
vn 0.640844 0.092781 0.762000
vn 0.642438 0.032812 0.765625
vn 0.642969 0.032812 0.765156
vn 0.642750 0.009594 0.766000
vn 0.642969 0.009594 0.765813
vn 0.523375 0.579969 0.624219
vn 0.531594 0.560906 0.634625
vn 0.551969 0.510156 0.659563
vn 0.574625 0.445406 0.686562
vn 0.594156 0.378250 0.709844
vn 0.610438 0.309000 0.729250
vn 0.623438 0.238094 0.744719
vn 0.633000 0.165875 0.756125
vn 0.639125 0.092781 0.763438
vn 0.641875 0.032812 0.766062
vn 0.642531 0.009562 0.766187
vn 0.766031 0.000000 -0.642781
vn -0.642969 -0.009562 -0.765813
vn -0.642750 -0.009562 -0.766000
vn -0.642438 -0.032812 -0.765625
vn -0.642969 -0.032812 -0.765156
vn -0.640000 -0.092781 -0.762719
vn -0.640844 -0.092781 -0.762000
vn -0.633875 -0.165875 -0.755406
vn -0.634719 -0.165875 -0.754687
vn -0.624281 -0.238094 -0.744000
vn -0.625156 -0.238094 -0.743281
vn -0.611313 -0.309000 -0.728531
vn -0.612156 -0.309000 -0.727813
vn -0.595031 -0.378219 -0.709125
vn -0.595875 -0.378219 -0.708406
vn -0.575500 -0.445406 -0.685844
vn -0.576344 -0.445406 -0.685125
vn -0.552813 -0.510156 -0.658844
vn -0.553688 -0.510188 -0.658094
vn -0.532125 -0.560906 -0.634188
vn -0.532656 -0.560906 -0.633719
vn -0.523625 -0.579969 -0.624031
vn -0.523844 -0.580000 -0.623812
vn -0.642531 -0.009594 -0.766187
vn -0.641875 -0.032812 -0.766062
vn -0.639125 -0.092781 -0.763438
vn -0.633000 -0.165875 -0.756125
vn -0.623438 -0.238094 -0.744719
vn -0.610438 -0.309000 -0.729250
vn -0.594156 -0.378219 -0.709844
vn -0.574625 -0.445406 -0.686562
vn -0.551969 -0.510156 -0.659563
vn -0.531594 -0.560875 -0.634625
vn -0.523406 -0.579969 -0.624219
vn -0.766031 0.000000 0.642750
vn -0.766031 0.000000 0.642781
vn -0.766000 -0.000031 0.642781
vn -0.363000 0.814531 -0.452469
vn -0.367906 0.814594 -0.448375
vn -0.348656 0.827750 -0.439562
vn -0.336719 0.827469 -0.449344
vn -0.309031 0.859781 -0.406437
vn -0.289969 0.859031 -0.421844
vn -0.267437 0.895031 -0.356844
vn -0.248406 0.894219 -0.372281
vn -0.224250 0.925406 -0.305406
vn -0.205281 0.924563 -0.320906
vn -0.179781 0.950750 -0.252406
vn -0.160812 0.949906 -0.267938
vn -0.134219 0.970937 -0.198094
vn -0.115313 0.970062 -0.213687
vn -0.087812 0.985844 -0.142781
vn -0.068938 0.984937 -0.158438
vn -0.040844 0.995375 -0.086813
vn -0.022000 0.994469 -0.102500
vn -0.009250 0.999313 -0.035031
vn 0.002563 0.998969 -0.044969
vn -0.001250 0.999906 -0.011437
vn 0.003594 0.999844 -0.015531
vn -0.377688 0.814594 -0.440188
vn -0.372312 0.827750 -0.419688
vn -0.346594 0.859781 -0.374938
vn -0.305000 0.895031 -0.325344
vn -0.261813 0.925406 -0.273906
vn -0.217344 0.950750 -0.220875
vn -0.171781 0.970937 -0.166562
vn -0.125375 0.985844 -0.111281
vn -0.078406 0.995375 -0.055281
vn -0.032906 0.999313 -0.015188
vn -0.011031 0.999906 -0.003219
vn -0.382531 0.814531 -0.436063
vn -0.384031 0.827469 -0.409625
vn -0.365063 0.859031 -0.358813
vn -0.323500 0.894219 -0.309281
vn -0.280375 0.924563 -0.257875
vn -0.235938 0.949906 -0.204906
vn -0.190406 0.970062 -0.150656
vn -0.144031 0.984937 -0.095406
vn -0.097125 0.994469 -0.039469
vn -0.044719 0.998969 -0.005250
vn -0.015937 0.999844 0.000844
vn 0.382531 -0.814531 0.436063
vn 0.377688 -0.814594 0.440188
vn 0.372312 -0.827750 0.419688
vn 0.384031 -0.827469 0.409625
vn 0.346594 -0.859781 0.374938
vn 0.365063 -0.859031 0.358813
vn 0.305000 -0.895031 0.325344
vn 0.323500 -0.894219 0.309281
vn 0.261813 -0.925406 0.273906
vn 0.280375 -0.924563 0.257875
vn 0.217344 -0.950750 0.220875
vn 0.235938 -0.949906 0.204906
vn 0.171781 -0.970937 0.166562
vn 0.190406 -0.970062 0.150656
vn 0.125375 -0.985844 0.111281
vn 0.144031 -0.984937 0.095406
vn 0.078406 -0.995375 0.055281
vn 0.097125 -0.994469 0.039469
vn 0.032906 -0.999313 0.015188
vn 0.044719 -0.998969 0.005250
vn 0.011031 -0.999906 0.003219
vn 0.015937 -0.999844 -0.000844
vn 0.367906 -0.814594 0.448375
vn 0.348656 -0.827750 0.439562
vn 0.309031 -0.859781 0.406437
vn 0.267437 -0.895031 0.356844
vn 0.224250 -0.925406 0.305406
vn 0.179781 -0.950750 0.252406
vn 0.134219 -0.970937 0.198094
vn 0.087812 -0.985844 0.142781
vn 0.040844 -0.995375 0.086813
vn 0.009250 -0.999313 0.035031
vn 0.001250 -0.999906 0.011437
vn 0.363000 -0.814531 0.452469
vn 0.336719 -0.827469 0.449344
vn 0.289969 -0.859031 0.421844
vn 0.248406 -0.894219 0.372281
vn 0.205281 -0.924563 0.320906
vn 0.160844 -0.949906 0.267938
vn 0.115313 -0.970062 0.213687
vn 0.068938 -0.984937 0.158438
vn 0.022000 -0.994469 0.102500
vn -0.002563 -0.998969 0.044969
vn -0.003594 -0.999844 0.015531
vn 0.371156 0.848656 -0.376781
vn 0.299437 0.904375 -0.303969
vn 0.210562 0.904375 -0.371125
vn 0.261000 0.848656 -0.460000
vn 0.107344 0.904375 -0.412969
vn 0.133031 0.848656 -0.511875
vn -0.003187 0.904375 -0.426688
vn -0.003969 0.848656 -0.528875
vn -0.113500 0.904375 -0.411312
vn -0.140719 0.848656 -0.509812
vn -0.216094 0.904375 -0.367906
vn -0.267875 0.848656 -0.456031
vn -0.303969 0.904375 -0.299437
vn -0.376781 0.848656 -0.371156
vn -0.371125 0.904375 -0.210562
vn -0.460000 0.848656 -0.261000
vn -0.412969 0.904375 -0.107344
vn -0.511875 0.848656 -0.133031
vn -0.426688 0.904375 0.003187
vn -0.528875 0.848656 0.003969
vn -0.411312 0.904375 0.113531
vn -0.509812 0.848656 0.140719
vn -0.367906 0.904375 0.216094
vn -0.456031 0.848656 0.267875
vn -0.299437 0.904375 0.303969
vn -0.371156 0.848656 0.376781
vn -0.210562 0.904375 0.371125
vn -0.261000 0.848656 0.460000
vn -0.107344 0.904375 0.412969
vn -0.133031 0.848656 0.511875
vn 0.003187 0.904375 0.426688
vn 0.003969 0.848656 0.528875
vn 0.113500 0.904375 0.411312
vn 0.140719 0.848656 0.509812
vn 0.216094 0.904375 0.367906
vn 0.267875 0.848656 0.456031
vn 0.303969 0.904375 0.299437
vn 0.376781 0.848656 0.371156
vn 0.371125 0.904375 0.210562
vn 0.460000 0.848656 0.261000
vn 0.412969 0.904375 0.107344
vn 0.511875 0.848656 0.133031
vn 0.426688 0.904375 -0.003187
vn 0.528875 0.848656 -0.003969
vn 0.411312 0.904375 -0.113500
vn 0.509812 0.848656 -0.140719
vn 0.367906 0.904375 -0.216094
vn 0.456031 0.848656 -0.267875
vn 0.150063 0.976844 -0.152344
vn 0.105531 0.976844 -0.185969
vn 0.053781 0.976844 -0.206969
vn -0.001594 0.976844 -0.213813
vn -0.056875 0.976844 -0.206125
vn -0.108281 0.976844 -0.184375
vn -0.152344 0.976844 -0.150063
vn -0.185969 0.976844 -0.105500
vn -0.206969 0.976844 -0.053781
vn -0.213813 0.976844 0.001594
vn -0.206125 0.976844 0.056875
vn -0.184375 0.976844 0.108281
vn -0.150063 0.976844 0.152344
vn -0.105500 0.976844 0.185969
vn -0.053781 0.976844 0.206969
vn 0.001594 0.976844 0.213813
vn 0.056875 0.976844 0.206125
vn 0.108281 0.976844 0.184375
vn 0.152344 0.976844 0.150063
vn 0.185969 0.976844 0.105500
vn 0.206969 0.976844 0.053781
vn 0.213813 0.976844 -0.001594
vn 0.206125 0.976844 -0.056875
vn 0.184375 0.976844 -0.108281
vn -0.113531 0.904375 -0.411312
vn -0.411312 0.904375 0.113500
vn 0.185969 0.976844 0.105531
vn 0.105500 0.976844 -0.185969
vn 0.411312 0.904375 -0.113531
vn -0.105531 0.976844 0.185969
vn 0.113531 0.904375 0.411312
vn -0.185969 0.976844 -0.105531
vn 0.130812 -0.982719 0.130812
vn 0.498000 -0.864625 0.066250
vn 0.498000 -0.864625 -0.066250
vn 0.130812 -0.982719 -0.130812
vn 0.859906 -0.497562 0.113688
vn 0.859906 -0.497562 -0.113688
vn 0.983063 -0.129469 0.129469
vn 0.983063 -0.129469 -0.129469
vn 0.983063 0.129469 0.129469
vn 0.983063 0.129469 -0.129469
vn 0.859906 0.497594 0.113688
vn 0.859906 0.497594 -0.113688
vn 0.498000 0.864625 0.066250
vn 0.498000 0.864625 -0.066250
vn 0.130812 0.982719 0.130812
vn 0.130812 0.982719 -0.130812
vn 0.431469 -0.867031 -0.249094
vn 0.749125 -0.501688 -0.432500
vn 0.858594 -0.130656 -0.495688
vn 0.858594 0.130656 -0.495688
vn 0.749125 0.501719 -0.432500
vn 0.431469 0.867031 -0.249094
vn 0.249094 -0.867031 -0.431469
vn 0.432500 -0.501688 -0.749125
vn 0.495688 -0.130656 -0.858594
vn 0.495688 0.130656 -0.858594
vn 0.432500 0.501719 -0.749125
vn 0.249094 0.867031 -0.431469
vn 0.066250 -0.864625 -0.498000
vn 0.113688 -0.497562 -0.859906
vn 0.129469 -0.129500 -0.983063
vn 0.129469 0.129469 -0.983063
vn 0.113688 0.497594 -0.859906
vn 0.066250 0.864625 -0.498000
vn -0.066281 -0.864625 -0.498000
vn -0.130812 -0.982719 -0.130812
vn -0.113688 -0.497562 -0.859906
vn -0.129469 -0.129500 -0.983063
vn -0.129469 0.129469 -0.983063
vn -0.113688 0.497594 -0.859906
vn -0.066250 0.864625 -0.498000
vn -0.130812 0.982719 -0.130844
vn -0.249094 -0.867031 -0.431469
vn -0.432500 -0.501719 -0.749125
vn -0.495688 -0.130688 -0.858594
vn -0.495688 0.130656 -0.858594
vn -0.432500 0.501719 -0.749125
vn -0.249094 0.867031 -0.431469
vn -0.431437 -0.867031 -0.249125
vn -0.749094 -0.501719 -0.432531
vn -0.858594 -0.130688 -0.495688
vn -0.858594 0.130656 -0.495688
vn -0.749094 0.501719 -0.432531
vn -0.431437 0.867031 -0.249125
vn -0.498000 -0.864625 -0.066281
vn -0.859906 -0.497562 -0.113719
vn -0.983063 -0.129469 -0.129469
vn -0.983094 0.129469 -0.129469
vn -0.859906 0.497562 -0.113719
vn -0.498000 0.864625 -0.066281
vn -0.498000 -0.864625 0.066281
vn -0.130812 -0.982719 0.130812
vn -0.859906 -0.497562 0.113719
vn -0.983063 -0.129469 0.129469
vn -0.983094 0.129469 0.129469
vn -0.859906 0.497562 0.113719
vn -0.498000 0.864625 0.066281
vn -0.130812 0.982719 0.130844
vn -0.431437 -0.867031 0.249125
vn -0.749094 -0.501719 0.432531
vn -0.858594 -0.130688 0.495688
vn -0.858594 0.130656 0.495688
vn -0.749094 0.501719 0.432531
vn -0.431437 0.867031 0.249125
vn -0.249094 -0.867031 0.431469
vn -0.432500 -0.501719 0.749125
vn -0.495688 -0.130688 0.858594
vn -0.495688 0.130656 0.858594
vn -0.432500 0.501719 0.749125
vn -0.249094 0.867031 0.431469
vn -0.066281 -0.864625 0.498000
vn -0.113688 -0.497562 0.859906
vn -0.129469 -0.129500 0.983063
vn -0.129469 0.129469 0.983063
vn -0.113688 0.497594 0.859906
vn -0.066250 0.864625 0.498000
vn 0.066250 -0.864625 0.498000
vn 0.113688 -0.497562 0.859906
vn 0.129469 -0.129500 0.983063
vn 0.129469 0.129469 0.983063
vn 0.113688 0.497594 0.859906
vn 0.066250 0.864625 0.498000
vn 0.249094 -0.867031 0.431469
vn 0.432500 -0.501688 0.749125
vn 0.495688 -0.130656 0.858594
vn 0.495688 0.130656 0.858594
vn 0.432500 0.501719 0.749125
vn 0.249094 0.867031 0.431469
vn 0.431469 -0.867031 0.249094
vn 0.749125 -0.501688 0.432500
vn 0.858594 -0.130656 0.495688
vn 0.858594 0.130656 0.495688
vn 0.749125 0.501719 0.432500
vn 0.431469 0.867031 0.249094
vn -0.178687 -0.982719 0.047875
vn -0.306375 -0.864625 0.398156
vn -0.191594 -0.864625 0.464406
vn 0.047875 -0.982719 0.178687
vn -0.528406 -0.497562 0.687844
vn -0.331469 -0.497562 0.801562
vn -0.603688 -0.129500 0.786625
vn -0.379375 -0.129500 0.916125
vn -0.603688 0.129469 0.786625
vn -0.379375 0.129469 0.916125
vn -0.528406 0.497594 0.687844
vn -0.331469 0.497594 0.801531
vn -0.306375 0.864625 0.398125
vn -0.191594 0.864625 0.464406
vn -0.178719 0.982719 0.047875
vn 0.047875 0.982719 0.178719
vn 0.000000 -0.867031 0.498219
vn 0.000000 -0.501688 0.865031
vn 0.000000 -0.130656 0.991406
vn 0.000000 0.130656 0.991406
vn 0.000000 0.501719 0.865000
vn 0.000000 0.867031 0.498219
vn 0.398156 -0.864625 0.306375
vn 0.687844 -0.497594 0.528406
vn 0.786625 -0.129500 0.603656
vn 0.786625 0.129500 0.603688
vn 0.687844 0.497594 0.528406
vn 0.398125 0.864625 0.306375
vn 0.464406 -0.864625 0.191625
vn 0.178687 -0.982719 -0.047875
vn 0.801531 -0.497594 0.331500
vn 0.916125 -0.129500 0.379375
vn 0.916125 0.129469 0.379375
vn 0.801531 0.497594 0.331500
vn 0.464406 0.864625 0.191625
vn 0.178719 0.982719 -0.047875
vn 0.498188 -0.867031 0.000000
vn 0.865000 -0.501719 0.000000
vn 0.991406 -0.130656 0.000000
vn 0.991406 0.130656 0.000000
vn 0.865000 0.501719 0.000000
vn 0.498188 0.867031 0.000000
vn 0.431437 -0.867031 -0.249125
vn 0.749094 -0.501719 -0.432500
vn 0.858594 -0.130688 -0.495688
vn 0.858594 0.130688 -0.495688
vn 0.749094 0.501750 -0.432500
vn 0.431437 0.867031 -0.249125
vn 0.306406 -0.864594 -0.398156
vn 0.528406 -0.497625 -0.687844
vn 0.603656 -0.129531 -0.786625
vn 0.603656 0.129531 -0.786625
vn 0.528375 0.497625 -0.687813
vn 0.306375 0.864625 -0.398156
vn 0.191625 -0.864625 -0.464406
vn -0.047875 -0.982719 -0.178687
vn 0.331500 -0.497594 -0.801531
vn 0.379375 -0.129531 -0.916125
vn 0.379375 0.129531 -0.916125
vn 0.331500 0.497625 -0.801500
vn 0.191625 0.864625 -0.464406
vn -0.047875 0.982719 -0.178719
vn 0.000000 -0.867031 -0.498188
vn 0.000000 -0.501719 -0.865000
vn 0.000000 -0.130688 -0.991406
vn 0.000000 0.130688 -0.991406
vn 0.000000 0.501750 -0.865000
vn 0.000000 0.867031 -0.498188
vn -0.432531 -0.501688 -0.749125
vn -0.495719 -0.130688 -0.858563
vn -0.495719 0.130688 -0.858563
vn -0.432531 0.501719 -0.749094
vn -0.398156 -0.864625 -0.306406
vn -0.687875 -0.497562 -0.528406
vn -0.786625 -0.129500 -0.603656
vn -0.786625 0.129469 -0.603656
vn -0.687844 0.497594 -0.528406
vn -0.398156 0.864625 -0.306406
vn -0.464406 -0.864625 -0.191594
vn -0.801562 -0.497562 -0.331469
vn -0.916125 -0.129469 -0.379375
vn -0.916125 0.129469 -0.379375
vn -0.801562 0.497594 -0.331469
vn -0.464406 0.864625 -0.191594
vn -0.498219 -0.867031 0.000000
vn -0.865031 -0.501688 0.000000
vn -0.991406 -0.130656 0.000000
vn -0.991406 0.130656 0.000000
vn -0.865000 0.501719 0.000000
vn -0.498219 0.867031 0.000000
vn -0.431469 -0.867031 0.249094
vn -0.749125 -0.501688 0.432500
vn -0.858594 -0.130656 0.495688
vn -0.749125 0.501719 0.432500
vn -0.431469 0.867031 0.249094
vn 0.047875 -0.982719 -0.178687
vn -0.191594 -0.864625 -0.464406
vn -0.306375 -0.864625 -0.398156
vn -0.178687 -0.982719 -0.047875
vn -0.331469 -0.497562 -0.801562
vn -0.528406 -0.497562 -0.687844
vn -0.379375 -0.129500 -0.916125
vn -0.603688 -0.129500 -0.786625
vn -0.379375 0.129469 -0.916125
vn -0.603688 0.129469 -0.786625
vn -0.331469 0.497594 -0.801531
vn -0.528406 0.497594 -0.687844
vn -0.191594 0.864625 -0.464406
vn -0.306375 0.864625 -0.398125
vn 0.047875 0.982719 -0.178719
vn -0.178719 0.982719 -0.047875
vn -0.431469 -0.867031 -0.249094
vn -0.749125 -0.501688 -0.432500
vn -0.858594 -0.130656 -0.495688
vn -0.749125 0.501719 -0.432500
vn -0.431469 0.867031 -0.249094
vn -0.464406 -0.864625 0.191594
vn -0.801562 -0.497562 0.331469
vn -0.916125 -0.129469 0.379375
vn -0.916125 0.129469 0.379375
vn -0.801562 0.497594 0.331469
vn -0.464406 0.864625 0.191594
vn -0.398156 -0.864625 0.306406
vn -0.047875 -0.982719 0.178687
vn -0.687875 -0.497562 0.528406
vn -0.786625 -0.129500 0.603656
vn -0.786625 0.129469 0.603656
vn -0.687844 0.497594 0.528406
vn -0.398156 0.864625 0.306406
vn -0.047875 0.982719 0.178719
vn -0.432531 -0.501688 0.749125
vn -0.495719 -0.130688 0.858563
vn -0.495719 0.130688 0.858563
vn -0.432531 0.501719 0.749094
vn 0.000000 -0.867031 0.498188
vn 0.000000 -0.501719 0.865000
vn 0.000000 -0.130688 0.991406
vn 0.000000 0.130688 0.991406
vn 0.000000 0.501750 0.865000
vn 0.000000 0.867031 0.498188
vn 0.191625 -0.864625 0.464406
vn 0.331500 -0.497594 0.801531
vn 0.379375 -0.129531 0.916125
vn 0.379375 0.129531 0.916125
vn 0.331500 0.497625 0.801500
vn 0.191625 0.864625 0.464406
vn 0.306406 -0.864594 0.398156
vn 0.178687 -0.982719 0.047875
vn 0.528406 -0.497625 0.687844
vn 0.603656 -0.129531 0.786625
vn 0.603656 0.129531 0.786625
vn 0.528375 0.497625 0.687813
vn 0.306375 0.864625 0.398156
vn 0.178719 0.982719 0.047875
vn 0.431437 -0.867031 0.249125
vn 0.749094 -0.501719 0.432531
vn 0.858594 -0.130688 0.495688
vn 0.858594 0.130688 0.495688
vn 0.749094 0.501750 0.432500
vn 0.431437 0.867031 0.249125
vn 0.464406 -0.864625 -0.191625
vn 0.801531 -0.497594 -0.331500
vn 0.916125 -0.129500 -0.379375
vn 0.916125 0.129469 -0.379375
vn 0.801531 0.497594 -0.331500
vn 0.464406 0.864625 -0.191625
vn 0.398156 -0.864625 -0.306375
vn 0.687844 -0.497594 -0.528406
vn 0.786625 -0.129500 -0.603656
vn 0.786625 0.129500 -0.603688
vn 0.687844 0.497594 -0.528406
vn 0.398125 0.864625 -0.306375
vn 0.000000 -0.867031 -0.498219
vn 0.000000 -0.501688 -0.865031
vn 0.000000 -0.130656 -0.991406
vn 0.000000 0.130656 -0.991406
vn 0.000000 0.501719 -0.865000
vn 0.000000 0.867031 -0.498219
vn -0.342000 0.000000 -0.939687
vn -0.642781 0.000000 -0.766031
vn -0.866000 0.000000 -0.500000
vn -0.984781 0.000000 -0.173625
vn -0.984781 0.000000 0.173625
vn -0.642781 0.000000 0.766031
vn -0.342000 0.000000 0.939687
vn 0.000000 0.000000 1.000000
vn 0.342000 0.000000 0.939687
vn 0.642781 0.000000 0.766031
vn 0.984781 0.000000 0.173625
vn 0.984781 0.000000 -0.173625
vn 0.866000 0.000000 -0.500000
vn 0.642781 0.000000 -0.766031
vn 0.342000 0.000000 -0.939687
vn 0.000000 0.163937 -0.986469
vn -0.171281 0.163937 -0.971469
vn -0.337375 0.163937 -0.926969
vn -0.493219 0.163937 -0.854281
vn -0.634063 0.163937 -0.755656
vn -0.755656 0.163937 -0.634063
vn -0.854281 0.163937 -0.493219
vn -0.926969 0.163937 -0.337375
vn -0.971469 0.163937 -0.171281
vn -0.986469 0.163937 0.000000
vn -0.971469 0.163937 0.171281
vn -0.926969 0.163937 0.337375
vn -0.854281 0.163937 0.493219
vn -0.755656 0.163937 0.634063
vn -0.634063 0.163937 0.755656
vn -0.493219 0.163937 0.854281
vn -0.337375 0.163937 0.926969
vn -0.171281 0.163937 0.971469
vn 0.000000 0.163937 0.986469
vn 0.171281 0.163937 0.971469
vn 0.337375 0.163937 0.926969
vn 0.493219 0.163937 0.854281
vn 0.634063 0.163937 0.755656
vn 0.755656 0.163937 0.634063
vn 0.854281 0.163937 0.493219
vn 0.926969 0.163937 0.337375
vn 0.971469 0.163937 0.171281
vn 0.986469 0.163937 0.000000
vn 0.971469 0.163937 -0.171281
vn 0.926969 0.163937 -0.337375
vn 0.854281 0.163937 -0.493219
vn 0.755656 0.163937 -0.634063
vn 0.634063 0.163937 -0.755656
vn 0.493219 0.163937 -0.854281
vn 0.337375 0.163937 -0.926969
vn 0.171281 0.163937 -0.971469
vn -0.499969 0.000000 -0.866000
vn -0.866000 0.000000 -0.499969
vn -0.866000 0.000000 0.499969
vn -0.499969 0.000000 0.866000
vn 0.866000 0.000000 0.499969
vn 0.866000 0.000000 -0.499969
vn -0.009500 0.996406 -0.083844
vn 0.023531 0.996188 -0.083906
vn 0.023531 0.996188 0.083906
vn -0.009500 0.996406 0.083844
vn 0.096188 0.991781 -0.084063
vn 0.096188 0.991781 0.084063
vn 0.180719 0.979875 -0.084469
vn 0.180719 0.979875 0.084437
vn 0.269156 0.959312 -0.085062
vn 0.269156 0.959312 0.085062
vn 0.356562 0.930281 -0.085906
vn 0.356562 0.930281 0.085906
vn 0.436000 0.895719 -0.086844
vn 0.436000 0.895719 0.086813
vn 0.502781 0.859906 -0.087750
vn 0.502781 0.859906 0.087750
vn 0.579375 0.810156 -0.089031
vn 0.579375 0.810156 0.089031
vn 0.664281 0.741938 -0.090563
vn 0.664281 0.741938 0.090563
vn 0.737094 0.669469 -0.092000
vn 0.737094 0.669469 0.092000
vn 0.802500 0.589250 -0.093438
vn 0.802500 0.589250 0.093438
vn 0.862656 0.496781 -0.094812
vn 0.862656 0.496781 0.094812
vn 0.911812 0.399188 -0.096000
vn 0.911812 0.399188 0.096000
vn 0.949375 0.298750 -0.096937
vn 0.949375 0.298750 0.096937
vn 0.975844 0.195406 -0.097594
vn 0.975844 0.195406 0.097594
vn 0.991000 0.091125 -0.098000
vn 0.991000 0.091125 0.098000
vn 0.995156 -0.001094 -0.098031
vn 0.995156 -0.001094 0.098031
vn 0.994344 -0.040844 -0.097969
vn 0.994344 -0.040844 0.097969
vn 0.000000 -0.996469 -0.083844
vn 0.000000 -0.996469 0.083812
vn -0.995156 0.000000 -0.098000
vn -0.995156 0.000000 0.098000
vn -0.008969 0.941781 -0.336031
vn 0.022219 0.941469 -0.336281
vn 0.090875 0.937156 -0.336844
vn 0.170656 0.925438 -0.338187
vn 0.254000 0.905344 -0.340250
vn 0.336125 0.877062 -0.343094
vn 0.410562 0.843531 -0.346188
vn 0.472906 0.808875 -0.349281
vn 0.544031 0.760875 -0.353625
vn 0.622594 0.695469 -0.358656
vn 0.689625 0.626375 -0.363344
vn 0.749438 0.550344 -0.368031
vn 0.804156 0.463156 -0.372500
vn 0.848688 0.371594 -0.376250
vn 0.882594 0.277750 -0.379281
vn 0.906375 0.181500 -0.381438
vn 0.919969 0.084594 -0.382656
vn 0.923781 -0.001000 -0.382844
vn 0.923125 -0.037906 -0.382594
vn 0.000000 -0.941844 -0.336031
vn -0.923875 0.000000 -0.382656
vn -0.007219 0.757219 -0.653063
vn 0.017875 0.756781 -0.653375
vn 0.073000 0.752875 -0.654063
vn 0.136875 0.742469 -0.655719
vn 0.203313 0.724781 -0.658250
vn 0.268250 0.700094 -0.661719
vn 0.326625 0.671156 -0.665438
vn 0.375031 0.641531 -0.669156
vn 0.429406 0.600719 -0.674312
vn 0.488844 0.546188 -0.680188
vn 0.538781 0.489500 -0.685594
vn 0.582625 0.427969 -0.690906
vn 0.622219 0.358438 -0.695938
vn 0.654031 0.286438 -0.700094
vn 0.677969 0.213406 -0.703406
vn 0.694656 0.139125 -0.705719
vn 0.704125 0.064750 -0.707094
vn 0.706875 -0.000750 -0.707313
vn 0.706563 -0.029000 -0.707031
vn 0.000000 -0.757281 -0.653063
vn -0.707094 0.000000 -0.707094
vn -0.004125 0.432406 -0.901656
vn 0.010188 0.432000 -0.901781
vn 0.041625 0.429469 -0.902094
vn 0.077937 0.422844 -0.902812
vn 0.115469 0.411750 -0.903938
vn 0.151812 0.396375 -0.905438
vn 0.184219 0.378594 -0.907031
vn 0.210750 0.360563 -0.908594
vn 0.240063 0.335938 -0.910750
vn 0.271688 0.303656 -0.913188
vn 0.297875 0.270687 -0.915406
vn 0.320406 0.235406 -0.917531
vn 0.340469 0.196187 -0.919531
vn 0.356406 0.156125 -0.921156
vn 0.368250 0.115938 -0.922437
vn 0.376437 0.075406 -0.923344
vn 0.381063 0.035062 -0.923875
vn 0.382469 -0.000406 -0.923937
vn 0.382406 -0.015687 -0.923844
vn 0.000000 -0.432406 -0.901656
vn -0.382656 0.000000 -0.923875
vn -0.066406 0.076531 -0.994844
vn 0.002688 0.114281 -0.993438
vn 0.011000 0.113563 -0.993438
vn 0.016438 0.089313 -0.995844
vn 0.030437 0.108594 -0.993594
vn 0.039937 0.104281 -0.993719
vn 0.048344 0.099375 -0.993844
vn 0.044125 0.075531 -0.996156
vn 0.083500 0.116875 -0.989625
vn 0.070656 0.079000 -0.994344
vn 0.102937 0.093531 -0.990250
vn 0.082813 0.060875 -0.994687
vn 0.087750 0.050563 -0.994844
vn 0.091656 0.040156 -0.994969
vn 0.094500 0.029750 -0.995062
vn 0.096500 0.019312 -0.995125
vn 0.097594 0.008969 -0.995156
vn 0.097938 -0.000094 -0.995188
vn 0.065625 -0.079219 -0.994687
vn -0.024500 -0.028531 -0.999281
vn 0.022219 0.941469 0.336281
vn -0.008969 0.941781 0.336031
vn 0.090875 0.937125 0.336844
vn 0.170656 0.925438 0.338187
vn 0.254000 0.905344 0.340250
vn 0.336125 0.877062 0.343094
vn 0.410562 0.843531 0.346188
vn 0.472906 0.808875 0.349281
vn 0.544031 0.760875 0.353625
vn 0.622594 0.695469 0.358656
vn 0.689625 0.626375 0.363344
vn 0.749438 0.550313 0.368031
vn 0.804156 0.463156 0.372500
vn 0.848688 0.371594 0.376281
vn 0.882594 0.277750 0.379281
vn 0.906375 0.181500 0.381438
vn 0.919969 0.084594 0.382656
vn 0.923781 -0.001000 0.382875
vn 0.923125 -0.037906 0.382594
vn 0.000000 -0.941844 0.336031
vn -0.923875 0.000000 0.382656
vn 0.017875 0.756781 0.653375
vn -0.007219 0.757219 0.653094
vn 0.073000 0.752875 0.654094
vn 0.136875 0.742437 0.655719
vn 0.203313 0.724781 0.658250
vn 0.268250 0.700063 0.661719
vn 0.326625 0.671156 0.665438
vn 0.375031 0.641500 0.669156
vn 0.429406 0.600719 0.674312
vn 0.488844 0.546188 0.680188
vn 0.538781 0.489500 0.685594
vn 0.582625 0.427969 0.690906
vn 0.622219 0.358438 0.695938
vn 0.654031 0.286438 0.700094
vn 0.677969 0.213406 0.703406
vn 0.694656 0.139125 0.705750
vn 0.704125 0.064750 0.707094
vn 0.706875 -0.000750 0.707313
vn 0.706563 -0.029000 0.707031
vn 0.000000 -0.757281 0.653063
vn -0.707094 0.000000 0.707094
vn 0.010188 0.432000 0.901781
vn -0.004125 0.432406 0.901656
vn 0.041625 0.429469 0.902094
vn 0.077937 0.422844 0.902812
vn 0.115469 0.411750 0.903938
vn 0.151844 0.396375 0.905438
vn 0.184219 0.378594 0.907031
vn 0.210750 0.360563 0.908594
vn 0.240063 0.335938 0.910750
vn 0.271688 0.303656 0.913188
vn 0.297875 0.270687 0.915406
vn 0.320406 0.235406 0.917531
vn 0.340469 0.196187 0.919531
vn 0.356406 0.156125 0.921156
vn 0.368250 0.115938 0.922437
vn 0.376437 0.075406 0.923344
vn 0.381063 0.035062 0.923875
vn 0.382469 -0.000406 0.923937
vn 0.382406 -0.015687 0.923844
vn 0.000000 -0.432438 0.901656
vn -0.382656 0.000000 0.923875
vn 0.002688 0.114281 0.993438
vn -0.066406 0.076531 0.994844
vn 0.011000 0.113563 0.993438
vn 0.016438 0.089344 0.995844
vn 0.030437 0.108594 0.993594
vn 0.039937 0.104313 0.993719
vn 0.048344 0.099375 0.993844
vn 0.044125 0.075531 0.996156
vn 0.083500 0.116875 0.989625
vn 0.070688 0.079000 0.994344
vn 0.102937 0.093531 0.990250
vn 0.082813 0.060875 0.994687
vn 0.087750 0.050563 0.994844
vn 0.091656 0.040156 0.994969
vn 0.094531 0.029750 0.995062
vn 0.096500 0.019312 0.995125
vn 0.097594 0.008969 0.995156
vn 0.097938 -0.000094 0.995188
vn 0.065625 -0.079219 0.994687
vn -0.024500 -0.028531 0.999281
vn 0.009500 0.996406 0.083844
vn -0.023531 0.996188 0.083906
vn -0.023531 0.996188 -0.083906
vn 0.009500 0.996406 -0.083844
vn -0.096188 0.991781 0.084063
vn -0.096188 0.991781 -0.084063
vn -0.180719 0.979875 0.084437
vn -0.180719 0.979875 -0.084469
vn -0.269156 0.959312 0.085062
vn -0.269156 0.959312 -0.085062
vn -0.356562 0.930281 0.085906
vn -0.356562 0.930281 -0.085906
vn -0.436000 0.895719 0.086813
vn -0.436000 0.895719 -0.086844
vn -0.502781 0.859906 0.087750
vn -0.502781 0.859906 -0.087750
vn -0.579375 0.810156 0.089031
vn -0.579375 0.810156 -0.089031
vn -0.664281 0.741938 0.090563
vn -0.664281 0.741938 -0.090563
vn -0.737094 0.669469 0.092000
vn -0.737094 0.669469 -0.092000
vn -0.802500 0.589250 0.093438
vn -0.802500 0.589250 -0.093438
vn -0.862656 0.496781 0.094812
vn -0.862656 0.496781 -0.094812
vn -0.911812 0.399188 0.096000
vn -0.911812 0.399188 -0.096000
vn -0.949375 0.298750 0.096937
vn -0.949375 0.298750 -0.096937
vn -0.975844 0.195406 0.097594
vn -0.975844 0.195406 -0.097594
vn -0.991000 0.091125 0.098000
vn -0.991000 0.091125 -0.098000
vn -0.995156 -0.001094 0.098031
vn -0.995156 -0.001094 -0.098031
vn -0.994344 -0.040844 0.097969
vn -0.994344 -0.040844 -0.097969
vn 0.000000 -0.996469 -0.083812
vn 0.995156 0.000000 0.098000
vn 0.995156 0.000000 -0.098000
vn 0.008969 0.941781 0.336031
vn -0.022219 0.941469 0.336281
vn -0.090875 0.937156 0.336844
vn -0.170656 0.925438 0.338187
vn -0.254000 0.905344 0.340250
vn -0.336125 0.877062 0.343094
vn -0.410562 0.843531 0.346188
vn -0.472906 0.808875 0.349281
vn -0.544031 0.760875 0.353625
vn -0.622594 0.695469 0.358656
vn -0.689625 0.626375 0.363344
vn -0.749438 0.550344 0.368031
vn -0.804156 0.463156 0.372500
vn -0.848688 0.371594 0.376250
vn -0.882594 0.277750 0.379281
vn -0.906375 0.181500 0.381438
vn -0.919969 0.084594 0.382656
vn -0.923781 -0.001000 0.382844
vn -0.923125 -0.037906 0.382594
vn 0.923875 0.000000 0.382656
vn 0.007219 0.757219 0.653063
vn -0.017875 0.756781 0.653375
vn -0.073000 0.752875 0.654094
vn -0.136875 0.742469 0.655719
vn -0.203313 0.724781 0.658250
vn -0.268250 0.700094 0.661719
vn -0.326625 0.671156 0.665438
vn -0.375031 0.641531 0.669156
vn -0.429406 0.600719 0.674312
vn -0.488844 0.546188 0.680188
vn -0.538781 0.489500 0.685594
vn -0.582625 0.427969 0.690906
vn -0.622219 0.358438 0.695938
vn -0.654031 0.286438 0.700094
vn -0.677969 0.213406 0.703406
vn -0.694656 0.139125 0.705750
vn -0.704125 0.064750 0.707094
vn -0.706875 -0.000750 0.707313
vn -0.706563 -0.029000 0.707031
vn 0.707094 0.000000 0.707094
vn 0.004125 0.432406 0.901656
vn -0.010188 0.432000 0.901781
vn -0.041625 0.429469 0.902094
vn -0.077937 0.422844 0.902812
vn -0.115469 0.411750 0.903938
vn -0.151844 0.396375 0.905438
vn -0.184219 0.378594 0.907031
vn -0.210750 0.360563 0.908594
vn -0.240063 0.335938 0.910750
vn -0.271688 0.303656 0.913188
vn -0.297875 0.270687 0.915406
vn -0.320406 0.235406 0.917531
vn -0.340469 0.196187 0.919531
vn -0.356406 0.156125 0.921156
vn -0.368250 0.115938 0.922437
vn -0.376437 0.075406 0.923344
vn -0.381063 0.035062 0.923875
vn -0.382469 -0.000406 0.923937
vn -0.382406 -0.015687 0.923844
vn 0.382656 0.000000 0.923875
vn 0.066406 0.076531 0.994844
vn -0.002688 0.114281 0.993438
vn -0.011000 0.113563 0.993438
vn -0.016438 0.089313 0.995844
vn -0.030437 0.108594 0.993594
vn -0.039937 0.104281 0.993719
vn -0.048344 0.099375 0.993844
vn -0.044125 0.075531 0.996156
vn -0.083500 0.116875 0.989625
vn -0.070656 0.079000 0.994344
vn -0.102937 0.093531 0.990250
vn -0.082813 0.060875 0.994687
vn -0.087750 0.050563 0.994844
vn -0.091656 0.040156 0.994969
vn -0.094500 0.029750 0.995062
vn -0.096500 0.019312 0.995125
vn -0.097594 0.008969 0.995156
vn -0.097938 -0.000094 0.995188
vn -0.065625 -0.079219 0.994687
vn 0.024500 -0.028531 0.999281
vn -0.022219 0.941469 -0.336281
vn 0.008969 0.941781 -0.336031
vn -0.090875 0.937156 -0.336844
vn -0.170656 0.925438 -0.338187
vn -0.254000 0.905344 -0.340250
vn -0.336125 0.877062 -0.343094
vn -0.410562 0.843531 -0.346188
vn -0.472906 0.808875 -0.349281
vn -0.544031 0.760875 -0.353625
vn -0.622594 0.695469 -0.358656
vn -0.689625 0.626375 -0.363344
vn -0.749438 0.550344 -0.368031
vn -0.804156 0.463156 -0.372500
vn -0.848688 0.371594 -0.376250
vn -0.882594 0.277750 -0.379281
vn -0.906375 0.181500 -0.381438
vn -0.919969 0.084594 -0.382656
vn -0.923781 -0.001000 -0.382844
vn -0.923125 -0.037906 -0.382594
vn 0.923875 0.000000 -0.382656
vn -0.017875 0.756781 -0.653375
vn 0.007219 0.757219 -0.653063
vn -0.073000 0.752875 -0.654094
vn -0.136875 0.742469 -0.655719
vn -0.203313 0.724781 -0.658250
vn -0.268250 0.700063 -0.661719
vn -0.326625 0.671156 -0.665438
vn -0.375031 0.641531 -0.669156
vn -0.429406 0.600719 -0.674312
vn -0.488844 0.546188 -0.680188
vn -0.538781 0.489500 -0.685594
vn -0.582625 0.427969 -0.690906
vn -0.622219 0.358438 -0.695938
vn -0.654031 0.286438 -0.700094
vn -0.677969 0.213406 -0.703406
vn -0.694656 0.139125 -0.705750
vn -0.704125 0.064750 -0.707094
vn -0.706875 -0.000750 -0.707313
vn -0.706563 -0.029000 -0.707031
vn 0.707094 0.000000 -0.707094
vn -0.010188 0.432000 -0.901781
vn 0.004125 0.432406 -0.901656
vn -0.041625 0.429469 -0.902094
vn -0.077937 0.422844 -0.902812
vn -0.115469 0.411750 -0.903938
vn -0.151844 0.396375 -0.905438
vn -0.184219 0.378594 -0.907031
vn -0.210750 0.360563 -0.908594
vn -0.240063 0.335938 -0.910750
vn -0.271688 0.303656 -0.913188
vn -0.297875 0.270687 -0.915406
vn -0.320406 0.235406 -0.917531
vn -0.340469 0.196187 -0.919531
vn -0.356406 0.156125 -0.921156
vn -0.368250 0.115938 -0.922437
vn -0.376437 0.075406 -0.923344
vn -0.381063 0.035062 -0.923875
vn -0.382469 -0.000406 -0.923937
vn -0.382406 -0.015687 -0.923844
vn 0.000000 -0.432438 -0.901656
vn 0.382656 0.000000 -0.923875
vn -0.002688 0.114281 -0.993438
vn 0.066406 0.076531 -0.994844
vn -0.011000 0.113563 -0.993438
vn -0.016438 0.089313 -0.995844
vn -0.030437 0.108594 -0.993594
vn -0.039937 0.104313 -0.993719
vn -0.048344 0.099375 -0.993844
vn -0.044125 0.075531 -0.996156
vn -0.083500 0.116875 -0.989625
vn -0.070688 0.079000 -0.994344
vn -0.102937 0.093531 -0.990250
vn -0.082813 0.060875 -0.994687
vn -0.087750 0.050563 -0.994844
vn -0.091656 0.040156 -0.994969
vn -0.094500 0.029750 -0.995062
vn -0.096500 0.019312 -0.995125
vn -0.097594 0.008969 -0.995156
vn -0.097938 -0.000094 -0.995188
vn -0.065625 -0.079219 -0.994687
vn 0.024500 -0.028531 -0.999281
vn -0.103625 -0.701844 -0.704719
vn 0.000000 -0.701844 -0.712281
vn 0.000000 0.023563 -0.999719
vn -0.145437 0.023563 -0.989062
vn -0.204531 -0.701844 -0.682312
vn -0.287062 0.023563 -0.957594
vn -0.299875 -0.701813 -0.646125
vn -0.420844 0.023563 -0.906812
vn -0.387906 -0.701781 -0.597469
vn -0.544375 0.023563 -0.838500
vn -0.467438 -0.701781 -0.537562
vn -0.655969 0.023563 -0.754406
vn -0.537562 -0.701781 -0.467438
vn -0.754406 0.023563 -0.655969
vn -0.597469 -0.701781 -0.387906
vn -0.838500 0.023563 -0.544375
vn -0.646125 -0.701813 -0.299875
vn -0.906812 0.023563 -0.420844
vn -0.682312 -0.701844 -0.204531
vn -0.957594 0.023563 -0.287062
vn -0.704719 -0.701844 -0.103625
vn -0.989062 0.023563 -0.145437
vn -0.712281 -0.701844 0.000000
vn -0.999719 0.023563 0.000000
vn -0.704719 -0.701844 0.103625
vn -0.989062 0.023563 0.145437
vn -0.682312 -0.701844 0.204531
vn -0.957594 0.023563 0.287062
vn -0.646125 -0.701813 0.299875
vn -0.906812 0.023563 0.420844
vn -0.597469 -0.701781 0.387906
vn -0.838500 0.023563 0.544375
vn -0.537562 -0.701781 0.467438
vn -0.754406 0.023563 0.655969
vn -0.467438 -0.701781 0.537562
vn -0.655969 0.023563 0.754406
vn -0.387906 -0.701781 0.597469
vn -0.544375 0.023563 0.838500
vn -0.299875 -0.701813 0.646125
vn -0.420844 0.023563 0.906812
vn -0.204531 -0.701844 0.682312
vn -0.287062 0.023563 0.957594
vn -0.103625 -0.701844 0.704719
vn -0.145437 0.023563 0.989062
vn 0.000000 -0.701844 0.712281
vn 0.000000 0.023563 0.999719
vn 0.103625 -0.701844 0.704719
vn 0.145437 0.023563 0.989062
vn 0.204531 -0.701844 0.682312
vn 0.287062 0.023563 0.957594
vn 0.299875 -0.701813 0.646125
vn 0.420844 0.023563 0.906812
vn 0.387906 -0.701781 0.597469
vn 0.544375 0.023563 0.838500
vn 0.467438 -0.701781 0.537562
vn 0.655969 0.023563 0.754406
vn 0.537562 -0.701781 0.467438
vn 0.754406 0.023563 0.655969
vn 0.597469 -0.701781 0.387906
vn 0.838500 0.023563 0.544375
vn 0.646125 -0.701813 0.299875
vn 0.906812 0.023563 0.420844
vn 0.682312 -0.701844 0.204531
vn 0.957594 0.023563 0.287062
vn 0.704719 -0.701844 0.103625
vn 0.989062 0.023563 0.145437
vn 0.712281 -0.701844 0.000000
vn 0.999719 0.023563 0.000000
vn 0.704719 -0.701844 -0.103625
vn 0.989062 0.023563 -0.145437
vn 0.682312 -0.701844 -0.204531
vn 0.957594 0.023563 -0.287062
vn 0.646125 -0.701813 -0.299875
vn 0.906812 0.023563 -0.420844
vn 0.597469 -0.701781 -0.387906
vn 0.838500 0.023563 -0.544375
vn 0.537562 -0.701781 -0.467438
vn 0.754406 0.023563 -0.655969
vn 0.467438 -0.701781 -0.537562
vn 0.655969 0.023563 -0.754406
vn 0.387906 -0.701781 -0.597469
vn 0.544375 0.023563 -0.838500
vn 0.299875 -0.701813 -0.646125
vn 0.420844 0.023563 -0.906812
vn 0.204531 -0.701844 -0.682312
vn 0.287062 0.023563 -0.957594
vn 0.103625 -0.701844 -0.704719
vn 0.145437 0.023563 -0.989062
vn 0.000000 0.112250 -0.993656
vn -0.144562 0.112250 -0.983094
vn -0.285313 0.112281 -0.951813
vn -0.418312 0.112313 -0.901312
vn -0.541094 0.112313 -0.833406
vn -0.652000 0.112313 -0.749844
vn -0.749844 0.112313 -0.652000
vn -0.833406 0.112313 -0.541094
vn -0.901312 0.112313 -0.418312
vn -0.951813 0.112281 -0.285313
vn -0.983094 0.112250 -0.144562
vn -0.993656 0.112250 0.000000
vn -0.983094 0.112250 0.144562
vn -0.951813 0.112281 0.285313
vn -0.901312 0.112313 0.418312
vn -0.833406 0.112313 0.541094
vn -0.749844 0.112313 0.652000
vn -0.652000 0.112313 0.749844
vn -0.541094 0.112313 0.833406
vn -0.418312 0.112313 0.901312
vn -0.285313 0.112281 0.951813
vn -0.144562 0.112250 0.983094
vn 0.000000 0.112250 0.993656
vn 0.144562 0.112250 0.983094
vn 0.285313 0.112281 0.951813
vn 0.418312 0.112313 0.901312
vn 0.541094 0.112313 0.833406
vn 0.652000 0.112313 0.749844
vn 0.749844 0.112313 0.652000
vn 0.833406 0.112313 0.541094
vn 0.901312 0.112313 0.418312
vn 0.951813 0.112281 0.285313
vn 0.983094 0.112250 0.144562
vn 0.993656 0.112250 0.000000
vn 0.983094 0.112250 -0.144562
vn 0.951813 0.112281 -0.285313
vn 0.901312 0.112313 -0.418312
vn 0.833406 0.112313 -0.541094
vn 0.749844 0.112313 -0.652000
vn 0.652000 0.112313 -0.749844
vn 0.541094 0.112313 -0.833406
vn 0.418312 0.112313 -0.901312
vn 0.285313 0.112281 -0.951813
vn 0.144562 0.112250 -0.983094
vn 0.000000 0.296375 -0.955063
vn -0.138938 0.296438 -0.944875
vn -0.274219 0.296500 -0.914781
vn -0.402031 0.296531 -0.866250
vn -0.520031 0.296531 -0.801000
vn -0.626625 0.296531 -0.720656
vn -0.720656 0.296531 -0.626625
vn -0.801000 0.296531 -0.520031
vn -0.866250 0.296531 -0.402031
vn -0.914781 0.296500 -0.274219
vn -0.944875 0.296438 -0.138938
vn -0.955063 0.296375 0.000000
vn -0.944875 0.296438 0.138938
vn -0.914781 0.296500 0.274219
vn -0.866250 0.296531 0.402031
vn -0.801000 0.296531 0.520031
vn -0.720656 0.296531 0.626625
vn -0.626625 0.296531 0.720656
vn -0.520031 0.296531 0.801000
vn -0.402031 0.296531 0.866250
vn -0.274219 0.296500 0.914781
vn -0.138938 0.296438 0.944875
vn 0.000000 0.296375 0.955063
vn 0.138938 0.296438 0.944875
vn 0.274219 0.296500 0.914781
vn 0.402031 0.296531 0.866250
vn 0.520031 0.296531 0.801000
vn 0.626625 0.296531 0.720656
vn 0.720656 0.296531 0.626625
vn 0.801000 0.296531 0.520031
vn 0.866250 0.296531 0.402031
vn 0.914781 0.296500 0.274219
vn 0.944875 0.296438 0.138938
vn 0.955063 0.296375 0.000000
vn 0.944875 0.296438 -0.138938
vn 0.914781 0.296500 -0.274219
vn 0.866250 0.296531 -0.402031
vn 0.801000 0.296531 -0.520031
vn 0.720656 0.296531 -0.626625
vn 0.626625 0.296531 -0.720656
vn 0.520031 0.296531 -0.801000
vn 0.402031 0.296531 -0.866250
vn 0.274219 0.296500 -0.914781
vn 0.138938 0.296438 -0.944875
vn 0.000000 0.481813 -0.876250
vn -0.127469 0.481875 -0.866906
vn -0.251563 0.481969 -0.839250
vn -0.368844 0.482031 -0.794719
vn -0.477094 0.482031 -0.734844
vn -0.574875 0.482000 -0.661156
vn -0.661156 0.482000 -0.574875
vn -0.734844 0.482031 -0.477094
vn -0.794719 0.482031 -0.368844
vn -0.839250 0.481969 -0.251563
vn -0.866906 0.481875 -0.127469
vn -0.876250 0.481813 0.000000
vn -0.866906 0.481875 0.127469
vn -0.839250 0.481969 0.251563
vn -0.794719 0.482031 0.368844
vn -0.734844 0.482031 0.477094
vn -0.661156 0.482000 0.574875
vn -0.574875 0.482000 0.661156
vn -0.477094 0.482031 0.734844
vn -0.368844 0.482031 0.794719
vn -0.251563 0.481969 0.839250
vn -0.127469 0.481875 0.866906
vn 0.000000 0.481813 0.876250
vn 0.127469 0.481875 0.866906
vn 0.251563 0.481969 0.839250
vn 0.368844 0.482031 0.794719
vn 0.477094 0.482031 0.734844
vn 0.574875 0.482000 0.661156
vn 0.661156 0.482000 0.574875
vn 0.734844 0.482031 0.477094
vn 0.794719 0.482031 0.368844
vn 0.839250 0.481969 0.251563
vn 0.866906 0.481875 0.127469
vn 0.876250 0.481813 0.000000
vn 0.866906 0.481875 -0.127469
vn 0.839250 0.481969 -0.251563
vn 0.794719 0.482031 -0.368844
vn 0.734844 0.482031 -0.477094
vn 0.661156 0.482000 -0.574875
vn 0.574875 0.482000 -0.661156
vn 0.477094 0.482031 -0.734844
vn 0.368844 0.482031 -0.794719
vn 0.251563 0.481969 -0.839250
vn 0.127469 0.481875 -0.866906
vn 0.000000 0.569344 -0.822062
vn -0.119594 0.569438 -0.813281
vn -0.236000 0.569531 -0.787313
vn -0.346000 0.569594 -0.745531
vn -0.447562 0.569594 -0.689344
vn -0.539312 0.569562 -0.620219
vn -0.620219 0.569562 -0.539312
vn -0.689344 0.569594 -0.447562
vn -0.745531 0.569594 -0.346000
vn -0.787313 0.569531 -0.236000
vn -0.813281 0.569438 -0.119594
vn -0.822062 0.569344 0.000000
vn -0.813281 0.569438 0.119594
vn -0.787313 0.569531 0.236000
vn -0.745531 0.569594 0.346000
vn -0.689344 0.569594 0.447562
vn -0.620219 0.569562 0.539312
vn -0.539312 0.569562 0.620219
vn -0.447562 0.569594 0.689344
vn -0.346000 0.569594 0.745531
vn -0.236000 0.569531 0.787313
vn -0.119594 0.569438 0.813281
vn 0.000000 0.569344 0.822062
vn 0.119594 0.569438 0.813281
vn 0.236000 0.569531 0.787313
vn 0.346000 0.569594 0.745531
vn 0.447562 0.569594 0.689344
vn 0.539312 0.569562 0.620219
vn 0.620219 0.569562 0.539312
vn 0.689344 0.569594 0.447562
vn 0.745531 0.569594 0.346000
vn 0.787313 0.569531 0.236000
vn 0.813281 0.569438 0.119594
vn 0.822062 0.569344 0.000000
vn 0.813281 0.569438 -0.119594
vn 0.787313 0.569531 -0.236000
vn 0.745531 0.569594 -0.346000
vn 0.689344 0.569594 -0.447562
vn 0.620219 0.569562 -0.539312
vn 0.539312 0.569562 -0.620219
vn 0.447562 0.569594 -0.689344
vn 0.346000 0.569594 -0.745531
vn 0.236000 0.569531 -0.787313
vn 0.119594 0.569438 -0.813281
vn 0.000000 0.885719 -0.464156
vn -0.067500 0.885750 -0.459156
vn -0.133219 0.885813 -0.444469
vn -0.195312 0.885844 -0.420844
vn -0.252625 0.885844 -0.389125
vn -0.304437 0.885813 -0.350125
vn -0.350125 0.885813 -0.304437
vn -0.389125 0.885844 -0.252625
vn -0.420844 0.885844 -0.195312
vn -0.444469 0.885813 -0.133219
vn -0.459156 0.885750 -0.067500
vn -0.464156 0.885719 0.000000
vn -0.459156 0.885750 0.067500
vn -0.444469 0.885813 0.133219
vn -0.420844 0.885844 0.195312
vn -0.389125 0.885844 0.252625
vn -0.350125 0.885813 0.304437
vn -0.304437 0.885813 0.350125
vn -0.252625 0.885844 0.389125
vn -0.195312 0.885844 0.420844
vn -0.133219 0.885813 0.444469
vn -0.067500 0.885750 0.459156
vn 0.000000 0.885719 0.464156
vn 0.067500 0.885750 0.459156
vn 0.133219 0.885813 0.444469
vn 0.195312 0.885844 0.420844
vn 0.252625 0.885844 0.389125
vn 0.304437 0.885813 0.350125
vn 0.350125 0.885813 0.304437
vn 0.389125 0.885844 0.252625
vn 0.420844 0.885844 0.195312
vn 0.444469 0.885813 0.133219
vn 0.459156 0.885750 0.067500
vn 0.464156 0.885719 0.000000
vn 0.459156 0.885750 -0.067500
vn 0.444469 0.885813 -0.133219
vn 0.420844 0.885844 -0.195312
vn 0.389125 0.885844 -0.252625
vn 0.350125 0.885813 -0.304437
vn 0.304437 0.885813 -0.350125
vn 0.252625 0.885844 -0.389125
vn 0.195312 0.885844 -0.420844
vn 0.133219 0.885813 -0.444469
vn 0.067500 0.885750 -0.459156
vn 0.101844 -0.714156 0.692500
vn 0.145469 -0.023531 0.989062
vn 0.000000 -0.023500 0.999719
vn 0.000000 -0.714156 0.699969
vn 0.201000 -0.714125 0.670500
vn 0.287062 -0.023531 0.957594
vn 0.294688 -0.714094 0.634938
vn 0.420875 -0.023531 0.906781
vn 0.381187 -0.714094 0.587125
vn 0.544375 -0.023531 0.838469
vn 0.459344 -0.714063 0.528250
vn 0.655969 -0.023531 0.754406
vn 0.528250 -0.714063 0.459344
vn 0.754406 -0.023531 0.655969
vn 0.587125 -0.714094 0.381187
vn 0.838469 -0.023531 0.544375
vn 0.634938 -0.714094 0.294688
vn 0.906781 -0.023531 0.420875
vn 0.670500 -0.714125 0.201000
vn 0.957594 -0.023531 0.287062
vn 0.692500 -0.714156 0.101844
vn 0.989062 -0.023531 0.145469
vn 0.699969 -0.714156 0.000000
vn 0.999719 -0.023500 0.000000
vn 0.692500 -0.714156 -0.101844
vn 0.989062 -0.023531 -0.145469
vn 0.670500 -0.714125 -0.201000
vn 0.957594 -0.023531 -0.287062
vn 0.634938 -0.714094 -0.294688
vn 0.906781 -0.023531 -0.420875
vn 0.587125 -0.714094 -0.381187
vn 0.838469 -0.023531 -0.544375
vn 0.528250 -0.714063 -0.459344
vn 0.754406 -0.023531 -0.655969
vn 0.459344 -0.714063 -0.528250
vn 0.655969 -0.023531 -0.754406
vn 0.381187 -0.714094 -0.587125
vn 0.544375 -0.023531 -0.838469
vn 0.294688 -0.714094 -0.634938
vn 0.420875 -0.023531 -0.906781
vn 0.201000 -0.714125 -0.670500
vn 0.287062 -0.023531 -0.957594
vn 0.101844 -0.714156 -0.692500
vn 0.145469 -0.023531 -0.989062
vn 0.000000 -0.714156 -0.699969
vn 0.000000 -0.023500 -0.999719
vn -0.101844 -0.714156 -0.692500
vn -0.145469 -0.023531 -0.989062
vn -0.201000 -0.714125 -0.670500
vn -0.287062 -0.023531 -0.957594
vn -0.294688 -0.714094 -0.634938
vn -0.420875 -0.023531 -0.906781
vn -0.381187 -0.714094 -0.587125
vn -0.544375 -0.023531 -0.838469
vn -0.459344 -0.714063 -0.528250
vn -0.655969 -0.023531 -0.754406
vn -0.528250 -0.714063 -0.459344
vn -0.754406 -0.023531 -0.655969
vn -0.587125 -0.714094 -0.381187
vn -0.838469 -0.023531 -0.544375
vn -0.634938 -0.714094 -0.294688
vn -0.906781 -0.023531 -0.420875
vn -0.670500 -0.714125 -0.201000
vn -0.957594 -0.023531 -0.287062
vn -0.692500 -0.714156 -0.101844
vn -0.989062 -0.023531 -0.145469
vn -0.699969 -0.714156 0.000000
vn -0.999719 -0.023500 0.000000
vn -0.692500 -0.714156 0.101844
vn -0.989062 -0.023531 0.145469
vn -0.670500 -0.714125 0.201000
vn -0.957594 -0.023531 0.287062
vn -0.634938 -0.714094 0.294688
vn -0.906781 -0.023531 0.420875
vn -0.587125 -0.714094 0.381187
vn -0.838469 -0.023531 0.544375
vn -0.528250 -0.714063 0.459344
vn -0.754406 -0.023531 0.655969
vn -0.459344 -0.714063 0.528250
vn -0.655969 -0.023531 0.754406
vn -0.381187 -0.714094 0.587125
vn -0.544375 -0.023531 0.838469
vn -0.294688 -0.714094 0.634938
vn -0.420875 -0.023531 0.906781
vn -0.201000 -0.714125 0.670500
vn -0.287062 -0.023531 0.957594
vn -0.101844 -0.714156 0.692500
vn -0.145469 -0.023531 0.989062
vn 0.144562 -0.112344 0.983063
vn 0.000000 -0.112313 0.993656
vn 0.285344 -0.112375 0.951813
vn 0.418312 -0.112375 0.901312
vn 0.541094 -0.112375 0.833406
vn 0.652000 -0.112375 0.749812
vn 0.749812 -0.112375 0.652000
vn 0.833406 -0.112375 0.541094
vn 0.901312 -0.112375 0.418312
vn 0.951813 -0.112375 0.285344
vn 0.983063 -0.112344 0.144562
vn 0.993656 -0.112313 0.000000
vn 0.983063 -0.112344 -0.144562
vn 0.951813 -0.112375 -0.285344
vn 0.901312 -0.112375 -0.418312
vn 0.833406 -0.112375 -0.541094
vn 0.749812 -0.112375 -0.652000
vn 0.652000 -0.112375 -0.749812
vn 0.541094 -0.112375 -0.833406
vn 0.418312 -0.112375 -0.901312
vn 0.285344 -0.112375 -0.951813
vn 0.144562 -0.112344 -0.983063
vn 0.000000 -0.112313 -0.993656
vn -0.144562 -0.112344 -0.983063
vn -0.285344 -0.112375 -0.951813
vn -0.418312 -0.112375 -0.901312
vn -0.541094 -0.112375 -0.833406
vn -0.652000 -0.112375 -0.749812
vn -0.749812 -0.112375 -0.652000
vn -0.833406 -0.112375 -0.541094
vn -0.901312 -0.112375 -0.418312
vn -0.951813 -0.112375 -0.285344
vn -0.983063 -0.112344 -0.144562
vn -0.993656 -0.112313 0.000000
vn -0.983063 -0.112344 0.144562
vn -0.951813 -0.112375 0.285344
vn -0.901312 -0.112375 0.418312
vn -0.833406 -0.112375 0.541094
vn -0.749812 -0.112375 0.652000
vn -0.652000 -0.112375 0.749812
vn -0.541094 -0.112375 0.833406
vn -0.418312 -0.112375 0.901312
vn -0.285344 -0.112375 0.951813
vn -0.144562 -0.112344 0.983063
vn 0.139000 -0.295687 0.945094
vn 0.000000 -0.295625 0.955281
vn 0.274312 -0.295750 0.915000
vn 0.402156 -0.295781 0.866469
vn 0.520156 -0.295781 0.801188
vn 0.626781 -0.295781 0.720844
vn 0.720844 -0.295781 0.626781
vn 0.801188 -0.295781 0.520156
vn 0.866469 -0.295781 0.402156
vn 0.915000 -0.295750 0.274312
vn 0.945094 -0.295687 0.139000
vn 0.955281 -0.295625 0.000000
vn 0.945094 -0.295687 -0.139000
vn 0.915000 -0.295750 -0.274312
vn 0.866469 -0.295781 -0.402156
vn 0.801188 -0.295781 -0.520156
vn 0.720844 -0.295781 -0.626781
vn 0.626781 -0.295781 -0.720844
vn 0.520156 -0.295781 -0.801188
vn 0.402156 -0.295781 -0.866469
vn 0.274312 -0.295750 -0.915000
vn 0.139000 -0.295687 -0.945094
vn 0.000000 -0.295625 -0.955281
vn -0.139000 -0.295687 -0.945094
vn -0.274312 -0.295750 -0.915000
vn -0.402156 -0.295781 -0.866469
vn -0.520156 -0.295781 -0.801188
vn -0.626781 -0.295781 -0.720844
vn -0.720844 -0.295781 -0.626781
vn -0.801188 -0.295781 -0.520156
vn -0.866469 -0.295781 -0.402156
vn -0.915000 -0.295750 -0.274312
vn -0.945094 -0.295687 -0.139000
vn -0.955281 -0.295625 0.000000
vn -0.945094 -0.295687 0.139000
vn -0.915000 -0.295750 0.274312
vn -0.866469 -0.295781 0.402156
vn -0.801188 -0.295781 0.520156
vn -0.720844 -0.295781 0.626781
vn -0.626781 -0.295781 0.720844
vn -0.520156 -0.295781 0.801188
vn -0.402156 -0.295781 0.866469
vn -0.274312 -0.295750 0.915000
vn -0.139000 -0.295687 0.945094
vn 0.127531 -0.481125 0.867281
vn 0.000000 -0.481063 0.876656
vn 0.251719 -0.481219 0.839656
vn 0.369031 -0.481281 0.795094
vn 0.477313 -0.481281 0.735187
vn 0.575156 -0.481250 0.661469
vn 0.661469 -0.481250 0.575156
vn 0.735187 -0.481281 0.477313
vn 0.795094 -0.481281 0.369031
vn 0.839656 -0.481219 0.251719
vn 0.867281 -0.481125 0.127531
vn 0.876656 -0.481063 0.000000
vn 0.867281 -0.481125 -0.127531
vn 0.839656 -0.481219 -0.251719
vn 0.795094 -0.481281 -0.369031
vn 0.735187 -0.481281 -0.477313
vn 0.661469 -0.481250 -0.575156
vn 0.575156 -0.481250 -0.661469
vn 0.477313 -0.481281 -0.735187
vn 0.369031 -0.481281 -0.795094
vn 0.251719 -0.481219 -0.839656
vn 0.127531 -0.481125 -0.867281
vn 0.000000 -0.481063 -0.876656
vn -0.127531 -0.481125 -0.867281
vn -0.251719 -0.481219 -0.839656
vn -0.369031 -0.481281 -0.795094
vn -0.477313 -0.481281 -0.735187
vn -0.575156 -0.481250 -0.661469
vn -0.661469 -0.481250 -0.575156
vn -0.735187 -0.481281 -0.477313
vn -0.795094 -0.481281 -0.369031
vn -0.839656 -0.481219 -0.251719
vn -0.867281 -0.481125 -0.127531
vn -0.876656 -0.481063 0.000000
vn -0.867281 -0.481125 0.127531
vn -0.839656 -0.481219 0.251719
vn -0.795094 -0.481281 0.369031
vn -0.735187 -0.481281 0.477313
vn -0.661469 -0.481250 0.575156
vn -0.575156 -0.481250 0.661469
vn -0.477313 -0.481281 0.735187
vn -0.369031 -0.481281 0.795094
vn -0.251719 -0.481219 0.839656
vn -0.127531 -0.481125 0.867281
vn 0.121312 -0.552094 0.824875
vn 0.000000 -0.552031 0.833781
vn 0.239375 -0.552219 0.798563
vn 0.350969 -0.552250 0.756156
vn 0.453938 -0.552250 0.699188
vn 0.547000 -0.552250 0.629094
vn 0.629094 -0.552250 0.547000
vn 0.699188 -0.552250 0.453938
vn 0.756156 -0.552250 0.350969
vn 0.798563 -0.552219 0.239375
vn 0.824875 -0.552094 0.121312
vn 0.833781 -0.552031 0.000000
vn 0.824875 -0.552094 -0.121312
vn 0.798563 -0.552219 -0.239375
vn 0.756156 -0.552250 -0.350969
vn 0.699188 -0.552250 -0.453938
vn 0.629094 -0.552250 -0.547000
vn 0.547000 -0.552250 -0.629094
vn 0.453938 -0.552250 -0.699188
vn 0.350969 -0.552250 -0.756156
vn 0.239375 -0.552219 -0.798563
vn 0.121312 -0.552094 -0.824875
vn 0.000000 -0.552031 -0.833781
vn -0.121312 -0.552094 -0.824875
vn -0.239375 -0.552219 -0.798563
vn -0.350969 -0.552250 -0.756156
vn -0.453938 -0.552250 -0.699188
vn -0.547000 -0.552250 -0.629094
vn -0.629094 -0.552250 -0.547000
vn -0.699188 -0.552250 -0.453938
vn -0.756156 -0.552250 -0.350969
vn -0.798563 -0.552219 -0.239375
vn -0.824875 -0.552094 -0.121312
vn -0.833781 -0.552031 0.000000
vn -0.824875 -0.552094 0.121312
vn -0.798563 -0.552219 0.239375
vn -0.756156 -0.552250 0.350969
vn -0.699188 -0.552250 0.453938
vn -0.629094 -0.552250 0.547000
vn -0.547000 -0.552250 0.629094
vn -0.453938 -0.552250 0.699188
vn -0.350969 -0.552250 0.756156
vn -0.239375 -0.552219 0.798563
vn -0.121312 -0.552094 0.824875
vn 0.127281 0.484469 0.865469
vn 0.000000 0.484531 0.874750
vn 0.251219 0.484344 0.838000
vn 0.368313 0.484250 0.793594
vn 0.476438 0.484219 0.733813
vn 0.574094 0.484188 0.660250
vn 0.660250 0.484188 0.574094
vn 0.733813 0.484219 0.476438
vn 0.793594 0.484250 0.368313
vn 0.838000 0.484344 0.251219
vn 0.865469 0.484469 0.127281
vn 0.874750 0.484531 0.000000
vn 0.865469 0.484469 -0.127281
vn 0.838000 0.484344 -0.251219
vn 0.793594 0.484250 -0.368313
vn 0.733813 0.484219 -0.476438
vn 0.660250 0.484188 -0.574094
vn 0.574094 0.484188 -0.660250
vn 0.476438 0.484219 -0.733813
vn 0.368313 0.484250 -0.793594
vn 0.251219 0.484344 -0.838000
vn 0.127281 0.484469 -0.865469
vn 0.000000 0.484531 -0.874750
vn -0.127281 0.484469 -0.865469
vn -0.251219 0.484344 -0.838000
vn -0.368313 0.484250 -0.793594
vn -0.476438 0.484219 -0.733813
vn -0.574094 0.484188 -0.660250
vn -0.660250 0.484188 -0.574094
vn -0.733813 0.484219 -0.476438
vn -0.793594 0.484250 -0.368313
vn -0.838000 0.484344 -0.251219
vn -0.865469 0.484469 -0.127281
vn -0.874750 0.484531 0.000000
vn -0.865469 0.484469 0.127281
vn -0.838000 0.484344 0.251219
vn -0.793594 0.484250 0.368313
vn -0.733813 0.484219 0.476438
vn -0.660250 0.484188 0.574094
vn -0.574094 0.484188 0.660250
vn -0.476438 0.484219 0.733813
vn -0.368313 0.484250 0.793594
vn -0.251219 0.484344 0.838000
vn -0.127281 0.484469 0.865469
vn 0.163500 -0.972875 0.163500
vn 0.332031 -0.940750 0.068406
vn 0.332812 -0.942969 0.000000
vn 0.168812 -0.985625 0.000000
vn 0.885063 -0.430281 0.177344
vn 0.956406 -0.220938 0.190906
vn 0.974500 -0.224312 0.000000
vn 0.899312 -0.437219 0.000000
vn 0.956406 0.220938 0.190906
vn 0.974500 0.224344 0.000000
vn 0.885063 0.430281 0.177344
vn 0.899312 0.437250 0.000000
vn 0.332031 0.940750 0.068406
vn 0.163500 0.972875 0.163500
vn 0.168812 0.985625 0.000000
vn 0.332812 0.942969 0.000000
vn 0.332031 -0.940750 -0.068406
vn 0.163500 -0.972875 -0.163500
vn 0.956406 -0.220938 -0.190906
vn 0.885063 -0.430281 -0.177344
vn 0.956406 0.220938 -0.190906
vn 0.885063 0.430281 -0.177344
vn 0.163500 0.972875 -0.163500
vn 0.332031 0.940750 -0.068406
vn 0.235313 -0.942969 -0.235313
vn 0.903344 -0.209469 -0.374219
vn 0.842750 -0.409687 -0.349094
vn 0.903344 0.209469 -0.374219
vn 0.842750 0.409687 -0.349094
vn 0.235313 0.942969 -0.235313
vn 0.068406 -0.940750 -0.332031
vn 0.349094 -0.409687 -0.842750
vn 0.374219 -0.209469 -0.903344
vn 0.190906 -0.220938 -0.956406
vn 0.177344 -0.430281 -0.885063
vn 0.374219 0.209469 -0.903344
vn 0.190906 0.220938 -0.956406
vn 0.349094 0.409687 -0.842750
vn 0.177344 0.430281 -0.885063
vn 0.068406 0.940750 -0.332031
vn 0.000000 -0.942969 -0.332812
vn 0.000000 -0.985625 -0.168812
vn 0.000000 -0.224312 -0.974500
vn 0.000000 -0.437219 -0.899312
vn 0.000000 0.224344 -0.974500
vn 0.000000 0.437250 -0.899312
vn 0.000000 0.985625 -0.168812
vn 0.000000 0.942969 -0.332812
vn -0.068406 -0.940750 -0.332031
vn -0.163500 -0.972875 -0.163500
vn -0.190906 -0.220938 -0.956406
vn -0.177344 -0.430281 -0.885063
vn -0.190906 0.220938 -0.956406
vn -0.177344 0.430281 -0.885063
vn -0.163500 0.972875 -0.163500
vn -0.068406 0.940750 -0.332031
vn -0.235313 -0.942969 -0.235313
vn -0.374219 -0.209469 -0.903344
vn -0.349094 -0.409687 -0.842750
vn -0.374219 0.209469 -0.903344
vn -0.349094 0.409687 -0.842750
vn -0.235313 0.942969 -0.235313
vn -0.332031 -0.940750 -0.068406
vn -0.842750 -0.409687 -0.349094
vn -0.903344 -0.209469 -0.374219
vn -0.956406 -0.220938 -0.190906
vn -0.885063 -0.430281 -0.177344
vn -0.903344 0.209469 -0.374219
vn -0.956406 0.220938 -0.190906
vn -0.842750 0.409687 -0.349094
vn -0.885063 0.430281 -0.177344
vn -0.332031 0.940750 -0.068406
vn -0.332812 -0.942969 0.000000
vn -0.168812 -0.985625 0.000000
vn -0.974500 -0.224312 0.000000
vn -0.899312 -0.437219 0.000000
vn -0.974500 0.224344 0.000000
vn -0.899312 0.437250 0.000000
vn -0.168812 0.985625 0.000000
vn -0.332812 0.942969 0.000000
vn -0.332031 -0.940750 0.068406
vn -0.163500 -0.972875 0.163500
vn -0.956406 -0.220938 0.190906
vn -0.885063 -0.430281 0.177344
vn -0.956406 0.220938 0.190906
vn -0.885063 0.430281 0.177344
vn -0.163500 0.972875 0.163500
vn -0.332031 0.940750 0.068406
vn -0.235313 -0.942969 0.235313
vn -0.903344 -0.209469 0.374219
vn -0.842750 -0.409687 0.349094
vn -0.903344 0.209469 0.374219
vn -0.842750 0.409687 0.349094
vn -0.235313 0.942969 0.235313
vn -0.068406 -0.940750 0.332031
vn -0.349094 -0.409687 0.842750
vn -0.374219 -0.209469 0.903344
vn -0.190906 -0.220938 0.956406
vn -0.177344 -0.430281 0.885063
vn -0.374219 0.209469 0.903344
vn -0.190906 0.220938 0.956406
vn -0.349094 0.409687 0.842750
vn -0.177344 0.430281 0.885063
vn -0.068406 0.940750 0.332031
vn 0.000000 -0.942969 0.332812
vn 0.000000 -0.985625 0.168812
vn 0.000000 -0.224312 0.974500
vn 0.000000 -0.437219 0.899312
vn 0.000000 0.224344 0.974500
vn 0.000000 0.437250 0.899312
vn 0.000000 0.985625 0.168812
vn 0.000000 0.942969 0.332812
vn 0.068406 -0.940750 0.332031
vn 0.190906 -0.220938 0.956406
vn 0.177344 -0.430281 0.885063
vn 0.190906 0.220938 0.956406
vn 0.177344 0.430281 0.885063
vn 0.068406 0.940750 0.332031
vn 0.235313 -0.942969 0.235313
vn 0.374219 -0.209469 0.903344
vn 0.349094 -0.409687 0.842750
vn 0.374219 0.209469 0.903344
vn 0.349094 0.409687 0.842750
vn 0.235313 0.942969 0.235313
vn 0.842750 -0.409687 0.349094
vn 0.903344 -0.209469 0.374219
vn 0.903344 0.209469 0.374219
vn 0.842750 0.409687 0.349094
vn -0.332000 0.940781 -0.068438
vn -0.332781 0.942969 0.000000
vn -0.972406 0.176500 -0.152500
vn -0.899344 0.437219 0.000000
vn -0.974500 0.224312 0.000000
vn -0.980781 0.000000 -0.195094
vn -0.983781 0.179250 0.000000
vn -0.988813 0.149094 0.000000
vn -0.332000 0.940781 0.068438
vn -0.972406 0.176500 0.152500
vn -0.980781 0.000000 0.195094
vn -0.842750 0.409719 0.349063
vn -0.903344 0.209500 0.374187
vn -0.923875 0.000000 0.382688
vn -0.068438 0.940781 0.332000
vn -0.374187 0.209500 0.903344
vn -0.349063 0.409719 0.842750
vn -0.152500 0.176500 0.972406
vn -0.195094 0.000000 0.980781
vn -0.382688 0.000000 0.923875
vn 0.000000 0.942969 0.332781
vn 0.000000 0.437219 0.899344
vn 0.000000 0.224312 0.974500
vn 0.000000 0.179250 0.983781
vn 0.000000 0.149094 0.988813
vn 0.068438 0.940781 0.332000
vn 0.195094 0.000000 0.980781
vn 0.349063 0.409719 0.842750
vn 0.374187 0.209500 0.903344
vn 0.382688 0.000000 0.923875
vn 0.332000 0.940781 0.068438
vn 0.903344 0.209500 0.374187
vn 0.842750 0.409719 0.349063
vn 0.972406 0.176500 0.152500
vn 0.980781 0.000000 0.195094
vn 0.923875 0.000000 0.382688
vn 0.332781 0.942969 0.000000
vn 0.899344 0.437219 0.000000
vn 0.974500 0.224312 0.000000
vn 0.988813 0.149094 0.000000
vn 0.983781 0.179250 0.000000
vn 0.332000 0.940781 -0.068438
vn 0.972406 0.176500 -0.152500
vn 0.980781 0.000000 -0.195094
vn 0.842750 0.409719 -0.349063
vn 0.903344 0.209500 -0.374187
vn 0.923875 0.000000 -0.382688
vn 0.068438 0.940781 -0.332000
vn 0.374187 0.209500 -0.903344
vn 0.349063 0.409719 -0.842750
vn 0.152500 0.176500 -0.972406
vn 0.195094 0.000000 -0.980781
vn 0.382688 0.000000 -0.923875
vn 0.000000 0.942969 -0.332781
vn 0.000000 0.437219 -0.899344
vn 0.000000 0.224312 -0.974500
vn 0.000000 0.179250 -0.983781
vn 0.000000 0.149094 -0.988813
vn -0.068438 0.940781 -0.332000
vn -0.195094 0.000000 -0.980781
vn -0.349063 0.409719 -0.842750
vn -0.374187 0.209500 -0.903344
vn -0.382688 0.000000 -0.923875
vn -0.903344 0.209500 -0.374187
vn -0.842750 0.409719 -0.349063
vn -0.923875 0.000000 -0.382688
# 3442 normals

vt 0.215371 0.367651 0.000000
vt 0.207990 0.402375 0.000000
vt 0.222752 0.402375 0.000000
vt 0.416474 0.842384 0.000000
vt 0.405264 0.842384 0.000000
vt 0.405264 0.857146 0.000000
vt 0.416474 0.857146 0.000000
vt 0.470193 0.363455 0.000000
vt 0.487943 0.394198 0.000000
vt 0.484232 0.358894 0.000000
vt 0.236237 0.396371 0.000000
vt 0.405264 0.871908 0.000000
vt 0.416474 0.871907 0.000000
vt 0.498913 0.360436 0.000000
vt 0.246115 0.385401 0.000000
vt 0.405264 0.886669 0.000000
vt 0.416474 0.886669 0.000000
vt 0.511697 0.367817 0.000000
vt 0.250676 0.371362 0.000000
vt 0.405265 0.901431 0.000000
vt 0.416474 0.901431 0.000000
vt 0.520373 0.379759 0.000000
vt 0.249133 0.356681 0.000000
vt 0.405265 0.916192 0.000000
vt 0.416475 0.916192 0.000000
vt 0.523443 0.394198 0.000000
vt 0.241752 0.343897 0.000000
vt 0.405265 0.930954 0.000000
vt 0.416475 0.930954 0.000000
vt 0.520373 0.408637 0.000000
vt 0.229810 0.335221 0.000000
vt 0.405266 0.945715 0.000000
vt 0.416475 0.945715 0.000000
vt 0.511697 0.420580 0.000000
vt 0.215371 0.332152 0.000000
vt 0.405266 0.960477 0.000000
vt 0.416475 0.960477 0.000000
vt 0.498913 0.427961 0.000000
vt 0.200932 0.335221 0.000000
vt 0.405266 0.975238 0.000000
vt 0.416475 0.975238 0.000000
vt 0.484232 0.429503 0.000000
vt 0.188990 0.343897 0.000000
vt 0.405266 0.990000 0.000000
vt 0.416475 0.990000 0.000000
vt 0.470193 0.424942 0.000000
vt 0.181609 0.356681 0.000000
vt 0.416475 0.768577 0.000000
vt 0.405266 0.768577 0.000000
vt 0.405265 0.783338 0.000000
vt 0.416475 0.783339 0.000000
vt 0.459223 0.415065 0.000000
vt 0.180066 0.371362 0.000000
vt 0.405265 0.798100 0.000000
vt 0.416475 0.798100 0.000000
vt 0.453219 0.401579 0.000000
vt 0.184628 0.385401 0.000000
vt 0.405265 0.812861 0.000000
vt 0.416474 0.812862 0.000000
vt 0.453219 0.386818 0.000000
vt 0.194505 0.396371 0.000000
vt 0.405264 0.827623 0.000000
vt 0.416474 0.827623 0.000000
vt 0.459223 0.373332 0.000000
vt 0.735224 0.377111 0.000000
vt 0.733958 0.387135 0.000000
vt 0.736490 0.387135 0.000000
vt 0.733946 0.387226 0.000000
vt 0.736502 0.387226 0.000000
vt 0.142524 0.259151 0.000000
vt 0.142431 0.259151 0.000000
vt 0.142431 0.261726 0.000000
vt 0.142524 0.261726 0.000000
vt 0.142339 0.259151 0.000000
vt 0.142339 0.261726 0.000000
vt 0.133105 0.259151 0.000000
vt 0.133105 0.261726 0.000000
vt 0.133012 0.259151 0.000000
vt 0.133012 0.261726 0.000000
vt 0.541302 0.717234 0.000000
vt 0.541313 0.717325 0.000000
vt 0.543869 0.717325 0.000000
vt 0.543881 0.717234 0.000000
vt 0.541325 0.717417 0.000000
vt 0.543858 0.717417 0.000000
vt 0.542591 0.727440 0.000000
vt 0.738943 0.386505 0.000000
vt 0.738977 0.386591 0.000000
vt 0.142431 0.264300 0.000000
vt 0.142524 0.264300 0.000000
vt 0.142339 0.264300 0.000000
vt 0.133105 0.264300 0.000000
vt 0.133012 0.264300 0.000000
vt 0.546344 0.717961 0.000000
vt 0.546378 0.717875 0.000000
vt 0.546310 0.718047 0.000000
vt 0.741163 0.385285 0.000000
vt 0.741217 0.385360 0.000000
vt 0.142431 0.266875 0.000000
vt 0.142524 0.266875 0.000000
vt 0.142339 0.266875 0.000000
vt 0.133105 0.266875 0.000000
vt 0.133012 0.266875 0.000000
vt 0.548584 0.719192 0.000000
vt 0.548638 0.719117 0.000000
vt 0.548530 0.719267 0.000000
vt 0.743009 0.383551 0.000000
vt 0.743080 0.383610 0.000000
vt 0.142431 0.269449 0.000000
vt 0.142524 0.269449 0.000000
vt 0.142339 0.269449 0.000000
vt 0.133105 0.269449 0.000000
vt 0.133012 0.269449 0.000000
vt 0.550447 0.720942 0.000000
vt 0.550518 0.720883 0.000000
vt 0.550376 0.721001 0.000000
vt 0.744366 0.381413 0.000000
vt 0.744449 0.381452 0.000000
vt 0.142431 0.272024 0.000000
vt 0.142524 0.272024 0.000000
vt 0.142339 0.272024 0.000000
vt 0.133105 0.272024 0.000000
vt 0.133012 0.272024 0.000000
vt 0.551816 0.723099 0.000000
vt 0.551900 0.723060 0.000000
vt 0.551733 0.723139 0.000000
vt 0.745148 0.379005 0.000000
vt 0.745239 0.379022 0.000000
vt 0.142431 0.274598 0.000000
vt 0.142524 0.274598 0.000000
vt 0.142339 0.274598 0.000000
vt 0.133105 0.274598 0.000000
vt 0.133012 0.274598 0.000000
vt 0.552606 0.725530 0.000000
vt 0.552697 0.725513 0.000000
vt 0.552515 0.725548 0.000000
vt 0.745307 0.376477 0.000000
vt 0.745400 0.376471 0.000000
vt 0.142431 0.277173 0.000000
vt 0.142524 0.277173 0.000000
vt 0.142339 0.277173 0.000000
vt 0.133105 0.277173 0.000000
vt 0.133012 0.277173 0.000000
vt 0.552766 0.728081 0.000000
vt 0.552859 0.728087 0.000000
vt 0.552674 0.728075 0.000000
vt 0.744833 0.373989 0.000000
vt 0.744921 0.373961 0.000000
vt 0.142431 0.279747 0.000000
vt 0.142524 0.279747 0.000000
vt 0.142339 0.279747 0.000000
vt 0.133105 0.279747 0.000000
vt 0.133012 0.279747 0.000000
vt 0.552287 0.730591 0.000000
vt 0.552375 0.730620 0.000000
vt 0.552199 0.730563 0.000000
vt 0.743754 0.371698 0.000000
vt 0.743833 0.371648 0.000000
vt 0.142431 0.282322 0.000000
vt 0.142524 0.282322 0.000000
vt 0.142339 0.282322 0.000000
vt 0.133105 0.282322 0.000000
vt 0.133012 0.282322 0.000000
vt 0.551199 0.732903 0.000000
vt 0.551277 0.732953 0.000000
vt 0.551121 0.732854 0.000000
vt 0.742140 0.369747 0.000000
vt 0.742203 0.369679 0.000000
vt 0.142431 0.284896 0.000000
vt 0.142524 0.284896 0.000000
vt 0.142339 0.284896 0.000000
vt 0.133105 0.284896 0.000000
vt 0.133012 0.284896 0.000000
vt 0.549570 0.734873 0.000000
vt 0.549634 0.734940 0.000000
vt 0.549507 0.734805 0.000000
vt 0.740091 0.368258 0.000000
vt 0.740136 0.368177 0.000000
vt 0.142431 0.287471 0.000000
vt 0.142524 0.287471 0.000000
vt 0.142339 0.287471 0.000000
vt 0.133105 0.287471 0.000000
vt 0.133012 0.287471 0.000000
vt 0.547503 0.736375 0.000000
vt 0.547547 0.736456 0.000000
vt 0.547458 0.736294 0.000000
vt 0.737737 0.367326 0.000000
vt 0.737760 0.367236 0.000000
vt 0.142431 0.290046 0.000000
vt 0.142524 0.290046 0.000000
vt 0.142339 0.290046 0.000000
vt 0.133105 0.290046 0.000000
vt 0.133012 0.290046 0.000000
vt 0.545127 0.737316 0.000000
vt 0.545150 0.737405 0.000000
vt 0.545103 0.737226 0.000000
vt 0.735224 0.367008 0.000000
vt 0.735224 0.366916 0.000000
vt 0.142431 0.292620 0.000000
vt 0.142524 0.292620 0.000000
vt 0.142339 0.292620 0.000000
vt 0.133105 0.292620 0.000000
vt 0.133012 0.292620 0.000000
vt 0.542591 0.737636 0.000000
vt 0.542591 0.737728 0.000000
vt 0.542591 0.737543 0.000000
vt 0.732712 0.367326 0.000000
vt 0.732689 0.367236 0.000000
vt 0.142431 0.295195 0.000000
vt 0.142524 0.295195 0.000000
vt 0.142339 0.295195 0.000000
vt 0.133105 0.295195 0.000000
vt 0.133012 0.295195 0.000000
vt 0.540056 0.737315 0.000000
vt 0.540033 0.737405 0.000000
vt 0.540078 0.737226 0.000000
vt 0.730357 0.368258 0.000000
vt 0.730313 0.368177 0.000000
vt 0.142431 0.297769 0.000000
vt 0.142524 0.297769 0.000000
vt 0.142339 0.297769 0.000000
vt 0.133105 0.297769 0.000000
vt 0.133012 0.297769 0.000000
vt 0.537679 0.736375 0.000000
vt 0.537635 0.736456 0.000000
vt 0.537724 0.736293 0.000000
vt 0.728308 0.369747 0.000000
vt 0.728245 0.369679 0.000000
vt 0.142431 0.300344 0.000000
vt 0.142524 0.300344 0.000000
vt 0.142339 0.300344 0.000000
vt 0.133105 0.300344 0.000000
vt 0.133012 0.300344 0.000000
vt 0.535612 0.734872 0.000000
vt 0.535548 0.734940 0.000000
vt 0.535675 0.734805 0.000000
vt 0.726694 0.371698 0.000000
vt 0.726616 0.371648 0.000000
vt 0.142431 0.302918 0.000000
vt 0.142524 0.302918 0.000000
vt 0.142339 0.302918 0.000000
vt 0.133105 0.302918 0.000000
vt 0.133012 0.302918 0.000000
vt 0.533983 0.732903 0.000000
vt 0.533905 0.732953 0.000000
vt 0.534061 0.732854 0.000000
vt 0.725616 0.373989 0.000000
vt 0.725528 0.373961 0.000000
vt 0.142524 0.238555 0.000000
vt 0.142431 0.238555 0.000000
vt 0.142431 0.241130 0.000000
vt 0.142524 0.241130 0.000000
vt 0.142339 0.238555 0.000000
vt 0.142339 0.241130 0.000000
vt 0.133105 0.238555 0.000000
vt 0.133105 0.241130 0.000000
vt 0.133012 0.238555 0.000000
vt 0.133012 0.241130 0.000000
vt 0.532895 0.730591 0.000000
vt 0.532807 0.730619 0.000000
vt 0.532983 0.730562 0.000000
vt 0.725141 0.376477 0.000000
vt 0.725049 0.376471 0.000000
vt 0.142431 0.243704 0.000000
vt 0.142524 0.243704 0.000000
vt 0.142339 0.243704 0.000000
vt 0.133105 0.243704 0.000000
vt 0.133012 0.243704 0.000000
vt 0.532416 0.728081 0.000000
vt 0.532323 0.728086 0.000000
vt 0.532508 0.728074 0.000000
vt 0.725300 0.379004 0.000000
vt 0.725210 0.379022 0.000000
vt 0.142431 0.246279 0.000000
vt 0.142524 0.246279 0.000000
vt 0.142339 0.246279 0.000000
vt 0.133105 0.246279 0.000000
vt 0.133012 0.246279 0.000000
vt 0.532576 0.725530 0.000000
vt 0.532485 0.725513 0.000000
vt 0.532667 0.725547 0.000000
vt 0.726083 0.381413 0.000000
vt 0.725999 0.381452 0.000000
vt 0.142431 0.248853 0.000000
vt 0.142524 0.248853 0.000000
vt 0.142339 0.248853 0.000000
vt 0.133105 0.248853 0.000000
vt 0.133012 0.248853 0.000000
vt 0.533366 0.723099 0.000000
vt 0.533282 0.723060 0.000000
vt 0.533450 0.723139 0.000000
vt 0.727440 0.383551 0.000000
vt 0.727369 0.383610 0.000000
vt 0.142431 0.251428 0.000000
vt 0.142524 0.251428 0.000000
vt 0.142339 0.251428 0.000000
vt 0.133105 0.251428 0.000000
vt 0.133012 0.251428 0.000000
vt 0.534736 0.720942 0.000000
vt 0.534664 0.720883 0.000000
vt 0.534807 0.721000 0.000000
vt 0.729286 0.385285 0.000000
vt 0.729232 0.385360 0.000000
vt 0.142431 0.254002 0.000000
vt 0.142524 0.254002 0.000000
vt 0.142339 0.254002 0.000000
vt 0.133105 0.254002 0.000000
vt 0.133012 0.254002 0.000000
vt 0.536598 0.719192 0.000000
vt 0.536544 0.719117 0.000000
vt 0.536653 0.719267 0.000000
vt 0.731505 0.386505 0.000000
vt 0.731471 0.386591 0.000000
vt 0.142431 0.256577 0.000000
vt 0.142524 0.256577 0.000000
vt 0.142339 0.256577 0.000000
vt 0.133105 0.256577 0.000000
vt 0.133012 0.256577 0.000000
vt 0.538838 0.717961 0.000000
vt 0.538804 0.717875 0.000000
vt 0.538872 0.718047 0.000000
vt 0.504193 0.265761 0.000000
vt 0.501418 0.276568 0.000000
vt 0.504193 0.276918 0.000000
vt 0.501395 0.276657 0.000000
vt 0.504193 0.277011 0.000000
vt 0.723819 0.671706 0.000000
vt 0.723912 0.671707 0.000000
vt 0.723923 0.668868 0.000000
vt 0.723830 0.668867 0.000000
vt 0.724005 0.671707 0.000000
vt 0.724016 0.668868 0.000000
vt 0.734238 0.671762 0.000000
vt 0.734248 0.668927 0.000000
vt 0.734331 0.671761 0.000000
vt 0.734341 0.668926 0.000000
vt 0.734424 0.671762 0.000000
vt 0.734434 0.668927 0.000000
vt 0.317684 0.762695 0.000000
vt 0.317679 0.762602 0.000000
vt 0.314887 0.762427 0.000000
vt 0.314870 0.762518 0.000000
vt 0.316978 0.751467 0.000000
vt 0.506967 0.276568 0.000000
vt 0.506990 0.276657 0.000000
vt 0.723934 0.666030 0.000000
vt 0.723841 0.666029 0.000000
vt 0.724026 0.666029 0.000000
vt 0.734258 0.666091 0.000000
vt 0.734351 0.666090 0.000000
vt 0.734444 0.666091 0.000000
vt 0.312228 0.761562 0.000000
vt 0.312188 0.761646 0.000000
vt 0.509568 0.275538 0.000000
vt 0.509613 0.275619 0.000000
vt 0.723944 0.663192 0.000000
vt 0.723851 0.663191 0.000000
vt 0.724037 0.663192 0.000000
vt 0.734268 0.663254 0.000000
vt 0.734361 0.663254 0.000000
vt 0.734454 0.663254 0.000000
vt 0.309866 0.760064 0.000000
vt 0.309807 0.760135 0.000000
vt 0.511831 0.273894 0.000000
vt 0.511894 0.273962 0.000000
vt 0.723954 0.660355 0.000000
vt 0.723861 0.660354 0.000000
vt 0.724047 0.660354 0.000000
vt 0.734278 0.660417 0.000000
vt 0.734371 0.660416 0.000000
vt 0.734464 0.660417 0.000000
vt 0.307952 0.758025 0.000000
vt 0.307877 0.758080 0.000000
vt 0.513613 0.271739 0.000000
vt 0.513691 0.271789 0.000000
vt 0.723964 0.657518 0.000000
vt 0.723871 0.657518 0.000000
vt 0.724057 0.657518 0.000000
vt 0.734289 0.657579 0.000000
vt 0.734381 0.657579 0.000000
vt 0.734474 0.657579 0.000000
vt 0.306604 0.755575 0.000000
vt 0.306519 0.755608 0.000000
vt 0.514804 0.269209 0.000000
vt 0.514892 0.269237 0.000000
vt 0.723974 0.654683 0.000000
vt 0.723881 0.654682 0.000000
vt 0.724067 0.654682 0.000000
vt 0.734299 0.654741 0.000000
vt 0.734392 0.654740 0.000000
vt 0.734484 0.654741 0.000000
vt 0.305909 0.752866 0.000000
vt 0.305817 0.752877 0.000000
vt 0.515328 0.266462 0.000000
vt 0.515420 0.266467 0.000000
vt 0.723983 0.651848 0.000000
vt 0.723891 0.651847 0.000000
vt 0.724077 0.651847 0.000000
vt 0.734310 0.651901 0.000000
vt 0.734402 0.651901 0.000000
vt 0.734495 0.651902 0.000000
vt 0.305909 0.750069 0.000000
vt 0.305817 0.750057 0.000000
vt 0.515152 0.263671 0.000000
vt 0.515243 0.263653 0.000000
vt 0.723994 0.649014 0.000000
vt 0.723901 0.649014 0.000000
vt 0.724087 0.649014 0.000000
vt 0.734320 0.649061 0.000000
vt 0.734413 0.649060 0.000000
vt 0.734505 0.649061 0.000000
vt 0.306604 0.747360 0.000000
vt 0.306519 0.747326 0.000000
vt 0.514288 0.261011 0.000000
vt 0.514372 0.260971 0.000000
vt 0.724006 0.646182 0.000000
vt 0.723914 0.646182 0.000000
vt 0.724099 0.646181 0.000000
vt 0.734329 0.646219 0.000000
vt 0.734422 0.646218 0.000000
vt 0.734514 0.646220 0.000000
vt 0.307952 0.744909 0.000000
vt 0.307877 0.744855 0.000000
vt 0.512790 0.258649 0.000000
vt 0.512861 0.258590 0.000000
vt 0.724022 0.643352 0.000000
vt 0.723930 0.643352 0.000000
vt 0.724115 0.643351 0.000000
vt 0.734336 0.643375 0.000000
vt 0.734428 0.643375 0.000000
vt 0.734521 0.643376 0.000000
vt 0.309866 0.742870 0.000000
vt 0.309807 0.742799 0.000000
vt 0.510751 0.256735 0.000000
vt 0.510805 0.256660 0.000000
vt 0.724044 0.640523 0.000000
vt 0.723952 0.640523 0.000000
vt 0.724137 0.640521 0.000000
vt 0.734338 0.640530 0.000000
vt 0.734430 0.640530 0.000000
vt 0.734523 0.640531 0.000000
vt 0.312228 0.741372 0.000000
vt 0.312188 0.741288 0.000000
vt 0.508300 0.255388 0.000000
vt 0.508334 0.255302 0.000000
vt 0.724075 0.637696 0.000000
vt 0.723982 0.637697 0.000000
vt 0.724167 0.637693 0.000000
vt 0.734334 0.637683 0.000000
vt 0.734426 0.637683 0.000000
vt 0.734519 0.637685 0.000000
vt 0.314887 0.740508 0.000000
vt 0.314870 0.740417 0.000000
vt 0.505591 0.254692 0.000000
vt 0.505603 0.254600 0.000000
vt 0.724111 0.634868 0.000000
vt 0.724019 0.634871 0.000000
vt 0.724203 0.634863 0.000000
vt 0.734324 0.634835 0.000000
vt 0.734416 0.634836 0.000000
vt 0.734508 0.634839 0.000000
vt 0.317679 0.740332 0.000000
vt 0.317684 0.740240 0.000000
vt 0.502794 0.254692 0.000000
vt 0.502783 0.254600 0.000000
vt 0.724132 0.632044 0.000000
vt 0.724040 0.632049 0.000000
vt 0.724220 0.632019 0.000000
vt 0.734317 0.631987 0.000000
vt 0.734410 0.631990 0.000000
vt 0.734502 0.631996 0.000000
vt 0.320426 0.740856 0.000000
vt 0.320454 0.740768 0.000000
vt 0.500086 0.255388 0.000000
vt 0.500051 0.255302 0.000000
vt 0.724053 0.629201 0.000000
vt 0.723960 0.629212 0.000000
vt 0.724146 0.629193 0.000000
vt 0.734354 0.629143 0.000000
vt 0.734447 0.629151 0.000000
vt 0.734540 0.629162 0.000000
vt 0.322956 0.742047 0.000000
vt 0.323006 0.741969 0.000000
vt 0.497635 0.256735 0.000000
vt 0.497580 0.256660 0.000000
vt 0.723679 0.626388 0.000000
vt 0.723590 0.626411 0.000000
vt 0.723771 0.626375 0.000000
vt 0.734519 0.626312 0.000000
vt 0.734613 0.626324 0.000000
vt 0.734703 0.626344 0.000000
vt 0.325111 0.743830 0.000000
vt 0.325179 0.743766 0.000000
vt 0.495596 0.258649 0.000000
vt 0.495525 0.258591 0.000000
vt 0.723608 0.697262 0.000000
vt 0.723698 0.697281 0.000000
vt 0.723871 0.694454 0.000000
vt 0.723779 0.694444 0.000000
vt 0.723791 0.697295 0.000000
vt 0.723965 0.694462 0.000000
vt 0.734505 0.697244 0.000000
vt 0.734127 0.694424 0.000000
vt 0.734597 0.697231 0.000000
vt 0.734220 0.694418 0.000000
vt 0.734686 0.697207 0.000000
vt 0.734313 0.694407 0.000000
vt 0.326755 0.746092 0.000000
vt 0.326836 0.746048 0.000000
vt 0.494097 0.261011 0.000000
vt 0.494014 0.260971 0.000000
vt 0.723912 0.691617 0.000000
vt 0.723819 0.691611 0.000000
vt 0.724005 0.691620 0.000000
vt 0.734177 0.691566 0.000000
vt 0.734085 0.691586 0.000000
vt 0.734177 0.691580 0.000000
vt 0.327785 0.748693 0.000000
vt 0.327874 0.748669 0.000000
vt 0.493233 0.263671 0.000000
vt 0.493142 0.263653 0.000000
vt 0.723901 0.688771 0.000000
vt 0.723809 0.688769 0.000000
vt 0.723993 0.688773 0.000000
vt 0.734101 0.688746 0.000000
vt 0.734193 0.688743 0.000000
vt 0.734286 0.688742 0.000000
vt 0.328135 0.751467 0.000000
vt 0.328227 0.751467 0.000000
vt 0.493058 0.266462 0.000000
vt 0.492965 0.266468 0.000000
vt 0.723888 0.685924 0.000000
vt 0.723796 0.685922 0.000000
vt 0.723980 0.685925 0.000000
vt 0.734141 0.685917 0.000000
vt 0.734233 0.685914 0.000000
vt 0.734326 0.685914 0.000000
vt 0.327785 0.754242 0.000000
vt 0.327874 0.754265 0.000000
vt 0.493582 0.269209 0.000000
vt 0.493494 0.269238 0.000000
vt 0.723883 0.683078 0.000000
vt 0.723791 0.683076 0.000000
vt 0.723976 0.683078 0.000000
vt 0.734174 0.683088 0.000000
vt 0.734266 0.683087 0.000000
vt 0.734359 0.683086 0.000000
vt 0.326755 0.756842 0.000000
vt 0.326836 0.756887 0.000000
vt 0.494773 0.271740 0.000000
vt 0.494694 0.271789 0.000000
vt 0.723885 0.680233 0.000000
vt 0.723793 0.680232 0.000000
vt 0.723978 0.680232 0.000000
vt 0.734197 0.680259 0.000000
vt 0.734290 0.680258 0.000000
vt 0.734383 0.680258 0.000000
vt 0.325111 0.759105 0.000000
vt 0.325179 0.759168 0.000000
vt 0.496555 0.273895 0.000000
vt 0.496492 0.273962 0.000000
vt 0.723892 0.677389 0.000000
vt 0.723800 0.677389 0.000000
vt 0.723985 0.677389 0.000000
vt 0.734214 0.677428 0.000000
vt 0.734307 0.677427 0.000000
vt 0.734400 0.677427 0.000000
vt 0.322956 0.760887 0.000000
vt 0.323006 0.760965 0.000000
vt 0.498818 0.275538 0.000000
vt 0.498774 0.275619 0.000000
vt 0.723902 0.674548 0.000000
vt 0.723809 0.674547 0.000000
vt 0.723994 0.674547 0.000000
vt 0.734227 0.674595 0.000000
vt 0.734320 0.674595 0.000000
vt 0.734413 0.674595 0.000000
vt 0.320426 0.762078 0.000000
vt 0.320454 0.762166 0.000000
vt 0.319670 0.289885 0.000000
vt 0.319323 0.289873 0.000000
vt 0.319169 0.301318 0.000000
vt 0.319516 0.301331 0.000000
vt 0.319592 0.312782 0.000000
vt 0.319941 0.312795 0.000000
vt 0.319857 0.324228 0.000000
vt 0.319501 0.324211 0.000000
vt 0.319845 0.312747 0.000000
vt 0.319499 0.312728 0.000000
vt 0.319760 0.301270 0.000000
vt 0.319412 0.301250 0.000000
vt 0.319621 0.289793 0.000000
vt 0.319273 0.289773 0.000000
vt 0.319497 0.278317 0.000000
vt 0.319149 0.278296 0.000000
vt 0.319372 0.266841 0.000000
vt 0.319025 0.266819 0.000000
vt 0.319264 0.255365 0.000000
vt 0.318917 0.255340 0.000000
vt 0.319857 0.243932 0.000000
vt 0.319510 0.243904 0.000000
vt 0.318975 0.289863 0.000000
vt 0.318821 0.301310 0.000000
vt 0.319242 0.312784 0.000000
vt 0.320205 0.324272 0.000000
vt 0.320184 0.312775 0.000000
vt 0.320104 0.301295 0.000000
vt 0.319967 0.289819 0.000000
vt 0.319843 0.278341 0.000000
vt 0.319719 0.266865 0.000000
vt 0.319611 0.255389 0.000000
vt 0.320205 0.243959 0.000000
vt 0.258700 0.444467 0.000000
vt 0.258699 0.444815 0.000000
vt 0.266305 0.444828 0.000000
vt 0.266305 0.444480 0.000000
vt 0.273911 0.444833 0.000000
vt 0.273910 0.444485 0.000000
vt 0.281517 0.444816 0.000000
vt 0.281515 0.444467 0.000000
vt 0.258699 0.445164 0.000000
vt 0.266305 0.445176 0.000000
vt 0.273912 0.445181 0.000000
vt 0.281518 0.445164 0.000000
vt 0.010000 0.419879 0.000000
vt 0.010348 0.419879 0.000000
vt 0.010348 0.408455 0.000000
vt 0.010000 0.408455 0.000000
vt 0.010348 0.397002 0.000000
vt 0.010000 0.397002 0.000000
vt 0.010348 0.385550 0.000000
vt 0.010000 0.385550 0.000000
vt 0.010348 0.374097 0.000000
vt 0.010000 0.374097 0.000000
vt 0.010348 0.362644 0.000000
vt 0.010000 0.362644 0.000000
vt 0.010348 0.351192 0.000000
vt 0.010000 0.351192 0.000000
vt 0.010348 0.339739 0.000000
vt 0.010000 0.339739 0.000000
vt 0.010348 0.328286 0.000000
vt 0.010000 0.328286 0.000000
vt 0.010348 0.316834 0.000000
vt 0.010000 0.316834 0.000000
vt 0.010348 0.305410 0.000000
vt 0.010000 0.305410 0.000000
vt 0.010696 0.419879 0.000000
vt 0.010696 0.408455 0.000000
vt 0.010696 0.397002 0.000000
vt 0.010696 0.385550 0.000000
vt 0.010696 0.374097 0.000000
vt 0.010696 0.362644 0.000000
vt 0.010696 0.351192 0.000000
vt 0.010696 0.339739 0.000000
vt 0.010696 0.328286 0.000000
vt 0.010696 0.316834 0.000000
vt 0.010696 0.305410 0.000000
vt 0.726680 0.298635 0.000000
vt 0.726332 0.298634 0.000000
vt 0.726322 0.306241 0.000000
vt 0.726670 0.306241 0.000000
vt 0.726326 0.313847 0.000000
vt 0.726674 0.313847 0.000000
vt 0.726332 0.321454 0.000000
vt 0.726680 0.321455 0.000000
vt 0.725983 0.298633 0.000000
vt 0.725974 0.306241 0.000000
vt 0.725978 0.313848 0.000000
vt 0.725984 0.321454 0.000000
vt 0.267970 0.671773 0.000000
vt 0.275576 0.671773 0.000000
vt 0.275576 0.660337 0.000000
vt 0.267970 0.660337 0.000000
vt 0.275576 0.648890 0.000000
vt 0.267970 0.648890 0.000000
vt 0.275576 0.637443 0.000000
vt 0.267970 0.637443 0.000000
vt 0.275576 0.625996 0.000000
vt 0.267970 0.625996 0.000000
vt 0.275576 0.614550 0.000000
vt 0.267970 0.614550 0.000000
vt 0.275576 0.603103 0.000000
vt 0.267970 0.603103 0.000000
vt 0.275576 0.591656 0.000000
vt 0.267970 0.591656 0.000000
vt 0.275576 0.580209 0.000000
vt 0.267970 0.580209 0.000000
vt 0.275576 0.568762 0.000000
vt 0.267970 0.568762 0.000000
vt 0.275576 0.557327 0.000000
vt 0.267970 0.557327 0.000000
vt 0.283183 0.671773 0.000000
vt 0.283183 0.660337 0.000000
vt 0.283183 0.648890 0.000000
vt 0.283183 0.637443 0.000000
vt 0.283183 0.625996 0.000000
vt 0.283183 0.614550 0.000000
vt 0.283183 0.603103 0.000000
vt 0.283183 0.591656 0.000000
vt 0.283183 0.580209 0.000000
vt 0.283183 0.568762 0.000000
vt 0.283183 0.557327 0.000000
vt 0.290789 0.671773 0.000000
vt 0.290789 0.660337 0.000000
vt 0.290789 0.648890 0.000000
vt 0.290789 0.637443 0.000000
vt 0.290789 0.625996 0.000000
vt 0.290789 0.614550 0.000000
vt 0.290789 0.603103 0.000000
vt 0.290789 0.591656 0.000000
vt 0.290789 0.580209 0.000000
vt 0.290789 0.568762 0.000000
vt 0.290789 0.557327 0.000000
vt 0.221173 0.601027 0.000000
vt 0.221185 0.593428 0.000000
vt 0.209749 0.593394 0.000000
vt 0.209745 0.600998 0.000000
vt 0.198307 0.593395 0.000000
vt 0.198295 0.601001 0.000000
vt 0.186862 0.593399 0.000000
vt 0.186848 0.601006 0.000000
vt 0.175417 0.593407 0.000000
vt 0.175401 0.601013 0.000000
vt 0.163970 0.593415 0.000000
vt 0.163954 0.601022 0.000000
vt 0.152523 0.593424 0.000000
vt 0.152505 0.601031 0.000000
vt 0.141076 0.593432 0.000000
vt 0.141055 0.601040 0.000000
vt 0.129631 0.593438 0.000000
vt 0.129602 0.601048 0.000000
vt 0.118187 0.593437 0.000000
vt 0.118141 0.601046 0.000000
vt 0.106749 0.593393 0.000000
vt 0.106705 0.600998 0.000000
vt 0.221215 0.585831 0.000000
vt 0.209778 0.585787 0.000000
vt 0.198335 0.585786 0.000000
vt 0.186888 0.585793 0.000000
vt 0.175442 0.585801 0.000000
vt 0.163996 0.585810 0.000000
vt 0.152549 0.585818 0.000000
vt 0.141103 0.585826 0.000000
vt 0.129658 0.585830 0.000000
vt 0.118216 0.585831 0.000000
vt 0.106780 0.585797 0.000000
vt 0.221260 0.578227 0.000000
vt 0.209823 0.578178 0.000000
vt 0.198364 0.578176 0.000000
vt 0.186910 0.578184 0.000000
vt 0.175460 0.578194 0.000000
vt 0.164011 0.578203 0.000000
vt 0.152564 0.578212 0.000000
vt 0.141117 0.578219 0.000000
vt 0.129670 0.578224 0.000000
vt 0.118221 0.578227 0.000000
vt 0.106793 0.578198 0.000000
vt 0.408453 0.284536 0.000000
vt 0.408105 0.284536 0.000000
vt 0.408105 0.295960 0.000000
vt 0.408453 0.295960 0.000000
vt 0.408105 0.307413 0.000000
vt 0.408453 0.307413 0.000000
vt 0.408105 0.318866 0.000000
vt 0.408453 0.318866 0.000000
vt 0.408105 0.330319 0.000000
vt 0.408453 0.330319 0.000000
vt 0.408105 0.341771 0.000000
vt 0.408453 0.341771 0.000000
vt 0.408105 0.353224 0.000000
vt 0.408453 0.353224 0.000000
vt 0.408105 0.364677 0.000000
vt 0.408453 0.364677 0.000000
vt 0.408105 0.376130 0.000000
vt 0.408453 0.376130 0.000000
vt 0.408105 0.387582 0.000000
vt 0.408453 0.387582 0.000000
vt 0.408105 0.399006 0.000000
vt 0.408453 0.399006 0.000000
vt 0.407757 0.284536 0.000000
vt 0.407757 0.295960 0.000000
vt 0.407757 0.307413 0.000000
vt 0.407757 0.318866 0.000000
vt 0.407757 0.330319 0.000000
vt 0.407757 0.341771 0.000000
vt 0.407757 0.353224 0.000000
vt 0.407757 0.364677 0.000000
vt 0.407757 0.376130 0.000000
vt 0.407757 0.387582 0.000000
vt 0.407757 0.399006 0.000000
vt 0.306834 0.292736 0.000000
vt 0.306833 0.292387 0.000000
vt 0.299226 0.292412 0.000000
vt 0.299226 0.292760 0.000000
vt 0.291619 0.292417 0.000000
vt 0.291618 0.292765 0.000000
vt 0.284013 0.292387 0.000000
vt 0.284011 0.292736 0.000000
vt 0.306832 0.292039 0.000000
vt 0.299226 0.292063 0.000000
vt 0.291621 0.292069 0.000000
vt 0.284015 0.292039 0.000000
vt 0.134991 0.428422 0.000000
vt 0.135339 0.428422 0.000000
vt 0.135339 0.416998 0.000000
vt 0.134991 0.416998 0.000000
vt 0.135339 0.405546 0.000000
vt 0.134991 0.405546 0.000000
vt 0.135339 0.394093 0.000000
vt 0.134991 0.394093 0.000000
vt 0.135339 0.382640 0.000000
vt 0.134991 0.382640 0.000000
vt 0.135339 0.371188 0.000000
vt 0.134991 0.371188 0.000000
vt 0.135339 0.359735 0.000000
vt 0.134991 0.359735 0.000000
vt 0.135339 0.348282 0.000000
vt 0.134991 0.348282 0.000000
vt 0.135339 0.336829 0.000000
vt 0.134991 0.336829 0.000000
vt 0.135339 0.325377 0.000000
vt 0.134991 0.325377 0.000000
vt 0.135339 0.313953 0.000000
vt 0.134991 0.313953 0.000000
vt 0.135686 0.428422 0.000000
vt 0.135686 0.416998 0.000000
vt 0.135686 0.405546 0.000000
vt 0.135686 0.394093 0.000000
vt 0.135686 0.382640 0.000000
vt 0.135686 0.371188 0.000000
vt 0.135686 0.359735 0.000000
vt 0.135686 0.348282 0.000000
vt 0.135686 0.336829 0.000000
vt 0.135686 0.325377 0.000000
vt 0.135686 0.313953 0.000000
vt 0.217157 0.259980 0.000000
vt 0.217158 0.260328 0.000000
vt 0.224765 0.260306 0.000000
vt 0.224765 0.259958 0.000000
vt 0.232371 0.260297 0.000000
vt 0.232373 0.259949 0.000000
vt 0.239978 0.260328 0.000000
vt 0.239979 0.259980 0.000000
vt 0.217159 0.260677 0.000000
vt 0.224766 0.260655 0.000000
vt 0.232370 0.260645 0.000000
vt 0.239976 0.260677 0.000000
vt 0.450029 0.875533 0.000000
vt 0.442430 0.875518 0.000000
vt 0.442393 0.886955 0.000000
vt 0.449997 0.886962 0.000000
vt 0.442390 0.898397 0.000000
vt 0.449996 0.898411 0.000000
vt 0.442392 0.909841 0.000000
vt 0.449998 0.909857 0.000000
vt 0.442396 0.921288 0.000000
vt 0.450003 0.921304 0.000000
vt 0.442402 0.932734 0.000000
vt 0.450009 0.932752 0.000000
vt 0.442409 0.944180 0.000000
vt 0.450016 0.944200 0.000000
vt 0.442415 0.955627 0.000000
vt 0.450023 0.955650 0.000000
vt 0.442419 0.967073 0.000000
vt 0.450029 0.967103 0.000000
vt 0.442416 0.978517 0.000000
vt 0.450025 0.978564 0.000000
vt 0.442371 0.989955 0.000000
vt 0.449975 0.990000 0.000000
vt 0.434834 0.875486 0.000000
vt 0.434786 0.886923 0.000000
vt 0.434782 0.898368 0.000000
vt 0.434785 0.909813 0.000000
vt 0.434791 0.921260 0.000000
vt 0.434797 0.932707 0.000000
vt 0.434803 0.944154 0.000000
vt 0.434808 0.955599 0.000000
vt 0.434811 0.967045 0.000000
vt 0.434810 0.978487 0.000000
vt 0.434774 0.989922 0.000000
vt 0.427229 0.875439 0.000000
vt 0.427177 0.886875 0.000000
vt 0.427172 0.898336 0.000000
vt 0.427177 0.909790 0.000000
vt 0.427183 0.921240 0.000000
vt 0.427190 0.932689 0.000000
vt 0.427196 0.944137 0.000000
vt 0.427202 0.955584 0.000000
vt 0.427205 0.967031 0.000000
vt 0.427206 0.978481 0.000000
vt 0.427175 0.989909 0.000000
vt 0.428421 0.864314 0.000000
vt 0.436027 0.864314 0.000000
vt 0.436027 0.852878 0.000000
vt 0.428421 0.852878 0.000000
vt 0.436027 0.841431 0.000000
vt 0.428421 0.841431 0.000000
vt 0.436027 0.829984 0.000000
vt 0.428421 0.829984 0.000000
vt 0.436027 0.818538 0.000000
vt 0.428421 0.818538 0.000000
vt 0.436027 0.807091 0.000000
vt 0.428421 0.807091 0.000000
vt 0.436027 0.795644 0.000000
vt 0.428421 0.795644 0.000000
vt 0.436027 0.784197 0.000000
vt 0.428421 0.784197 0.000000
vt 0.436027 0.772750 0.000000
vt 0.428421 0.772750 0.000000
vt 0.436027 0.761303 0.000000
vt 0.428421 0.761303 0.000000
vt 0.436027 0.749868 0.000000
vt 0.428421 0.749868 0.000000
vt 0.443633 0.864314 0.000000
vt 0.443633 0.852878 0.000000
vt 0.443633 0.841431 0.000000
vt 0.443633 0.829984 0.000000
vt 0.443633 0.818538 0.000000
vt 0.443633 0.807091 0.000000
vt 0.443633 0.795644 0.000000
vt 0.443633 0.784197 0.000000
vt 0.443633 0.772750 0.000000
vt 0.443633 0.761303 0.000000
vt 0.443633 0.749868 0.000000
vt 0.451240 0.864314 0.000000
vt 0.451240 0.852878 0.000000
vt 0.451240 0.841431 0.000000
vt 0.451240 0.829984 0.000000
vt 0.451240 0.818538 0.000000
vt 0.451240 0.807091 0.000000
vt 0.451240 0.795644 0.000000
vt 0.451240 0.784197 0.000000
vt 0.451240 0.772750 0.000000
vt 0.451240 0.761303 0.000000
vt 0.451240 0.749868 0.000000
vt 0.399594 0.274684 0.000000
vt 0.399597 0.274336 0.000000
vt 0.388140 0.274517 0.000000
vt 0.388131 0.274865 0.000000
vt 0.376665 0.275065 0.000000
vt 0.376648 0.275413 0.000000
vt 0.365183 0.275347 0.000000
vt 0.365156 0.275694 0.000000
vt 0.353696 0.275351 0.000000
vt 0.353657 0.275697 0.000000
vt 0.342207 0.275028 0.000000
vt 0.342113 0.275364 0.000000
vt 0.330921 0.272833 0.000000
vt 0.330902 0.272484 0.000000
vt 0.342302 0.271206 0.000000
vt 0.342319 0.270859 0.000000
vt 0.353790 0.270992 0.000000
vt 0.353832 0.270646 0.000000
vt 0.365264 0.271538 0.000000
vt 0.365317 0.271193 0.000000
vt 0.376619 0.273061 0.000000
vt 0.376674 0.272716 0.000000
vt 0.399597 0.273987 0.000000
vt 0.388147 0.274168 0.000000
vt 0.376681 0.274716 0.000000
vt 0.365205 0.274998 0.000000
vt 0.353727 0.275003 0.000000
vt 0.342277 0.274684 0.000000
vt 0.330932 0.273182 0.000000
vt 0.342286 0.271551 0.000000
vt 0.353749 0.271338 0.000000
vt 0.365212 0.271882 0.000000
vt 0.376565 0.273405 0.000000
vt 0.739327 0.947211 0.000000
vt 0.739676 0.947212 0.000000
vt 0.739703 0.939606 0.000000
vt 0.739355 0.939606 0.000000
vt 0.739702 0.931999 0.000000
vt 0.739353 0.932000 0.000000
vt 0.739676 0.924393 0.000000
vt 0.739327 0.924394 0.000000
vt 0.740024 0.947213 0.000000
vt 0.740051 0.939606 0.000000
vt 0.740050 0.931998 0.000000
vt 0.740024 0.924392 0.000000
vt 0.012674 0.431096 0.000000
vt 0.012326 0.431096 0.000000
vt 0.012326 0.442520 0.000000
vt 0.012674 0.442520 0.000000
vt 0.012326 0.453973 0.000000
vt 0.012674 0.453973 0.000000
vt 0.012326 0.465426 0.000000
vt 0.012674 0.465426 0.000000
vt 0.012326 0.476879 0.000000
vt 0.012674 0.476879 0.000000
vt 0.012326 0.488331 0.000000
vt 0.012674 0.488331 0.000000
vt 0.012326 0.499784 0.000000
vt 0.012674 0.499784 0.000000
vt 0.012326 0.511237 0.000000
vt 0.012674 0.511237 0.000000
vt 0.012326 0.522690 0.000000
vt 0.012674 0.522690 0.000000
vt 0.012326 0.534143 0.000000
vt 0.012674 0.534143 0.000000
vt 0.012326 0.545567 0.000000
vt 0.012674 0.545567 0.000000
vt 0.011978 0.431096 0.000000
vt 0.011978 0.442520 0.000000
vt 0.011978 0.453973 0.000000
vt 0.011978 0.465426 0.000000
vt 0.011978 0.476879 0.000000
vt 0.011978 0.488331 0.000000
vt 0.011978 0.499784 0.000000
vt 0.011978 0.511237 0.000000
vt 0.011978 0.522690 0.000000
vt 0.011978 0.534143 0.000000
vt 0.011978 0.545567 0.000000
vt 0.740044 0.755920 0.000000
vt 0.739696 0.755920 0.000000
vt 0.739703 0.763526 0.000000
vt 0.740051 0.763526 0.000000
vt 0.739701 0.771132 0.000000
vt 0.740049 0.771132 0.000000
vt 0.739696 0.778739 0.000000
vt 0.740044 0.778740 0.000000
vt 0.739348 0.755921 0.000000
vt 0.739355 0.763526 0.000000
vt 0.739352 0.771132 0.000000
vt 0.739348 0.778739 0.000000
vt 0.106791 0.544622 0.000000
vt 0.106777 0.552221 0.000000
vt 0.118213 0.552258 0.000000
vt 0.118220 0.544653 0.000000
vt 0.129655 0.552259 0.000000
vt 0.129669 0.544653 0.000000
vt 0.141100 0.552257 0.000000
vt 0.141115 0.544650 0.000000
vt 0.152546 0.552252 0.000000
vt 0.152563 0.544645 0.000000
vt 0.163993 0.552246 0.000000
vt 0.164010 0.544639 0.000000
vt 0.175439 0.552240 0.000000
vt 0.175459 0.544633 0.000000
vt 0.186886 0.552235 0.000000
vt 0.186909 0.544627 0.000000
vt 0.198332 0.552232 0.000000
vt 0.198363 0.544622 0.000000
vt 0.209775 0.552237 0.000000
vt 0.209824 0.544628 0.000000
vt 0.221212 0.552284 0.000000
vt 0.221260 0.544680 0.000000
vt 0.106745 0.559818 0.000000
vt 0.118182 0.559864 0.000000
vt 0.129625 0.559867 0.000000
vt 0.141071 0.559863 0.000000
vt 0.152518 0.559857 0.000000
vt 0.163965 0.559851 0.000000
vt 0.175411 0.559846 0.000000
vt 0.186857 0.559841 0.000000
vt 0.198301 0.559840 0.000000
vt 0.209745 0.559843 0.000000
vt 0.221180 0.559881 0.000000
vt 0.106698 0.567422 0.000000
vt 0.118136 0.567473 0.000000
vt 0.129595 0.567477 0.000000
vt 0.141049 0.567471 0.000000
vt 0.152499 0.567464 0.000000
vt 0.163947 0.567458 0.000000
vt 0.175395 0.567452 0.000000
vt 0.186842 0.567448 0.000000
vt 0.198289 0.567446 0.000000
vt 0.209737 0.567447 0.000000
vt 0.221165 0.567480 0.000000
vt 0.520768 0.738627 0.000000
vt 0.520768 0.731021 0.000000
vt 0.509333 0.731021 0.000000
vt 0.509333 0.738627 0.000000
vt 0.497886 0.731021 0.000000
vt 0.497886 0.738627 0.000000
vt 0.486439 0.731021 0.000000
vt 0.486439 0.738627 0.000000
vt 0.474992 0.731021 0.000000
vt 0.474992 0.738627 0.000000
vt 0.463545 0.731021 0.000000
vt 0.463545 0.738627 0.000000
vt 0.452098 0.731021 0.000000
vt 0.452098 0.738627 0.000000
vt 0.440651 0.731021 0.000000
vt 0.440651 0.738627 0.000000
vt 0.429204 0.731021 0.000000
vt 0.429204 0.738627 0.000000
vt 0.417757 0.731021 0.000000
vt 0.417757 0.738627 0.000000
vt 0.406322 0.731021 0.000000
vt 0.406322 0.738627 0.000000
vt 0.520768 0.723414 0.000000
vt 0.509333 0.723414 0.000000
vt 0.497886 0.723414 0.000000
vt 0.486439 0.723414 0.000000
vt 0.474992 0.723414 0.000000
vt 0.463545 0.723414 0.000000
vt 0.452098 0.723414 0.000000
vt 0.440651 0.723414 0.000000
vt 0.429204 0.723414 0.000000
vt 0.417757 0.723414 0.000000
vt 0.406322 0.723414 0.000000
vt 0.520768 0.715808 0.000000
vt 0.509333 0.715808 0.000000
vt 0.497886 0.715808 0.000000
vt 0.486439 0.715808 0.000000
vt 0.474992 0.715808 0.000000
vt 0.463545 0.715808 0.000000
vt 0.452098 0.715808 0.000000
vt 0.440651 0.715808 0.000000
vt 0.429204 0.715808 0.000000
vt 0.417757 0.715808 0.000000
vt 0.406322 0.715808 0.000000
vt 0.395082 0.401160 0.000000
vt 0.395430 0.401160 0.000000
vt 0.395430 0.389736 0.000000
vt 0.395082 0.389736 0.000000
vt 0.395430 0.378283 0.000000
vt 0.395082 0.378283 0.000000
vt 0.395430 0.366831 0.000000
vt 0.395082 0.366831 0.000000
vt 0.395430 0.355378 0.000000
vt 0.395082 0.355378 0.000000
vt 0.395430 0.343925 0.000000
vt 0.395082 0.343925 0.000000
vt 0.395430 0.332473 0.000000
vt 0.395082 0.332473 0.000000
vt 0.395430 0.321020 0.000000
vt 0.395082 0.321020 0.000000
vt 0.395430 0.309567 0.000000
vt 0.395082 0.309567 0.000000
vt 0.395430 0.298115 0.000000
vt 0.395082 0.298115 0.000000
vt 0.395430 0.286691 0.000000
vt 0.395082 0.286691 0.000000
vt 0.395778 0.401160 0.000000
vt 0.395778 0.389736 0.000000
vt 0.395778 0.378283 0.000000
vt 0.395778 0.366831 0.000000
vt 0.395778 0.355378 0.000000
vt 0.395778 0.343925 0.000000
vt 0.395778 0.332473 0.000000
vt 0.395778 0.321020 0.000000
vt 0.395778 0.309567 0.000000
vt 0.395778 0.298115 0.000000
vt 0.395778 0.286691 0.000000
vt 0.308811 0.281342 0.000000
vt 0.309159 0.281342 0.000000
vt 0.309156 0.273735 0.000000
vt 0.308808 0.273735 0.000000
vt 0.309160 0.266129 0.000000
vt 0.308811 0.266129 0.000000
vt 0.309159 0.258524 0.000000
vt 0.308810 0.258525 0.000000
vt 0.309508 0.281341 0.000000
vt 0.309505 0.273735 0.000000
vt 0.309508 0.266129 0.000000
vt 0.309507 0.258524 0.000000
vt 0.723066 0.777979 0.000000
vt 0.723413 0.778002 0.000000
vt 0.723930 0.766570 0.000000
vt 0.723583 0.766547 0.000000
vt 0.723849 0.755100 0.000000
vt 0.723502 0.755077 0.000000
vt 0.723693 0.743629 0.000000
vt 0.723346 0.743608 0.000000
vt 0.723514 0.732159 0.000000
vt 0.723168 0.732134 0.000000
vt 0.723410 0.720689 0.000000
vt 0.723066 0.720635 0.000000
vt 0.724226 0.709239 0.000000
vt 0.724573 0.709211 0.000000
vt 0.726045 0.720571 0.000000
vt 0.726393 0.720558 0.000000
vt 0.727243 0.731980 0.000000
vt 0.727591 0.731972 0.000000
vt 0.728368 0.743396 0.000000
vt 0.728716 0.743384 0.000000
vt 0.729006 0.754822 0.000000
vt 0.729354 0.754811 0.000000
vt 0.723760 0.778022 0.000000
vt 0.724278 0.766591 0.000000
vt 0.724198 0.755117 0.000000
vt 0.724042 0.743645 0.000000
vt 0.723864 0.732176 0.000000
vt 0.723760 0.720712 0.000000
vt 0.723880 0.709260 0.000000
vt 0.725699 0.720582 0.000000
vt 0.726896 0.731989 0.000000
vt 0.728020 0.743409 0.000000
vt 0.728658 0.754835 0.000000
vt 0.205214 0.260668 0.000000
vt 0.205215 0.260320 0.000000
vt 0.197609 0.260297 0.000000
vt 0.197609 0.260645 0.000000
vt 0.190002 0.260301 0.000000
vt 0.190003 0.260649 0.000000
vt 0.182396 0.260320 0.000000
vt 0.182397 0.260668 0.000000
vt 0.205215 0.259972 0.000000
vt 0.197608 0.259949 0.000000
vt 0.190002 0.259953 0.000000
vt 0.182396 0.259972 0.000000
vt 0.461936 0.990000 0.000000
vt 0.469543 0.990000 0.000000
vt 0.469543 0.978565 0.000000
vt 0.461936 0.978565 0.000000
vt 0.469543 0.967118 0.000000
vt 0.461936 0.967118 0.000000
vt 0.469543 0.955671 0.000000
vt 0.461936 0.955671 0.000000
vt 0.469543 0.944224 0.000000
vt 0.461936 0.944224 0.000000
vt 0.469543 0.932777 0.000000
vt 0.461936 0.932777 0.000000
vt 0.469543 0.921330 0.000000
vt 0.461936 0.921330 0.000000
vt 0.469543 0.909883 0.000000
vt 0.461936 0.909883 0.000000
vt 0.469543 0.898436 0.000000
vt 0.461936 0.898436 0.000000
vt 0.469543 0.886989 0.000000
vt 0.461936 0.886989 0.000000
vt 0.469543 0.875554 0.000000
vt 0.461936 0.875554 0.000000
vt 0.477149 0.990000 0.000000
vt 0.477149 0.978565 0.000000
vt 0.477149 0.967118 0.000000
vt 0.477149 0.955671 0.000000
vt 0.477149 0.944224 0.000000
vt 0.477149 0.932777 0.000000
vt 0.477149 0.921330 0.000000
vt 0.477149 0.909883 0.000000
vt 0.477149 0.898436 0.000000
vt 0.477149 0.886989 0.000000
vt 0.477149 0.875554 0.000000
vt 0.484755 0.990000 0.000000
vt 0.484755 0.978565 0.000000
vt 0.484755 0.967118 0.000000
vt 0.484755 0.955671 0.000000
vt 0.484755 0.944224 0.000000
vt 0.484755 0.932777 0.000000
vt 0.484755 0.921330 0.000000
vt 0.484755 0.909883 0.000000
vt 0.484755 0.898436 0.000000
vt 0.484755 0.886989 0.000000
vt 0.484755 0.875554 0.000000
vt 0.463185 0.863770 0.000000
vt 0.470791 0.863770 0.000000
vt 0.470791 0.852335 0.000000
vt 0.463185 0.852335 0.000000
vt 0.470791 0.840888 0.000000
vt 0.463185 0.840888 0.000000
vt 0.470791 0.829441 0.000000
vt 0.463185 0.829441 0.000000
vt 0.470791 0.817994 0.000000
vt 0.463185 0.817994 0.000000
vt 0.470791 0.806547 0.000000
vt 0.463185 0.806547 0.000000
vt 0.470791 0.795100 0.000000
vt 0.463185 0.795100 0.000000
vt 0.470791 0.783653 0.000000
vt 0.463185 0.783653 0.000000
vt 0.470791 0.772206 0.000000
vt 0.463185 0.772206 0.000000
vt 0.470791 0.760759 0.000000
vt 0.463185 0.760759 0.000000
vt 0.470791 0.749324 0.000000
vt 0.463185 0.749324 0.000000
vt 0.478398 0.863770 0.000000
vt 0.478398 0.852335 0.000000
vt 0.478398 0.840888 0.000000
vt 0.478398 0.829441 0.000000
vt 0.478398 0.817994 0.000000
vt 0.478398 0.806547 0.000000
vt 0.478398 0.795100 0.000000
vt 0.478398 0.783653 0.000000
vt 0.478398 0.772206 0.000000
vt 0.478398 0.760759 0.000000
vt 0.478398 0.749324 0.000000
vt 0.486004 0.863770 0.000000
vt 0.486004 0.852335 0.000000
vt 0.486004 0.840888 0.000000
vt 0.486004 0.829441 0.000000
vt 0.486004 0.817994 0.000000
vt 0.486004 0.806547 0.000000
vt 0.486004 0.795100 0.000000
vt 0.486004 0.783653 0.000000
vt 0.486004 0.772206 0.000000
vt 0.486004 0.760759 0.000000
vt 0.486004 0.749324 0.000000
vt 0.221260 0.509344 0.000000
vt 0.221260 0.508996 0.000000
vt 0.209828 0.508996 0.000000
vt 0.209828 0.509344 0.000000
vt 0.198377 0.508996 0.000000
vt 0.198377 0.509344 0.000000
vt 0.186925 0.508996 0.000000
vt 0.186925 0.509344 0.000000
vt 0.175474 0.508996 0.000000
vt 0.175474 0.509344 0.000000
vt 0.164023 0.508996 0.000000
vt 0.164023 0.509344 0.000000
vt 0.152572 0.508996 0.000000
vt 0.152572 0.509344 0.000000
vt 0.141121 0.508996 0.000000
vt 0.141121 0.509344 0.000000
vt 0.129670 0.508996 0.000000
vt 0.129670 0.509344 0.000000
vt 0.118218 0.508996 0.000000
vt 0.118218 0.509344 0.000000
vt 0.106786 0.508996 0.000000
vt 0.106786 0.509344 0.000000
vt 0.221260 0.508648 0.000000
vt 0.209828 0.508648 0.000000
vt 0.198377 0.508648 0.000000
vt 0.186925 0.508648 0.000000
vt 0.175474 0.508648 0.000000
vt 0.164023 0.508648 0.000000
vt 0.152572 0.508648 0.000000
vt 0.141121 0.508648 0.000000
vt 0.129670 0.508648 0.000000
vt 0.118218 0.508648 0.000000
vt 0.106786 0.508648 0.000000
vt 0.330914 0.314863 0.000000
vt 0.331263 0.314863 0.000000
vt 0.331256 0.307256 0.000000
vt 0.330907 0.307256 0.000000
vt 0.331250 0.299649 0.000000
vt 0.330902 0.299649 0.000000
vt 0.331263 0.292041 0.000000
vt 0.330914 0.292039 0.000000
vt 0.331611 0.314863 0.000000
vt 0.331604 0.307256 0.000000
vt 0.331598 0.299649 0.000000
vt 0.331611 0.292044 0.000000
vt 0.562860 0.428422 0.000000
vt 0.563207 0.428422 0.000000
vt 0.563207 0.416998 0.000000
vt 0.562860 0.416998 0.000000
vt 0.563207 0.405546 0.000000
vt 0.562860 0.405546 0.000000
vt 0.563207 0.394093 0.000000
vt 0.562860 0.394093 0.000000
vt 0.563207 0.382640 0.000000
vt 0.562860 0.382640 0.000000
vt 0.563207 0.371187 0.000000
vt 0.562860 0.371187 0.000000
vt 0.563207 0.359735 0.000000
vt 0.562860 0.359735 0.000000
vt 0.563207 0.348282 0.000000
vt 0.562860 0.348282 0.000000
vt 0.563207 0.336829 0.000000
vt 0.562860 0.336829 0.000000
vt 0.563207 0.325377 0.000000
vt 0.562860 0.325377 0.000000
vt 0.563207 0.313953 0.000000
vt 0.562860 0.313953 0.000000
vt 0.563555 0.428422 0.000000
vt 0.563555 0.416998 0.000000
vt 0.563555 0.405546 0.000000
vt 0.563555 0.394093 0.000000
vt 0.563555 0.382640 0.000000
vt 0.563555 0.371187 0.000000
vt 0.563555 0.359735 0.000000
vt 0.563555 0.348282 0.000000
vt 0.563555 0.336829 0.000000
vt 0.563555 0.325377 0.000000
vt 0.563555 0.313953 0.000000
vt 0.010697 0.270646 0.000000
vt 0.010348 0.270646 0.000000
vt 0.010351 0.278253 0.000000
vt 0.010699 0.278253 0.000000
vt 0.010354 0.285857 0.000000
vt 0.010702 0.285860 0.000000
vt 0.010348 0.293465 0.000000
vt 0.010697 0.293465 0.000000
vt 0.010000 0.270646 0.000000
vt 0.010003 0.278253 0.000000
vt 0.010005 0.285857 0.000000
vt 0.010000 0.293465 0.000000
vt 0.496701 0.990000 0.000000
vt 0.504307 0.990000 0.000000
vt 0.504307 0.978565 0.000000
vt 0.496701 0.978565 0.000000
vt 0.504307 0.967118 0.000000
vt 0.496701 0.967118 0.000000
vt 0.504307 0.955671 0.000000
vt 0.496701 0.955671 0.000000
vt 0.504307 0.944224 0.000000
vt 0.496701 0.944224 0.000000
vt 0.504307 0.932777 0.000000
vt 0.496701 0.932777 0.000000
vt 0.504307 0.921330 0.000000
vt 0.496701 0.921330 0.000000
vt 0.504307 0.909883 0.000000
vt 0.496701 0.909883 0.000000
vt 0.504307 0.898436 0.000000
vt 0.496701 0.898436 0.000000
vt 0.504307 0.886989 0.000000
vt 0.496701 0.886989 0.000000
vt 0.504307 0.875554 0.000000
vt 0.496701 0.875554 0.000000
vt 0.511913 0.990000 0.000000
vt 0.511913 0.978565 0.000000
vt 0.511913 0.967118 0.000000
vt 0.511913 0.955671 0.000000
vt 0.511913 0.944224 0.000000
vt 0.511913 0.932777 0.000000
vt 0.511913 0.921330 0.000000
vt 0.511913 0.909883 0.000000
vt 0.511913 0.898436 0.000000
vt 0.511913 0.886989 0.000000
vt 0.511913 0.875554 0.000000
vt 0.519520 0.990000 0.000000
vt 0.519520 0.978565 0.000000
vt 0.519520 0.967118 0.000000
vt 0.519520 0.955671 0.000000
vt 0.519520 0.944224 0.000000
vt 0.519520 0.932777 0.000000
vt 0.519520 0.921330 0.000000
vt 0.519520 0.909883 0.000000
vt 0.519520 0.898436 0.000000
vt 0.519520 0.886989 0.000000
vt 0.519520 0.875554 0.000000
vt 0.221260 0.532157 0.000000
vt 0.221260 0.524552 0.000000
vt 0.209828 0.524552 0.000000
vt 0.209828 0.532157 0.000000
vt 0.198377 0.524552 0.000000
vt 0.198377 0.532157 0.000000
vt 0.186925 0.524552 0.000000
vt 0.186925 0.532157 0.000000
vt 0.175474 0.524552 0.000000
vt 0.175474 0.532157 0.000000
vt 0.164023 0.524552 0.000000
vt 0.164023 0.532157 0.000000
vt 0.152572 0.524552 0.000000
vt 0.152572 0.532157 0.000000
vt 0.141121 0.524552 0.000000
vt 0.141121 0.532157 0.000000
vt 0.129670 0.524552 0.000000
vt 0.129670 0.532157 0.000000
vt 0.118218 0.524552 0.000000
vt 0.118218 0.532157 0.000000
vt 0.106786 0.524552 0.000000
vt 0.106786 0.532157 0.000000
vt 0.221260 0.516948 0.000000
vt 0.209828 0.516948 0.000000
vt 0.198377 0.516948 0.000000
vt 0.186925 0.516948 0.000000
vt 0.175474 0.516948 0.000000
vt 0.164023 0.516948 0.000000
vt 0.152572 0.516948 0.000000
vt 0.141121 0.516948 0.000000
vt 0.129670 0.516948 0.000000
vt 0.118218 0.516948 0.000000
vt 0.106786 0.516948 0.000000
vt 0.383689 0.401160 0.000000
vt 0.384037 0.401160 0.000000
vt 0.384037 0.389736 0.000000
vt 0.383689 0.389736 0.000000
vt 0.384037 0.378283 0.000000
vt 0.383689 0.378283 0.000000
vt 0.384037 0.366831 0.000000
vt 0.383689 0.366831 0.000000
vt 0.384037 0.355378 0.000000
vt 0.383689 0.355378 0.000000
vt 0.384037 0.343925 0.000000
vt 0.383689 0.343925 0.000000
vt 0.384037 0.332473 0.000000
vt 0.383689 0.332473 0.000000
vt 0.384037 0.321020 0.000000
vt 0.383689 0.321020 0.000000
vt 0.384037 0.309567 0.000000
vt 0.383689 0.309567 0.000000
vt 0.384037 0.298115 0.000000
vt 0.383689 0.298115 0.000000
vt 0.384037 0.286691 0.000000
vt 0.383689 0.286691 0.000000
vt 0.384385 0.401160 0.000000
vt 0.384385 0.389736 0.000000
vt 0.384385 0.378283 0.000000
vt 0.384385 0.366831 0.000000
vt 0.384385 0.355378 0.000000
vt 0.384385 0.343925 0.000000
vt 0.384385 0.332473 0.000000
vt 0.384385 0.321020 0.000000
vt 0.384385 0.309567 0.000000
vt 0.384385 0.298115 0.000000
vt 0.384385 0.286691 0.000000
vt 0.563554 0.709211 0.000000
vt 0.563205 0.709211 0.000000
vt 0.563207 0.716818 0.000000
vt 0.563555 0.716818 0.000000
vt 0.563205 0.724423 0.000000
vt 0.563554 0.724423 0.000000
vt 0.563205 0.732030 0.000000
vt 0.563554 0.732028 0.000000
vt 0.562857 0.709211 0.000000
vt 0.562859 0.716818 0.000000
vt 0.562857 0.724423 0.000000
vt 0.562857 0.732030 0.000000
vt 0.499536 0.349380 0.000000
vt 0.499562 0.349032 0.000000
vt 0.488101 0.348457 0.000000
vt 0.488073 0.348805 0.000000
vt 0.476598 0.348367 0.000000
vt 0.476554 0.348712 0.000000
vt 0.465102 0.347850 0.000000
vt 0.464988 0.348176 0.000000
vt 0.453935 0.345030 0.000000
vt 0.453928 0.344678 0.000000
vt 0.465391 0.343879 0.000000
vt 0.465400 0.343531 0.000000
vt 0.476889 0.343502 0.000000
vt 0.476906 0.343154 0.000000
vt 0.488390 0.343295 0.000000
vt 0.488413 0.342946 0.000000
vt 0.499895 0.343196 0.000000
vt 0.499923 0.342848 0.000000
vt 0.511398 0.343326 0.000000
vt 0.511435 0.342979 0.000000
vt 0.522826 0.344331 0.000000
vt 0.522868 0.343984 0.000000
vt 0.499588 0.348683 0.000000
vt 0.488129 0.348109 0.000000
vt 0.476636 0.348020 0.000000
vt 0.465177 0.347508 0.000000
vt 0.453914 0.345375 0.000000
vt 0.465373 0.344220 0.000000
vt 0.476866 0.343847 0.000000
vt 0.488367 0.343641 0.000000
vt 0.499865 0.343543 0.000000
vt 0.511361 0.343673 0.000000
vt 0.522789 0.344678 0.000000
vt 0.740051 0.854865 0.000000
vt 0.739703 0.854865 0.000000
vt 0.739700 0.862472 0.000000
vt 0.740049 0.862472 0.000000
vt 0.739699 0.870077 0.000000
vt 0.740047 0.870077 0.000000
vt 0.739703 0.877684 0.000000
vt 0.740051 0.877684 0.000000
vt 0.739355 0.854865 0.000000
vt 0.739352 0.862472 0.000000
vt 0.739350 0.870077 0.000000
vt 0.739355 0.877684 0.000000
vt 0.520768 0.749324 0.000000
vt 0.513162 0.749324 0.000000
vt 0.513162 0.760759 0.000000
vt 0.520768 0.760759 0.000000
vt 0.513162 0.772206 0.000000
vt 0.520768 0.772206 0.000000
vt 0.513162 0.783653 0.000000
vt 0.520768 0.783653 0.000000
vt 0.513162 0.795100 0.000000
vt 0.520768 0.795100 0.000000
vt 0.513162 0.806547 0.000000
vt 0.520768 0.806547 0.000000
vt 0.513162 0.817994 0.000000
vt 0.520768 0.817994 0.000000
vt 0.513162 0.829441 0.000000
vt 0.520768 0.829441 0.000000
vt 0.513162 0.840888 0.000000
vt 0.520768 0.840888 0.000000
vt 0.513162 0.852335 0.000000
vt 0.520768 0.852335 0.000000
vt 0.513162 0.863770 0.000000
vt 0.520768 0.863770 0.000000
vt 0.505556 0.749324 0.000000
vt 0.505556 0.760759 0.000000
vt 0.505556 0.772206 0.000000
vt 0.505556 0.783653 0.000000
vt 0.505556 0.795100 0.000000
vt 0.505556 0.806547 0.000000
vt 0.505556 0.817994 0.000000
vt 0.505556 0.829441 0.000000
vt 0.505556 0.840888 0.000000
vt 0.505556 0.852335 0.000000
vt 0.505556 0.863770 0.000000
vt 0.497949 0.749324 0.000000
vt 0.497949 0.760759 0.000000
vt 0.497949 0.772206 0.000000
vt 0.497949 0.783653 0.000000
vt 0.497949 0.795100 0.000000
vt 0.497949 0.806547 0.000000
vt 0.497949 0.817994 0.000000
vt 0.497949 0.829441 0.000000
vt 0.497949 0.840888 0.000000
vt 0.497949 0.852335 0.000000
vt 0.497949 0.863770 0.000000
vt 0.221260 0.497951 0.000000
vt 0.221260 0.490345 0.000000
vt 0.209825 0.490345 0.000000
vt 0.209825 0.497951 0.000000
vt 0.198378 0.490345 0.000000
vt 0.198378 0.497951 0.000000
vt 0.186931 0.490344 0.000000
vt 0.186931 0.497951 0.000000
vt 0.175484 0.490344 0.000000
vt 0.175484 0.497951 0.000000
vt 0.164037 0.490344 0.000000
vt 0.164037 0.497951 0.000000
vt 0.152590 0.490344 0.000000
vt 0.152590 0.497951 0.000000
vt 0.141143 0.490344 0.000000
vt 0.141143 0.497951 0.000000
vt 0.129696 0.490344 0.000000
vt 0.129696 0.497951 0.000000
vt 0.118249 0.490344 0.000000
vt 0.118249 0.497951 0.000000
vt 0.106814 0.490344 0.000000
vt 0.106814 0.497951 0.000000
vt 0.221260 0.482738 0.000000
vt 0.209825 0.482738 0.000000
vt 0.198378 0.482738 0.000000
vt 0.186931 0.482738 0.000000
vt 0.175484 0.482738 0.000000
vt 0.164037 0.482738 0.000000
vt 0.152590 0.482738 0.000000
vt 0.141143 0.482738 0.000000
vt 0.129696 0.482738 0.000000
vt 0.118249 0.482738 0.000000
vt 0.106814 0.482738 0.000000
vt 0.221260 0.475132 0.000000
vt 0.209825 0.475132 0.000000
vt 0.198378 0.475132 0.000000
vt 0.186931 0.475132 0.000000
vt 0.175484 0.475132 0.000000
vt 0.164037 0.475132 0.000000
vt 0.152590 0.475132 0.000000
vt 0.141143 0.475132 0.000000
vt 0.129696 0.475132 0.000000
vt 0.118249 0.475132 0.000000
vt 0.106814 0.475132 0.000000
vt 0.023371 0.578176 0.000000
vt 0.023023 0.578176 0.000000
vt 0.023023 0.589600 0.000000
vt 0.023371 0.589600 0.000000
vt 0.023023 0.601053 0.000000
vt 0.023371 0.601053 0.000000
vt 0.023023 0.612506 0.000000
vt 0.023371 0.612506 0.000000
vt 0.023023 0.623959 0.000000
vt 0.023371 0.623959 0.000000
vt 0.023023 0.635412 0.000000
vt 0.023371 0.635412 0.000000
vt 0.023023 0.646864 0.000000
vt 0.023371 0.646864 0.000000
vt 0.023023 0.658317 0.000000
vt 0.023371 0.658317 0.000000
vt 0.023023 0.669770 0.000000
vt 0.023371 0.669770 0.000000
vt 0.023023 0.681223 0.000000
vt 0.023371 0.681223 0.000000
vt 0.023023 0.692647 0.000000
vt 0.023371 0.692647 0.000000
vt 0.022675 0.578176 0.000000
vt 0.022675 0.589600 0.000000
vt 0.022675 0.601053 0.000000
vt 0.022675 0.612506 0.000000
vt 0.022675 0.623959 0.000000
vt 0.022675 0.635412 0.000000
vt 0.022675 0.646864 0.000000
vt 0.022675 0.658317 0.000000
vt 0.022675 0.669770 0.000000
vt 0.022675 0.681223 0.000000
vt 0.022675 0.692647 0.000000
vt 0.293463 0.449818 0.000000
vt 0.293115 0.449818 0.000000
vt 0.293091 0.457423 0.000000
vt 0.293440 0.457423 0.000000
vt 0.293102 0.465030 0.000000
vt 0.293451 0.465030 0.000000
vt 0.293115 0.472637 0.000000
vt 0.293463 0.472634 0.000000
vt 0.292766 0.449816 0.000000
vt 0.292743 0.457425 0.000000
vt 0.292754 0.465030 0.000000
vt 0.292767 0.472637 0.000000
vt 0.022675 0.567480 0.000000
vt 0.023023 0.567480 0.000000
vt 0.023023 0.556056 0.000000
vt 0.022675 0.556056 0.000000
vt 0.023023 0.544603 0.000000
vt 0.022675 0.544603 0.000000
vt 0.023023 0.533151 0.000000
vt 0.022675 0.533151 0.000000
vt 0.023023 0.521698 0.000000
vt 0.022675 0.521698 0.000000
vt 0.023023 0.510245 0.000000
vt 0.022675 0.510245 0.000000
vt 0.023023 0.498793 0.000000
vt 0.022675 0.498793 0.000000
vt 0.023023 0.487340 0.000000
vt 0.022675 0.487340 0.000000
vt 0.023023 0.475888 0.000000
vt 0.022675 0.475888 0.000000
vt 0.023023 0.464435 0.000000
vt 0.022675 0.464435 0.000000
vt 0.023023 0.453011 0.000000
vt 0.022675 0.453011 0.000000
vt 0.023371 0.567480 0.000000
vt 0.023371 0.556056 0.000000
vt 0.023371 0.544603 0.000000
vt 0.023371 0.533151 0.000000
vt 0.023371 0.521698 0.000000
vt 0.023371 0.510245 0.000000
vt 0.023371 0.498793 0.000000
vt 0.023371 0.487340 0.000000
vt 0.023371 0.475888 0.000000
vt 0.023371 0.464435 0.000000
vt 0.023371 0.453011 0.000000
vt 0.023368 0.293288 0.000000
vt 0.023020 0.293288 0.000000
vt 0.023023 0.300895 0.000000
vt 0.023371 0.300895 0.000000
vt 0.023020 0.308500 0.000000
vt 0.023368 0.308500 0.000000
vt 0.023022 0.316107 0.000000
vt 0.023371 0.316107 0.000000
vt 0.022671 0.293288 0.000000
vt 0.022675 0.300895 0.000000
vt 0.022671 0.308500 0.000000
vt 0.022674 0.316107 0.000000
vt 0.554321 0.875532 0.000000
vt 0.546723 0.875518 0.000000
vt 0.546686 0.886954 0.000000
vt 0.554290 0.886961 0.000000
vt 0.546684 0.898395 0.000000
vt 0.554290 0.898410 0.000000
vt 0.546686 0.909840 0.000000
vt 0.554292 0.909856 0.000000
vt 0.546691 0.921287 0.000000
vt 0.554297 0.921303 0.000000
vt 0.546697 0.932733 0.000000
vt 0.554303 0.932750 0.000000
vt 0.546703 0.944180 0.000000
vt 0.554310 0.944199 0.000000
vt 0.546708 0.955627 0.000000
vt 0.554316 0.955650 0.000000
vt 0.546711 0.967071 0.000000
vt 0.554321 0.967104 0.000000
vt 0.546707 0.978516 0.000000
vt 0.554317 0.978563 0.000000
vt 0.546660 0.989953 0.000000
vt 0.554265 0.990000 0.000000
vt 0.539126 0.875486 0.000000
vt 0.539079 0.886923 0.000000
vt 0.539076 0.898365 0.000000
vt 0.539079 0.909812 0.000000
vt 0.539085 0.921259 0.000000
vt 0.539091 0.932706 0.000000
vt 0.539097 0.944152 0.000000
vt 0.539102 0.955597 0.000000
vt 0.539103 0.967044 0.000000
vt 0.539101 0.978486 0.000000
vt 0.539064 0.989921 0.000000
vt 0.531522 0.875439 0.000000
vt 0.531470 0.886874 0.000000
vt 0.531466 0.898335 0.000000
vt 0.531471 0.909789 0.000000
vt 0.531478 0.921240 0.000000
vt 0.531484 0.932687 0.000000
vt 0.531490 0.944136 0.000000
vt 0.531495 0.955583 0.000000
vt 0.531497 0.967030 0.000000
vt 0.531497 0.978479 0.000000
vt 0.531465 0.989907 0.000000
vt 0.532714 0.863770 0.000000
vt 0.540320 0.863770 0.000000
vt 0.540320 0.852335 0.000000
vt 0.532714 0.852335 0.000000
vt 0.540320 0.840888 0.000000
vt 0.532714 0.840888 0.000000
vt 0.540320 0.829441 0.000000
vt 0.532714 0.829441 0.000000
vt 0.540320 0.817994 0.000000
vt 0.532714 0.817994 0.000000
vt 0.540320 0.806547 0.000000
vt 0.532714 0.806547 0.000000
vt 0.540320 0.795100 0.000000
vt 0.532714 0.795100 0.000000
vt 0.540320 0.783653 0.000000
vt 0.532714 0.783653 0.000000
vt 0.540320 0.772206 0.000000
vt 0.532714 0.772206 0.000000
vt 0.540320 0.760759 0.000000
vt 0.532714 0.760759 0.000000
vt 0.540320 0.749324 0.000000
vt 0.532714 0.749324 0.000000
vt 0.547926 0.863770 0.000000
vt 0.547926 0.852335 0.000000
vt 0.547926 0.840888 0.000000
vt 0.547926 0.829441 0.000000
vt 0.547926 0.817994 0.000000
vt 0.547926 0.806547 0.000000
vt 0.547926 0.795100 0.000000
vt 0.547926 0.783653 0.000000
vt 0.547926 0.772206 0.000000
vt 0.547926 0.760759 0.000000
vt 0.547926 0.749324 0.000000
vt 0.555533 0.863770 0.000000
vt 0.555533 0.852335 0.000000
vt 0.555533 0.840888 0.000000
vt 0.555533 0.829441 0.000000
vt 0.555533 0.817994 0.000000
vt 0.555533 0.806547 0.000000
vt 0.555533 0.795100 0.000000
vt 0.555533 0.783653 0.000000
vt 0.555533 0.772206 0.000000
vt 0.555533 0.760759 0.000000
vt 0.555533 0.749324 0.000000
vt 0.553841 0.259979 0.000000
vt 0.553494 0.259963 0.000000
vt 0.553229 0.271398 0.000000
vt 0.553576 0.271414 0.000000
vt 0.553517 0.282861 0.000000
vt 0.553864 0.282882 0.000000
vt 0.553662 0.294324 0.000000
vt 0.554009 0.294352 0.000000
vt 0.553647 0.305790 0.000000
vt 0.553994 0.305813 0.000000
vt 0.553698 0.317248 0.000000
vt 0.554047 0.317269 0.000000
vt 0.553801 0.328698 0.000000
vt 0.553450 0.328686 0.000000
vt 0.553429 0.317237 0.000000
vt 0.553084 0.317218 0.000000
vt 0.553250 0.305771 0.000000
vt 0.552903 0.305748 0.000000
vt 0.553206 0.294306 0.000000
vt 0.552859 0.294280 0.000000
vt 0.553802 0.282884 0.000000
vt 0.553455 0.282861 0.000000
vt 0.553146 0.259949 0.000000
vt 0.552881 0.271382 0.000000
vt 0.553169 0.282843 0.000000
vt 0.553314 0.294303 0.000000
vt 0.553299 0.305771 0.000000
vt 0.553348 0.317246 0.000000
vt 0.554150 0.328718 0.000000
vt 0.553773 0.317255 0.000000
vt 0.553597 0.305795 0.000000
vt 0.553554 0.294331 0.000000
vt 0.554150 0.282908 0.000000
vt 0.726673 0.333401 0.000000
vt 0.726325 0.333401 0.000000
vt 0.726332 0.341008 0.000000
vt 0.726680 0.341008 0.000000
vt 0.726325 0.348612 0.000000
vt 0.726673 0.348612 0.000000
vt 0.726326 0.356219 0.000000
vt 0.726674 0.356219 0.000000
vt 0.725977 0.333401 0.000000
vt 0.725984 0.341008 0.000000
vt 0.725976 0.348612 0.000000
vt 0.725977 0.356219 0.000000
vt 0.022675 0.441273 0.000000
vt 0.023023 0.441273 0.000000
vt 0.023023 0.429849 0.000000
vt 0.022675 0.429849 0.000000
vt 0.023023 0.418396 0.000000
vt 0.022675 0.418396 0.000000
vt 0.023023 0.406943 0.000000
vt 0.022675 0.406943 0.000000
vt 0.023023 0.395491 0.000000
vt 0.022675 0.395491 0.000000
vt 0.023023 0.384038 0.000000
vt 0.022675 0.384038 0.000000
vt 0.023023 0.372585 0.000000
vt 0.022675 0.372585 0.000000
vt 0.023023 0.361133 0.000000
vt 0.022675 0.361133 0.000000
vt 0.023023 0.349680 0.000000
vt 0.022675 0.349680 0.000000
vt 0.023023 0.338227 0.000000
vt 0.022675 0.338227 0.000000
vt 0.023023 0.326803 0.000000
vt 0.022675 0.326803 0.000000
vt 0.023371 0.441273 0.000000
vt 0.023371 0.429849 0.000000
vt 0.023371 0.418396 0.000000
vt 0.023371 0.406943 0.000000
vt 0.023371 0.395491 0.000000
vt 0.023371 0.384038 0.000000
vt 0.023371 0.372585 0.000000
vt 0.023371 0.361133 0.000000
vt 0.023371 0.349680 0.000000
vt 0.023371 0.338227 0.000000
vt 0.023371 0.326803 0.000000
vt 0.023371 0.258521 0.000000
vt 0.023022 0.258521 0.000000
vt 0.023002 0.266126 0.000000
vt 0.023350 0.266126 0.000000
vt 0.023003 0.273733 0.000000
vt 0.023351 0.273733 0.000000
vt 0.023023 0.281340 0.000000
vt 0.023371 0.281340 0.000000
vt 0.022674 0.258519 0.000000
vt 0.022653 0.266126 0.000000
vt 0.022655 0.273735 0.000000
vt 0.022674 0.281342 0.000000
vt 0.221260 0.463187 0.000000
vt 0.221260 0.455580 0.000000
vt 0.209825 0.455580 0.000000
vt 0.209825 0.463187 0.000000
vt 0.198378 0.455580 0.000000
vt 0.198378 0.463187 0.000000
vt 0.186931 0.455580 0.000000
vt 0.186931 0.463187 0.000000
vt 0.175484 0.455580 0.000000
vt 0.175484 0.463187 0.000000
vt 0.164037 0.455580 0.000000
vt 0.164037 0.463187 0.000000
vt 0.152590 0.455580 0.000000
vt 0.152590 0.463186 0.000000
vt 0.141144 0.455580 0.000000
vt 0.141144 0.463186 0.000000
vt 0.129697 0.455580 0.000000
vt 0.129697 0.463186 0.000000
vt 0.118250 0.455580 0.000000
vt 0.118250 0.463186 0.000000
vt 0.106815 0.455580 0.000000
vt 0.106815 0.463186 0.000000
vt 0.221260 0.447974 0.000000
vt 0.209825 0.447974 0.000000
vt 0.198378 0.447974 0.000000
vt 0.186931 0.447974 0.000000
vt 0.175484 0.447974 0.000000
vt 0.164037 0.447974 0.000000
vt 0.152590 0.447974 0.000000
vt 0.141144 0.447974 0.000000
vt 0.129697 0.447974 0.000000
vt 0.118250 0.447974 0.000000
vt 0.106815 0.447974 0.000000
vt 0.221260 0.440368 0.000000
vt 0.209825 0.440368 0.000000
vt 0.198378 0.440368 0.000000
vt 0.186931 0.440368 0.000000
vt 0.175484 0.440368 0.000000
vt 0.164037 0.440368 0.000000
vt 0.152590 0.440368 0.000000
vt 0.141144 0.440368 0.000000
vt 0.129697 0.440368 0.000000
vt 0.118250 0.440368 0.000000
vt 0.106815 0.440368 0.000000
vt 0.221260 0.670524 0.000000
vt 0.221260 0.662918 0.000000
vt 0.209825 0.662918 0.000000
vt 0.209825 0.670524 0.000000
vt 0.198378 0.662918 0.000000
vt 0.198378 0.670524 0.000000
vt 0.186931 0.662918 0.000000
vt 0.186931 0.670524 0.000000
vt 0.175484 0.662918 0.000000
vt 0.175484 0.670524 0.000000
vt 0.164037 0.662918 0.000000
vt 0.164037 0.670524 0.000000
vt 0.152590 0.662918 0.000000
vt 0.152590 0.670524 0.000000
vt 0.141143 0.662918 0.000000
vt 0.141143 0.670524 0.000000
vt 0.129696 0.662918 0.000000
vt 0.129696 0.670524 0.000000
vt 0.118249 0.662918 0.000000
vt 0.118249 0.670524 0.000000
vt 0.106814 0.662918 0.000000
vt 0.106814 0.670524 0.000000
vt 0.221260 0.655311 0.000000
vt 0.209825 0.655311 0.000000
vt 0.198378 0.655311 0.000000
vt 0.186931 0.655311 0.000000
vt 0.175484 0.655311 0.000000
vt 0.164037 0.655311 0.000000
vt 0.152590 0.655311 0.000000
vt 0.141143 0.655311 0.000000
vt 0.129696 0.655311 0.000000
vt 0.118249 0.655311 0.000000
vt 0.106814 0.655311 0.000000
vt 0.221260 0.647705 0.000000
vt 0.209825 0.647705 0.000000
vt 0.198378 0.647705 0.000000
vt 0.186931 0.647705 0.000000
vt 0.175484 0.647705 0.000000
vt 0.164037 0.647705 0.000000
vt 0.152590 0.647705 0.000000
vt 0.141143 0.647705 0.000000
vt 0.129696 0.647705 0.000000
vt 0.118249 0.647705 0.000000
vt 0.106814 0.647705 0.000000
vt 0.370319 0.401680 0.000000
vt 0.370666 0.401680 0.000000
vt 0.370666 0.390256 0.000000
vt 0.370319 0.390256 0.000000
vt 0.370666 0.378804 0.000000
vt 0.370319 0.378804 0.000000
vt 0.370666 0.367351 0.000000
vt 0.370319 0.367351 0.000000
vt 0.370666 0.355898 0.000000
vt 0.370319 0.355898 0.000000
vt 0.370666 0.344445 0.000000
vt 0.370319 0.344445 0.000000
vt 0.370666 0.332993 0.000000
vt 0.370319 0.332993 0.000000
vt 0.370666 0.321540 0.000000
vt 0.370319 0.321540 0.000000
vt 0.370666 0.310087 0.000000
vt 0.370319 0.310087 0.000000
vt 0.370666 0.298634 0.000000
vt 0.370319 0.298634 0.000000
vt 0.370666 0.287210 0.000000
vt 0.370319 0.287210 0.000000
vt 0.371014 0.401680 0.000000
vt 0.371014 0.390256 0.000000
vt 0.371014 0.378804 0.000000
vt 0.371014 0.367351 0.000000
vt 0.371014 0.355898 0.000000
vt 0.371014 0.344445 0.000000
vt 0.371014 0.332993 0.000000
vt 0.371014 0.321540 0.000000
vt 0.371014 0.310087 0.000000
vt 0.371014 0.298634 0.000000
vt 0.371014 0.287210 0.000000
vt 0.739355 0.912449 0.000000
vt 0.739703 0.912449 0.000000
vt 0.739697 0.904842 0.000000
vt 0.739348 0.904842 0.000000
vt 0.739695 0.897237 0.000000
vt 0.739347 0.897237 0.000000
vt 0.739703 0.889630 0.000000
vt 0.739355 0.889630 0.000000
vt 0.740051 0.912449 0.000000
vt 0.740045 0.904842 0.000000
vt 0.740043 0.897237 0.000000
vt 0.740051 0.889630 0.000000
vt 0.010696 0.556783 0.000000
vt 0.010348 0.556783 0.000000
vt 0.010348 0.568209 0.000000
vt 0.010696 0.568209 0.000000
vt 0.010348 0.579664 0.000000
vt 0.010696 0.579664 0.000000
vt 0.010348 0.591119 0.000000
vt 0.010696 0.591119 0.000000
vt 0.010348 0.602573 0.000000
vt 0.010696 0.602573 0.000000
vt 0.010348 0.614028 0.000000
vt 0.010696 0.614028 0.000000
vt 0.010348 0.625483 0.000000
vt 0.010696 0.625483 0.000000
vt 0.010348 0.636938 0.000000
vt 0.010696 0.636938 0.000000
vt 0.010348 0.648393 0.000000
vt 0.010696 0.648393 0.000000
vt 0.010348 0.659847 0.000000
vt 0.010696 0.659847 0.000000
vt 0.010348 0.671273 0.000000
vt 0.010696 0.671273 0.000000
vt 0.010000 0.556783 0.000000
vt 0.010000 0.568209 0.000000
vt 0.010000 0.579664 0.000000
vt 0.010000 0.591119 0.000000
vt 0.010000 0.602573 0.000000
vt 0.010000 0.614028 0.000000
vt 0.010000 0.625483 0.000000
vt 0.010000 0.636938 0.000000
vt 0.010000 0.648393 0.000000
vt 0.010000 0.659847 0.000000
vt 0.010000 0.671273 0.000000
vt 0.010348 0.678873 0.000000
vt 0.010696 0.678873 0.000000
vt 0.010348 0.686472 0.000000
vt 0.010696 0.686472 0.000000
vt 0.010348 0.694072 0.000000
vt 0.010696 0.694072 0.000000
vt 0.010000 0.678873 0.000000
vt 0.010000 0.686472 0.000000
vt 0.010000 0.694072 0.000000
vt 0.221169 0.635798 0.000000
vt 0.221183 0.628199 0.000000
vt 0.209746 0.628163 0.000000
vt 0.209741 0.635767 0.000000
vt 0.198304 0.628161 0.000000
vt 0.198290 0.635767 0.000000
vt 0.186859 0.628163 0.000000
vt 0.186843 0.635770 0.000000
vt 0.175413 0.628168 0.000000
vt 0.175396 0.635775 0.000000
vt 0.163968 0.628174 0.000000
vt 0.163950 0.635781 0.000000
vt 0.152521 0.628180 0.000000
vt 0.152500 0.635787 0.000000
vt 0.141075 0.628185 0.000000
vt 0.141049 0.635793 0.000000
vt 0.129628 0.628188 0.000000
vt 0.129595 0.635798 0.000000
vt 0.118183 0.628183 0.000000
vt 0.118137 0.635793 0.000000
vt 0.106746 0.628136 0.000000
vt 0.106699 0.635740 0.000000
vt 0.221214 0.620603 0.000000
vt 0.209776 0.620556 0.000000
vt 0.198334 0.620553 0.000000
vt 0.186887 0.620557 0.000000
vt 0.175441 0.620562 0.000000
vt 0.163994 0.620569 0.000000
vt 0.152547 0.620574 0.000000
vt 0.141103 0.620579 0.000000
vt 0.129658 0.620580 0.000000
vt 0.118216 0.620577 0.000000
vt 0.106779 0.620539 0.000000
vt 0.221260 0.612998 0.000000
vt 0.209825 0.612947 0.000000
vt 0.198364 0.612943 0.000000
vt 0.186911 0.612949 0.000000
vt 0.175461 0.612955 0.000000
vt 0.164012 0.612962 0.000000
vt 0.152566 0.612968 0.000000
vt 0.141119 0.612972 0.000000
vt 0.129672 0.612974 0.000000
vt 0.118223 0.612973 0.000000
vt 0.106795 0.612941 0.000000
vt 0.256025 0.556783 0.000000
vt 0.248418 0.556783 0.000000
vt 0.248418 0.568218 0.000000
vt 0.256024 0.568218 0.000000
vt 0.248418 0.579665 0.000000
vt 0.256024 0.579665 0.000000
vt 0.248418 0.591112 0.000000
vt 0.256024 0.591112 0.000000
vt 0.248418 0.602559 0.000000
vt 0.256024 0.602559 0.000000
vt 0.248418 0.614006 0.000000
vt 0.256024 0.614006 0.000000
vt 0.248418 0.625453 0.000000
vt 0.256024 0.625453 0.000000
vt 0.248418 0.636900 0.000000
vt 0.256024 0.636900 0.000000
vt 0.248418 0.648347 0.000000
vt 0.256024 0.648347 0.000000
vt 0.248418 0.659794 0.000000
vt 0.256024 0.659794 0.000000
vt 0.248418 0.671229 0.000000
vt 0.256024 0.671229 0.000000
vt 0.240812 0.556783 0.000000
vt 0.240812 0.568218 0.000000
vt 0.240812 0.579665 0.000000
vt 0.240812 0.591112 0.000000
vt 0.240812 0.602559 0.000000
vt 0.240812 0.614006 0.000000
vt 0.240812 0.625453 0.000000
vt 0.240812 0.636900 0.000000
vt 0.240812 0.648347 0.000000
vt 0.240812 0.659794 0.000000
vt 0.240812 0.671229 0.000000
vt 0.233206 0.556783 0.000000
vt 0.233206 0.568218 0.000000
vt 0.233206 0.579665 0.000000
vt 0.233206 0.591112 0.000000
vt 0.233206 0.602559 0.000000
vt 0.233206 0.614006 0.000000
vt 0.233206 0.625453 0.000000
vt 0.233206 0.636900 0.000000
vt 0.233206 0.648347 0.000000
vt 0.233206 0.659794 0.000000
vt 0.233206 0.671229 0.000000
vt 0.254172 0.399763 0.000000
vt 0.253920 0.399617 0.000000
vt 0.253838 0.399868 0.000000
vt 0.254132 0.399973 0.000000
vt 0.253816 0.400110 0.000000
vt 0.254133 0.400199 0.000000
vt 0.253816 0.400320 0.000000
vt 0.254149 0.400453 0.000000
vt 0.254016 0.400753 0.000000
vt 0.254142 0.400882 0.000000
vt 0.254289 0.400635 0.000000
vt 0.254306 0.401042 0.000000
vt 0.254415 0.400802 0.000000
vt 0.254539 0.401147 0.000000
vt 0.254637 0.400861 0.000000
vt 0.254806 0.401194 0.000000
vt 0.254853 0.400903 0.000000
vt 0.255088 0.401182 0.000000
vt 0.255062 0.400891 0.000000
vt 0.255365 0.401101 0.000000
vt 0.255265 0.400833 0.000000
vt 0.255612 0.400935 0.000000
vt 0.255440 0.400691 0.000000
vt 0.255813 0.400723 0.000000
vt 0.255601 0.400535 0.000000
vt 0.255959 0.400476 0.000000
vt 0.255698 0.400367 0.000000
vt 0.256025 0.400204 0.000000
vt 0.255733 0.400157 0.000000
vt 0.256025 0.399922 0.000000
vt 0.255746 0.399950 0.000000
vt 0.255948 0.399652 0.000000
vt 0.255672 0.399756 0.000000
vt 0.255807 0.399407 0.000000
vt 0.255582 0.399570 0.000000
vt 0.255598 0.399214 0.000000
vt 0.255408 0.399444 0.000000
vt 0.255347 0.399078 0.000000
vt 0.255225 0.399337 0.000000
vt 0.255069 0.399006 0.000000
vt 0.255021 0.399295 0.000000
vt 0.254782 0.399006 0.000000
vt 0.254800 0.399300 0.000000
vt 0.254503 0.399062 0.000000
vt 0.254581 0.399328 0.000000
vt 0.254252 0.399190 0.000000
vt 0.254424 0.399419 0.000000
vt 0.254062 0.399386 0.000000
vt 0.254289 0.399584 0.000000
vt 0.330375 0.400269 0.000000
vt 0.330322 0.399959 0.000000
vt 0.330240 0.399961 0.000000
vt 0.330213 0.400276 0.000000
vt 0.330159 0.399943 0.000000
vt 0.330055 0.400241 0.000000
vt 0.330085 0.399906 0.000000
vt 0.329911 0.400169 0.000000
vt 0.329999 0.399817 0.000000
vt 0.329733 0.399985 0.000000
vt 0.329963 0.399742 0.000000
vt 0.329664 0.399838 0.000000
vt 0.329948 0.399661 0.000000
vt 0.329634 0.399677 0.000000
vt 0.329953 0.399577 0.000000
vt 0.329645 0.399514 0.000000
vt 0.329980 0.399500 0.000000
vt 0.329697 0.399360 0.000000
vt 0.330025 0.399430 0.000000
vt 0.329787 0.399225 0.000000
vt 0.330086 0.399374 0.000000
vt 0.329908 0.399116 0.000000
vt 0.330159 0.399337 0.000000
vt 0.330053 0.399041 0.000000
vt 0.330240 0.399318 0.000000
vt 0.330212 0.399006 0.000000
vt 0.330322 0.399323 0.000000
vt 0.330374 0.399013 0.000000
vt 0.330401 0.399346 0.000000
vt 0.330530 0.399060 0.000000
vt 0.330471 0.399388 0.000000
vt 0.330668 0.399144 0.000000
vt 0.330528 0.399449 0.000000
vt 0.330781 0.399260 0.000000
vt 0.330569 0.399519 0.000000
vt 0.330860 0.399402 0.000000
vt 0.330589 0.399600 0.000000
vt 0.330901 0.399558 0.000000
vt 0.330589 0.399682 0.000000
vt 0.330902 0.399722 0.000000
vt 0.330569 0.399761 0.000000
vt 0.330861 0.399877 0.000000
vt 0.330529 0.399833 0.000000
vt 0.330782 0.400020 0.000000
vt 0.330472 0.399891 0.000000
vt 0.330669 0.400136 0.000000
vt 0.330401 0.399936 0.000000
vt 0.330531 0.400222 0.000000
vt 0.330269 0.399640 0.000000
vt 0.182557 0.399839 0.000000
vt 0.182671 0.399580 0.000000
vt 0.182389 0.399516 0.000000
vt 0.182347 0.399806 0.000000
vt 0.182100 0.399524 0.000000
vt 0.182124 0.399817 0.000000
vt 0.181819 0.399588 0.000000
vt 0.181905 0.399852 0.000000
vt 0.181558 0.399718 0.000000
vt 0.181721 0.399955 0.000000
vt 0.181341 0.399904 0.000000
vt 0.181541 0.400069 0.000000
vt 0.181206 0.400157 0.000000
vt 0.181481 0.400284 0.000000
vt 0.181148 0.400440 0.000000
vt 0.181436 0.400500 0.000000
vt 0.181159 0.400732 0.000000
vt 0.181446 0.400709 0.000000
vt 0.181255 0.401010 0.000000
vt 0.181534 0.400903 0.000000
vt 0.181418 0.401254 0.000000
vt 0.181662 0.401088 0.000000
vt 0.181621 0.401463 0.000000
vt 0.181812 0.401256 0.000000
vt 0.181867 0.401614 0.000000
vt 0.181979 0.401353 0.000000
vt 0.182140 0.401680 0.000000
vt 0.182187 0.401388 0.000000
vt 0.182422 0.401680 0.000000
vt 0.182396 0.401400 0.000000
vt 0.182694 0.401603 0.000000
vt 0.182590 0.401325 0.000000
vt 0.182937 0.401461 0.000000
vt 0.182776 0.401233 0.000000
vt 0.183132 0.401253 0.000000
vt 0.182902 0.401059 0.000000
vt 0.183270 0.401002 0.000000
vt 0.183009 0.400874 0.000000
vt 0.183347 0.400723 0.000000
vt 0.183058 0.400669 0.000000
vt 0.183358 0.400430 0.000000
vt 0.183088 0.400450 0.000000
vt 0.183272 0.400141 0.000000
vt 0.183002 0.400239 0.000000
vt 0.183125 0.399900 0.000000
vt 0.182906 0.400083 0.000000
vt 0.182918 0.399715 0.000000
vt 0.182736 0.399950 0.000000
vt 0.264047 0.332859 0.000000
vt 0.263739 0.332818 0.000000
vt 0.263716 0.332898 0.000000
vt 0.264005 0.333018 0.000000
vt 0.263674 0.332971 0.000000
vt 0.263921 0.333161 0.000000
vt 0.263618 0.333029 0.000000
vt 0.263805 0.333277 0.000000
vt 0.263544 0.333071 0.000000
vt 0.263665 0.333360 0.000000
vt 0.263464 0.333093 0.000000
vt 0.263506 0.333402 0.000000
vt 0.263380 0.333093 0.000000
vt 0.263339 0.333402 0.000000
vt 0.263301 0.333072 0.000000
vt 0.263180 0.333360 0.000000
vt 0.263231 0.333030 0.000000
vt 0.263040 0.333277 0.000000
vt 0.263171 0.332972 0.000000
vt 0.262924 0.333161 0.000000
vt 0.263129 0.332900 0.000000
vt 0.262840 0.333018 0.000000
vt 0.263105 0.332819 0.000000
vt 0.262798 0.332859 0.000000
vt 0.263105 0.332736 0.000000
vt 0.262798 0.332695 0.000000
vt 0.263129 0.332656 0.000000
vt 0.262840 0.332536 0.000000
vt 0.263171 0.332583 0.000000
vt 0.262924 0.332393 0.000000
vt 0.263227 0.332524 0.000000
vt 0.263040 0.332277 0.000000
vt 0.263301 0.332483 0.000000
vt 0.263180 0.332194 0.000000
vt 0.263380 0.332461 0.000000
vt 0.263339 0.332152 0.000000
vt 0.263464 0.332461 0.000000
vt 0.263506 0.332152 0.000000
vt 0.263544 0.332482 0.000000
vt 0.263665 0.332194 0.000000
vt 0.263618 0.332524 0.000000
vt 0.263805 0.332277 0.000000
vt 0.263674 0.332583 0.000000
vt 0.263921 0.332393 0.000000
vt 0.263716 0.332654 0.000000
vt 0.264005 0.332536 0.000000
vt 0.263739 0.332735 0.000000
vt 0.264047 0.332695 0.000000
vt 0.263422 0.332777 0.000000
vt 0.418348 0.273643 0.000000
vt 0.418460 0.273384 0.000000
vt 0.418180 0.273320 0.000000
vt 0.418138 0.273611 0.000000
vt 0.417891 0.273328 0.000000
vt 0.417914 0.273621 0.000000
vt 0.417607 0.273392 0.000000
vt 0.417695 0.273657 0.000000
vt 0.417351 0.273522 0.000000
vt 0.417509 0.273759 0.000000
vt 0.417132 0.273708 0.000000
vt 0.417332 0.273874 0.000000
vt 0.416996 0.273961 0.000000
vt 0.417271 0.274088 0.000000
vt 0.416940 0.274244 0.000000
vt 0.417229 0.274304 0.000000
vt 0.416950 0.274537 0.000000
vt 0.417239 0.274513 0.000000
vt 0.417048 0.274815 0.000000
vt 0.417327 0.274707 0.000000
vt 0.417206 0.275059 0.000000
vt 0.417453 0.274892 0.000000
vt 0.417411 0.275268 0.000000
vt 0.417602 0.275060 0.000000
vt 0.417658 0.275418 0.000000
vt 0.417770 0.275158 0.000000
vt 0.417933 0.275485 0.000000
vt 0.417980 0.275192 0.000000
vt 0.418213 0.275485 0.000000
vt 0.418189 0.275205 0.000000
vt 0.418488 0.275408 0.000000
vt 0.418381 0.275130 0.000000
vt 0.418730 0.275266 0.000000
vt 0.418567 0.275038 0.000000
vt 0.418921 0.275057 0.000000
vt 0.418693 0.274863 0.000000
vt 0.419061 0.274806 0.000000
vt 0.418800 0.274678 0.000000
vt 0.419136 0.274528 0.000000
vt 0.418851 0.274473 0.000000
vt 0.419150 0.274234 0.000000
vt 0.418879 0.274254 0.000000
vt 0.419061 0.273945 0.000000
vt 0.418791 0.274044 0.000000
vt 0.418916 0.273704 0.000000
vt 0.418697 0.273887 0.000000
vt 0.418711 0.273519 0.000000
vt 0.418530 0.273754 0.000000
vt 0.407744 0.757346 0.000000
vt 0.407786 0.757037 0.000000
vt 0.407707 0.757016 0.000000
vt 0.407586 0.757304 0.000000
vt 0.407632 0.756974 0.000000
vt 0.407446 0.757221 0.000000
vt 0.407576 0.756916 0.000000
vt 0.407329 0.757105 0.000000
vt 0.407534 0.756844 0.000000
vt 0.407245 0.756962 0.000000
vt 0.407511 0.756763 0.000000
vt 0.407203 0.756803 0.000000
vt 0.407511 0.756680 0.000000
vt 0.407203 0.756639 0.000000
vt 0.407534 0.756600 0.000000
vt 0.407245 0.756480 0.000000
vt 0.407576 0.756527 0.000000
vt 0.407329 0.756337 0.000000
vt 0.407632 0.756469 0.000000
vt 0.407446 0.756221 0.000000
vt 0.407707 0.756427 0.000000
vt 0.407586 0.756138 0.000000
vt 0.407786 0.756405 0.000000
vt 0.407744 0.756096 0.000000
vt 0.407870 0.756405 0.000000
vt 0.407912 0.756096 0.000000
vt 0.407949 0.756426 0.000000
vt 0.408071 0.756138 0.000000
vt 0.408019 0.756468 0.000000
vt 0.408210 0.756221 0.000000
vt 0.408080 0.756527 0.000000
vt 0.408327 0.756337 0.000000
vt 0.408122 0.756599 0.000000
vt 0.408411 0.756480 0.000000
vt 0.408145 0.756679 0.000000
vt 0.408453 0.756639 0.000000
vt 0.408145 0.756762 0.000000
vt 0.408453 0.756803 0.000000
vt 0.408122 0.756842 0.000000
vt 0.408411 0.756962 0.000000
vt 0.408080 0.756915 0.000000
vt 0.408327 0.757105 0.000000
vt 0.408024 0.756974 0.000000
vt 0.408210 0.757221 0.000000
vt 0.407949 0.757015 0.000000
vt 0.408071 0.757304 0.000000
vt 0.407870 0.757037 0.000000
vt 0.407912 0.757346 0.000000
vt 0.407828 0.756721 0.000000
vt 0.292056 0.545254 0.000000
vt 0.291944 0.545513 0.000000
vt 0.292223 0.545577 0.000000
vt 0.292265 0.545286 0.000000
vt 0.292512 0.545569 0.000000
vt 0.292489 0.545276 0.000000
vt 0.292797 0.545505 0.000000
vt 0.292708 0.545240 0.000000
vt 0.293053 0.545375 0.000000
vt 0.292894 0.545138 0.000000
vt 0.293272 0.545189 0.000000
vt 0.293072 0.545023 0.000000
vt 0.293407 0.544936 0.000000
vt 0.293132 0.544809 0.000000
vt 0.293463 0.544653 0.000000
vt 0.293174 0.544593 0.000000
vt 0.293454 0.544360 0.000000
vt 0.293165 0.544384 0.000000
vt 0.293356 0.544082 0.000000
vt 0.293076 0.544189 0.000000
vt 0.293197 0.543838 0.000000
vt 0.292950 0.544005 0.000000
vt 0.292992 0.543629 0.000000
vt 0.292801 0.543836 0.000000
vt 0.292745 0.543479 0.000000
vt 0.292634 0.543739 0.000000
vt 0.292470 0.543412 0.000000
vt 0.292424 0.543705 0.000000
vt 0.292191 0.543412 0.000000
vt 0.292214 0.543692 0.000000
vt 0.291916 0.543489 0.000000
vt 0.292023 0.543767 0.000000
vt 0.291673 0.543631 0.000000
vt 0.291837 0.543859 0.000000
vt 0.291482 0.543840 0.000000
vt 0.291711 0.544034 0.000000
vt 0.291342 0.544091 0.000000
vt 0.291603 0.544219 0.000000
vt 0.291268 0.544369 0.000000
vt 0.291552 0.544424 0.000000
vt 0.291254 0.544663 0.000000
vt 0.291524 0.544643 0.000000
vt 0.291342 0.544952 0.000000
vt 0.291613 0.544853 0.000000
vt 0.291487 0.545193 0.000000
vt 0.291706 0.545010 0.000000
vt 0.291692 0.545378 0.000000
vt 0.291874 0.545142 0.000000
vt 0.456545 0.428040 0.000000
vt 0.456257 0.427919 0.000000
vt 0.456216 0.427989 0.000000
vt 0.456463 0.428180 0.000000
vt 0.456157 0.428049 0.000000
vt 0.456347 0.428296 0.000000
vt 0.456085 0.428091 0.000000
vt 0.456204 0.428380 0.000000
vt 0.456005 0.428114 0.000000
vt 0.456045 0.428422 0.000000
vt 0.455922 0.428114 0.000000
vt 0.455880 0.428422 0.000000
vt 0.455841 0.428091 0.000000
vt 0.455721 0.428380 0.000000
vt 0.455769 0.428049 0.000000
vt 0.455579 0.428296 0.000000
vt 0.455710 0.427993 0.000000
vt 0.455462 0.428180 0.000000
vt 0.455669 0.427919 0.000000
vt 0.455380 0.428040 0.000000
vt 0.455647 0.427839 0.000000
vt 0.455337 0.427881 0.000000
vt 0.455647 0.427755 0.000000
vt 0.455337 0.427714 0.000000
vt 0.455668 0.427676 0.000000
vt 0.455380 0.427555 0.000000
vt 0.455710 0.427602 0.000000
vt 0.455462 0.427415 0.000000
vt 0.455768 0.427546 0.000000
vt 0.455579 0.427299 0.000000
vt 0.455840 0.427504 0.000000
vt 0.455721 0.427215 0.000000
vt 0.455921 0.427480 0.000000
vt 0.455880 0.427173 0.000000
vt 0.456004 0.427480 0.000000
vt 0.456045 0.427173 0.000000
vt 0.456084 0.427504 0.000000
vt 0.456204 0.427215 0.000000
vt 0.456156 0.427546 0.000000
vt 0.456347 0.427299 0.000000
vt 0.456215 0.427602 0.000000
vt 0.456463 0.427415 0.000000
vt 0.456257 0.427676 0.000000
vt 0.456545 0.427555 0.000000
vt 0.456279 0.427755 0.000000
vt 0.456588 0.427714 0.000000
vt 0.456279 0.427839 0.000000
vt 0.456588 0.427881 0.000000
vt 0.455963 0.427797 0.000000
vt 0.092741 0.308453 0.000000
vt 0.092736 0.308268 0.000000
vt 0.077261 0.308287 0.000000
vt 0.077238 0.308470 0.000000
vt 0.092741 0.308084 0.000000
vt 0.077280 0.308104 0.000000
vt 0.247652 0.450534 0.000000
vt 0.247647 0.450350 0.000000
vt 0.232157 0.450349 0.000000
vt 0.232153 0.450534 0.000000
vt 0.247628 0.447331 0.000000
vt 0.232143 0.447331 0.000000
vt 0.247633 0.447147 0.000000
vt 0.232139 0.447146 0.000000
vt 0.453914 0.329223 0.000000
vt 0.454096 0.329208 0.000000
vt 0.454138 0.313595 0.000000
vt 0.454338 0.313468 0.000000
vt 0.454282 0.329200 0.000000
vt 0.454235 0.313749 0.000000
vt 0.077168 0.308296 0.000000
vt 0.077121 0.308117 0.000000
vt 0.231976 0.450355 0.000000
vt 0.231994 0.450539 0.000000
vt 0.231957 0.447326 0.000000
vt 0.231976 0.447141 0.000000
vt 0.454194 0.313546 0.000000
vt 0.454426 0.313610 0.000000
vt 0.306621 0.716169 0.000000
vt 0.306472 0.716299 0.000000
vt 0.306556 0.716339 0.000000
vt 0.306360 0.716469 0.000000
vt 0.306514 0.716515 0.000000
vt 0.306309 0.716658 0.000000
vt 0.306491 0.716694 0.000000
vt 0.306160 0.719714 0.000000
vt 0.306342 0.719715 0.000000
vt 0.306179 0.719898 0.000000
vt 0.306342 0.719898 0.000000
vt 0.454189 0.313612 0.000000
vt 0.454380 0.313633 0.000000
vt 0.306649 0.716350 0.000000
vt 0.306668 0.716532 0.000000
vt 0.306672 0.716715 0.000000
vt 0.306528 0.719724 0.000000
vt 0.306505 0.719908 0.000000
vt 0.454263 0.313564 0.000000
vt 0.454254 0.313758 0.000000
vt 0.394369 0.716837 0.000000
vt 0.394322 0.717016 0.000000
vt 0.394388 0.716651 0.000000
vt 0.394374 0.716465 0.000000
vt 0.394541 0.719488 0.000000
vt 0.394569 0.719671 0.000000
vt 0.542258 0.313616 0.000000
vt 0.542281 0.313432 0.000000
vt 0.542248 0.313802 0.000000
vt 0.394280 0.716842 0.000000
vt 0.394229 0.716668 0.000000
vt 0.394187 0.716492 0.000000
vt 0.394718 0.719471 0.000000
vt 0.394737 0.719654 0.000000
vt 0.542346 0.313641 0.000000
vt 0.542449 0.313488 0.000000
vt 0.394197 0.716878 0.000000
vt 0.394089 0.716728 0.000000
vt 0.394010 0.716560 0.000000
vt 0.394891 0.719444 0.000000
vt 0.394914 0.719628 0.000000
vt 0.542412 0.313705 0.000000
vt 0.542570 0.313614 0.000000
vt 0.394136 0.716946 0.000000
vt 0.393973 0.716832 0.000000
vt 0.393852 0.716664 0.000000
vt 0.395068 0.719407 0.000000
vt 0.395082 0.719597 0.000000
vt 0.542435 0.313792 0.000000
vt 0.542616 0.313774 0.000000
vt 0.077159 0.396006 0.000000
vt 0.077159 0.396191 0.000000
vt 0.092639 0.396208 0.000000
vt 0.092634 0.396024 0.000000
vt 0.077159 0.396376 0.000000
vt 0.092639 0.396393 0.000000
vt 0.280092 0.302736 0.000000
vt 0.280092 0.302921 0.000000
vt 0.295572 0.302921 0.000000
vt 0.295572 0.302736 0.000000
vt 0.280092 0.305940 0.000000
vt 0.295577 0.305940 0.000000
vt 0.280092 0.306124 0.000000
vt 0.295577 0.306124 0.000000
vt 0.542234 0.329284 0.000000
vt 0.542453 0.329329 0.000000
vt 0.542239 0.329439 0.000000
vt 0.181428 0.320642 0.000000
vt 0.181479 0.320449 0.000000
vt 0.181582 0.320487 0.000000
vt 0.181269 0.320658 0.000000
vt 0.181246 0.320556 0.000000
vt 0.181162 0.320967 0.000000
vt 0.181250 0.320800 0.000000
vt 0.185502 0.319991 0.000000
vt 0.185301 0.320111 0.000000
vt 0.185367 0.319789 0.000000
vt 0.185189 0.319894 0.000000
vt 0.542309 0.329265 0.000000
vt 0.542314 0.329451 0.000000
vt 0.181545 0.320632 0.000000
vt 0.181377 0.320535 0.000000
vt 0.181152 0.320440 0.000000
vt 0.185110 0.320206 0.000000
vt 0.184998 0.319971 0.000000
vt 0.542416 0.329307 0.000000
vt 0.542300 0.329223 0.000000
vt 0.181358 0.320689 0.000000
vt 0.181218 0.320479 0.000000
vt 0.181148 0.320227 0.000000
vt 0.184900 0.320226 0.000000
vt 0.184792 0.320017 0.000000
vt 0.542379 0.329406 0.000000
vt 0.542514 0.329309 0.000000
vt 0.298291 0.316347 0.000000
vt 0.298310 0.316107 0.000000
vt 0.298291 0.316587 0.000000
vt 0.298319 0.316828 0.000000
vt 0.298875 0.320754 0.000000
vt 0.298903 0.320997 0.000000
vt 0.454273 0.329385 0.000000
vt 0.454245 0.329568 0.000000
vt 0.298413 0.316330 0.000000
vt 0.298501 0.316555 0.000000
vt 0.298562 0.316792 0.000000
vt 0.299109 0.320736 0.000000
vt 0.299113 0.320982 0.000000
vt 0.454184 0.329359 0.000000
vt 0.454082 0.329512 0.000000
vt 0.298515 0.316262 0.000000
vt 0.298683 0.316459 0.000000
vt 0.298791 0.316704 0.000000
vt 0.299347 0.320715 0.000000
vt 0.299333 0.320967 0.000000
vt 0.454119 0.329295 0.000000
vt 0.453960 0.329386 0.000000
vt 0.092830 0.308288 0.000000
vt 0.092900 0.308117 0.000000
vt 0.247810 0.450539 0.000000
vt 0.247829 0.450354 0.000000
vt 0.247815 0.447325 0.000000
vt 0.247791 0.447141 0.000000
vt 0.181516 0.289365 0.000000
vt 0.181329 0.289368 0.000000
vt 0.182322 0.304798 0.000000
vt 0.182322 0.305023 0.000000
vt 0.181148 0.289381 0.000000
vt 0.182168 0.304693 0.000000
vt 0.092900 0.298124 0.000000
vt 0.092900 0.297940 0.000000
vt 0.077438 0.297936 0.000000
vt 0.077433 0.298120 0.000000
vt 0.092890 0.294898 0.000000
vt 0.077438 0.294925 0.000000
vt 0.092886 0.294713 0.000000
vt 0.077429 0.294742 0.000000
vt 0.542553 0.287033 0.000000
vt 0.542371 0.287051 0.000000
vt 0.542161 0.302646 0.000000
vt 0.542022 0.302470 0.000000
vt 0.542189 0.287060 0.000000
vt 0.542352 0.302618 0.000000
vt 0.182252 0.304835 0.000000
vt 0.182084 0.304832 0.000000
vt 0.077256 0.297940 0.000000
vt 0.077275 0.298124 0.000000
vt 0.077252 0.294919 0.000000
vt 0.077270 0.294736 0.000000
vt 0.542157 0.302564 0.000000
vt 0.542161 0.302342 0.000000
vt 0.182210 0.304889 0.000000
vt 0.182070 0.304990 0.000000
vt 0.726680 0.850971 0.000000
vt 0.726494 0.850943 0.000000
vt 0.726487 0.851129 0.000000
vt 0.726672 0.851134 0.000000
vt 0.723458 0.850980 0.000000
vt 0.723470 0.851162 0.000000
vt 0.723275 0.851008 0.000000
vt 0.723286 0.851166 0.000000
vt 0.542203 0.302501 0.000000
vt 0.542352 0.302329 0.000000
vt 0.182182 0.304959 0.000000
vt 0.182135 0.305125 0.000000
vt 0.726487 0.851311 0.000000
vt 0.726672 0.851297 0.000000
vt 0.723469 0.851343 0.000000
vt 0.723284 0.851329 0.000000
vt 0.542269 0.302485 0.000000
vt 0.542450 0.302463 0.000000
vt 0.269630 0.304861 0.000000
vt 0.269407 0.304897 0.000000
vt 0.269737 0.304704 0.000000
vt 0.726486 0.938942 0.000000
vt 0.726671 0.938956 0.000000
vt 0.723468 0.938975 0.000000
vt 0.723284 0.938989 0.000000
vt 0.454273 0.302535 0.000000
vt 0.454249 0.302719 0.000000
vt 0.454282 0.302349 0.000000
vt 0.269593 0.304793 0.000000
vt 0.269598 0.304625 0.000000
vt 0.726485 0.939124 0.000000
vt 0.726669 0.939119 0.000000
vt 0.723468 0.939161 0.000000
vt 0.723284 0.939152 0.000000
vt 0.454184 0.302509 0.000000
vt 0.454082 0.302663 0.000000
vt 0.269528 0.304786 0.000000
vt 0.269435 0.304632 0.000000
vt 0.726497 0.939310 0.000000
vt 0.726680 0.939282 0.000000
vt 0.723461 0.939343 0.000000
vt 0.723275 0.939315 0.000000
vt 0.454119 0.302445 0.000000
vt 0.453961 0.302537 0.000000
vt 0.269463 0.304749 0.000000
vt 0.269299 0.304717 0.000000
vt 0.359902 0.292776 0.000000
vt 0.359916 0.292592 0.000000
vt 0.359734 0.292586 0.000000
vt 0.359739 0.292770 0.000000
vt 0.359920 0.289572 0.000000
vt 0.359734 0.289575 0.000000
vt 0.359902 0.289388 0.000000
vt 0.359743 0.289391 0.000000
vt 0.454096 0.302358 0.000000
vt 0.453914 0.302377 0.000000
vt 0.270688 0.289369 0.000000
vt 0.270506 0.289365 0.000000
vt 0.270870 0.289381 0.000000
vt 0.344282 0.292591 0.000000
vt 0.344282 0.292776 0.000000
vt 0.344272 0.289549 0.000000
vt 0.344277 0.289365 0.000000
vt 0.454296 0.286850 0.000000
vt 0.454482 0.286819 0.000000
vt 0.454161 0.286730 0.000000
vt 0.295785 0.276616 0.000000
vt 0.296098 0.276725 0.000000
vt 0.296028 0.276639 0.000000
vt 0.296419 0.276598 0.000000
vt 0.296256 0.276483 0.000000
vt 0.296545 0.276371 0.000000
vt 0.296345 0.276246 0.000000
vt 0.292574 0.275876 0.000000
vt 0.292365 0.275910 0.000000
vt 0.292519 0.275666 0.000000
vt 0.292346 0.275691 0.000000
vt 0.454254 0.286933 0.000000
vt 0.454366 0.286831 0.000000
vt 0.295930 0.276563 0.000000
vt 0.296079 0.276380 0.000000
vt 0.296163 0.276153 0.000000
vt 0.292132 0.275942 0.000000
vt 0.292174 0.275699 0.000000
vt 0.454184 0.286883 0.000000
vt 0.454240 0.287033 0.000000
vt 0.295790 0.276458 0.000000
vt 0.295879 0.276285 0.000000
vt 0.295962 0.276105 0.000000
vt 0.292006 0.275772 0.000000
vt 0.292034 0.275566 0.000000
vt 0.454110 0.286900 0.000000
vt 0.453988 0.286951 0.000000
vt 0.182117 0.276958 0.000000
vt 0.182173 0.276725 0.000000
vt 0.182098 0.277197 0.000000
vt 0.182121 0.277435 0.000000
vt 0.181833 0.273555 0.000000
vt 0.181791 0.273320 0.000000
vt 0.542194 0.286874 0.000000
vt 0.542222 0.286691 0.000000
vt 0.182233 0.276948 0.000000
vt 0.182299 0.277171 0.000000
vt 0.182359 0.277397 0.000000
vt 0.181614 0.273581 0.000000
vt 0.181581 0.273345 0.000000
vt 0.542283 0.286900 0.000000
vt 0.542385 0.286746 0.000000
vt 0.182341 0.276900 0.000000
vt 0.182480 0.277091 0.000000
vt 0.182583 0.277307 0.000000
vt 0.181395 0.273620 0.000000
vt 0.181362 0.273384 0.000000
vt 0.542348 0.286964 0.000000
vt 0.542506 0.286873 0.000000
vt 0.182420 0.276812 0.000000
vt 0.182629 0.276956 0.000000
vt 0.182783 0.277171 0.000000
vt 0.181171 0.273673 0.000000
vt 0.181148 0.273429 0.000000
vt 0.122228 0.340413 0.000000
vt 0.122224 0.340226 0.000000
vt 0.106751 0.340436 0.000000
vt 0.106757 0.340618 0.000000
vt 0.077177 0.281353 0.000000
vt 0.077187 0.281537 0.000000
vt 0.092667 0.281537 0.000000
vt 0.092676 0.281354 0.000000
vt 0.077191 0.281720 0.000000
vt 0.092671 0.281721 0.000000
vt 0.077196 0.284738 0.000000
vt 0.092713 0.284738 0.000000
vt 0.077187 0.284922 0.000000
vt 0.092718 0.284923 0.000000
vt 0.534478 0.340174 0.000000
vt 0.534498 0.340356 0.000000
vt 0.549973 0.340612 0.000000
vt 0.549747 0.340561 0.000000
vt 0.534507 0.340538 0.000000
vt 0.550079 0.340431 0.000000
vt 0.106662 0.340459 0.000000
vt 0.092825 0.281519 0.000000
vt 0.092769 0.281343 0.000000
vt 0.092853 0.281706 0.000000
vt 0.092900 0.284741 0.000000
vt 0.092881 0.284927 0.000000
vt 0.549937 0.340552 0.000000
vt 0.549739 0.340407 0.000000
vt 0.106597 0.340524 0.000000
vt 0.106270 0.225185 0.000000
vt 0.106086 0.225185 0.000000
vt 0.106086 0.225348 0.000000
vt 0.106270 0.225348 0.000000
vt 0.105901 0.225185 0.000000
vt 0.105901 0.225348 0.000000
vt 0.102880 0.225185 0.000000
vt 0.102880 0.225348 0.000000
vt 0.102696 0.225185 0.000000
vt 0.102696 0.225348 0.000000
vt 0.549924 0.340482 0.000000
vt 0.549817 0.340407 0.000000
vt 0.106572 0.340618 0.000000
vt 0.106086 0.225513 0.000000
vt 0.106270 0.225513 0.000000
vt 0.105901 0.225513 0.000000
vt 0.102880 0.225513 0.000000
vt 0.102696 0.225513 0.000000
vt 0.549940 0.340351 0.000000
vt 0.549726 0.340314 0.000000
vt 0.106653 0.428073 0.000000
vt 0.106838 0.428073 0.000000
vt 0.106086 0.313138 0.000000
vt 0.106270 0.313138 0.000000
vt 0.105901 0.313138 0.000000
vt 0.102880 0.313138 0.000000
vt 0.102696 0.313138 0.000000
vt 0.550092 0.428130 0.000000
vt 0.550274 0.428153 0.000000
vt 0.549907 0.428120 0.000000
vt 0.106678 0.428166 0.000000
vt 0.106086 0.313302 0.000000
vt 0.106270 0.313302 0.000000
vt 0.105901 0.313302 0.000000
vt 0.102880 0.313302 0.000000
vt 0.102696 0.313302 0.000000
vt 0.550066 0.428218 0.000000
vt 0.550219 0.428321 0.000000
vt 0.106743 0.428231 0.000000
vt 0.106086 0.313466 0.000000
vt 0.106270 0.313466 0.000000
vt 0.105901 0.313466 0.000000
vt 0.102880 0.313466 0.000000
vt 0.102696 0.313466 0.000000
vt 0.550003 0.428283 0.000000
vt 0.550093 0.428442 0.000000
vt 0.106832 0.428254 0.000000
vt 0.106086 0.313630 0.000000
vt 0.106270 0.313630 0.000000
vt 0.105901 0.313630 0.000000
vt 0.102880 0.313630 0.000000
vt 0.102696 0.313630 0.000000
vt 0.549916 0.428307 0.000000
vt 0.549933 0.428488 0.000000
vt 0.122314 0.428422 0.000000
vt 0.122316 0.428236 0.000000
vt 0.106086 0.329118 0.000000
vt 0.106270 0.329118 0.000000
vt 0.105901 0.329118 0.000000
vt 0.102880 0.329118 0.000000
vt 0.102696 0.329118 0.000000
vt 0.534448 0.428307 0.000000
vt 0.534241 0.428204 0.000000
vt 0.534445 0.428139 0.000000
vt 0.117014 0.328916 0.000000
vt 0.117145 0.329223 0.000000
vt 0.117133 0.329139 0.000000
vt 0.117445 0.329209 0.000000
vt 0.117329 0.329079 0.000000
vt 0.117650 0.329041 0.000000
vt 0.117486 0.328934 0.000000
vt 0.119174 0.325570 0.000000
vt 0.119186 0.325771 0.000000
vt 0.118968 0.325594 0.000000
vt 0.118977 0.325771 0.000000
vt 0.534367 0.428302 0.000000
vt 0.534329 0.428078 0.000000
vt 0.117055 0.329083 0.000000
vt 0.117187 0.328953 0.000000
vt 0.117360 0.328818 0.000000
vt 0.119206 0.325957 0.000000
vt 0.118980 0.325948 0.000000
vt 0.534305 0.428237 0.000000
vt 0.534478 0.428074 0.000000
vt 0.116967 0.329060 0.000000
vt 0.117085 0.328818 0.000000
vt 0.117265 0.328687 0.000000
vt 0.119185 0.326148 0.000000
vt 0.118975 0.326125 0.000000
vt 0.534267 0.428134 0.000000
vt 0.534434 0.428171 0.000000
vt 0.117219 0.228632 0.000000
vt 0.117014 0.228609 0.000000
vt 0.117425 0.228641 0.000000
vt 0.117632 0.228623 0.000000
vt 0.121003 0.228264 0.000000
vt 0.121212 0.228245 0.000000
vt 0.534322 0.340528 0.000000
vt 0.534139 0.340505 0.000000
vt 0.117208 0.228530 0.000000
vt 0.117404 0.228460 0.000000
vt 0.117608 0.228413 0.000000
vt 0.120992 0.228064 0.000000
vt 0.121203 0.228064 0.000000
vt 0.534347 0.340445 0.000000
vt 0.534194 0.340342 0.000000
vt 0.117153 0.228436 0.000000
vt 0.117326 0.228301 0.000000
vt 0.117539 0.228213 0.000000
vt 0.120979 0.227859 0.000000
vt 0.121195 0.227877 0.000000
vt 0.534411 0.340379 0.000000
vt 0.534320 0.340221 0.000000
vt 0.122314 0.340249 0.000000
vt 0.077089 0.281342 0.000000
vt 0.077028 0.281523 0.000000
vt 0.077005 0.281709 0.000000
vt 0.077010 0.284742 0.000000
vt 0.077028 0.284927 0.000000
vt 0.296522 0.366530 0.000000
vt 0.318987 0.350802 0.000000
vt 0.315911 0.347140 0.000000
vt 0.330901 0.875700 0.000000
vt 0.305958 0.875700 0.000000
vt 0.305958 0.881716 0.000000
vt 0.330901 0.881716 0.000000
vt 0.251884 0.493409 0.000000
vt 0.258804 0.519238 0.000000
vt 0.256474 0.492603 0.000000
vt 0.312249 0.344067 0.000000
vt 0.305958 0.887732 0.000000
vt 0.330901 0.887732 0.000000
vt 0.261135 0.492603 0.000000
vt 0.308111 0.341677 0.000000
vt 0.305958 0.893748 0.000000
vt 0.330902 0.893748 0.000000
vt 0.265725 0.493409 0.000000
vt 0.303619 0.340042 0.000000
vt 0.305958 0.899763 0.000000
vt 0.330902 0.899763 0.000000
vt 0.270104 0.495007 0.000000
vt 0.298912 0.339212 0.000000
vt 0.305958 0.905779 0.000000
vt 0.330902 0.905779 0.000000
vt 0.274141 0.497337 0.000000
vt 0.294131 0.339212 0.000000
vt 0.305958 0.911795 0.000000
vt 0.330901 0.911795 0.000000
vt 0.277711 0.500333 0.000000
vt 0.289425 0.340042 0.000000
vt 0.305958 0.917811 0.000000
vt 0.330901 0.917811 0.000000
vt 0.280707 0.503903 0.000000
vt 0.284933 0.341677 0.000000
vt 0.305958 0.923826 0.000000
vt 0.330901 0.923826 0.000000
vt 0.283037 0.507938 0.000000
vt 0.280791 0.344067 0.000000
vt 0.305957 0.929842 0.000000
vt 0.330900 0.929842 0.000000
vt 0.284631 0.512318 0.000000
vt 0.277128 0.347140 0.000000
vt 0.305957 0.935858 0.000000
vt 0.330900 0.935858 0.000000
vt 0.285441 0.516908 0.000000
vt 0.274057 0.350802 0.000000
vt 0.305956 0.941874 0.000000
vt 0.330899 0.941874 0.000000
vt 0.285441 0.521568 0.000000
vt 0.271667 0.354942 0.000000
vt 0.305955 0.947890 0.000000
vt 0.330898 0.947890 0.000000
vt 0.284631 0.526158 0.000000
vt 0.270031 0.359434 0.000000
vt 0.305954 0.953901 0.000000
vt 0.330897 0.953905 0.000000
vt 0.283037 0.530539 0.000000
vt 0.269202 0.364141 0.000000
vt 0.305953 0.959916 0.000000
vt 0.330897 0.959921 0.000000
vt 0.280707 0.534574 0.000000
vt 0.269202 0.368921 0.000000
vt 0.305952 0.965932 0.000000
vt 0.330896 0.965937 0.000000
vt 0.277711 0.538143 0.000000
vt 0.270031 0.373629 0.000000
vt 0.305952 0.971948 0.000000
vt 0.330895 0.971953 0.000000
vt 0.274141 0.541140 0.000000
vt 0.271667 0.378121 0.000000
vt 0.305951 0.977964 0.000000
vt 0.330894 0.977968 0.000000
vt 0.270104 0.543470 0.000000
vt 0.274057 0.382260 0.000000
vt 0.305950 0.983980 0.000000
vt 0.330893 0.983984 0.000000
vt 0.265725 0.545063 0.000000
vt 0.277133 0.385922 0.000000
vt 0.305949 0.989995 0.000000
vt 0.330892 0.990000 0.000000
vt 0.261135 0.545874 0.000000
vt 0.280791 0.388994 0.000000
vt 0.330892 0.773437 0.000000
vt 0.305949 0.773437 0.000000
vt 0.305950 0.779453 0.000000
vt 0.330893 0.779453 0.000000
vt 0.256474 0.545874 0.000000
vt 0.284933 0.391384 0.000000
vt 0.305950 0.785468 0.000000
vt 0.330893 0.785468 0.000000
vt 0.251884 0.545063 0.000000
vt 0.289425 0.393019 0.000000
vt 0.305951 0.791484 0.000000
vt 0.330894 0.791484 0.000000
vt 0.247504 0.543470 0.000000
vt 0.294131 0.393849 0.000000
vt 0.305951 0.797500 0.000000
vt 0.330895 0.797500 0.000000
vt 0.243468 0.541140 0.000000
vt 0.298912 0.393849 0.000000
vt 0.305952 0.803516 0.000000
vt 0.330895 0.803516 0.000000
vt 0.239897 0.538143 0.000000
vt 0.303619 0.393019 0.000000
vt 0.305952 0.809531 0.000000
vt 0.330896 0.809531 0.000000
vt 0.236902 0.534574 0.000000
vt 0.308111 0.391384 0.000000
vt 0.305953 0.815547 0.000000
vt 0.330896 0.815547 0.000000
vt 0.234571 0.530539 0.000000
vt 0.312249 0.388994 0.000000
vt 0.305953 0.821563 0.000000
vt 0.330897 0.821563 0.000000
vt 0.232977 0.526158 0.000000
vt 0.315911 0.385922 0.000000
vt 0.305954 0.827579 0.000000
vt 0.330897 0.827579 0.000000
vt 0.232168 0.521568 0.000000
vt 0.318987 0.382260 0.000000
vt 0.305954 0.833594 0.000000
vt 0.330898 0.833590 0.000000
vt 0.232168 0.516908 0.000000
vt 0.321372 0.378121 0.000000
vt 0.305955 0.839610 0.000000
vt 0.330898 0.839606 0.000000
vt 0.232977 0.512318 0.000000
vt 0.323008 0.373629 0.000000
vt 0.305956 0.845626 0.000000
vt 0.330899 0.845621 0.000000
vt 0.234571 0.507938 0.000000
vt 0.323842 0.368921 0.000000
vt 0.305956 0.851642 0.000000
vt 0.330899 0.851637 0.000000
vt 0.236902 0.503903 0.000000
vt 0.323842 0.364141 0.000000
vt 0.305957 0.857658 0.000000
vt 0.330900 0.857653 0.000000
vt 0.239898 0.500333 0.000000
vt 0.323008 0.359434 0.000000
vt 0.305957 0.863673 0.000000
vt 0.330900 0.863669 0.000000
vt 0.243468 0.497337 0.000000
vt 0.321377 0.354942 0.000000
vt 0.305957 0.869689 0.000000
vt 0.330901 0.869684 0.000000
vt 0.247504 0.495007 0.000000
vt 0.193962 0.689608 0.000000
vt 0.193962 0.693821 0.000000
vt 0.199058 0.693821 0.000000
vt 0.199058 0.689608 0.000000
vt 0.204155 0.693821 0.000000
vt 0.204155 0.689608 0.000000
vt 0.209251 0.693821 0.000000
vt 0.209251 0.689608 0.000000
vt 0.214347 0.693821 0.000000
vt 0.214347 0.689608 0.000000
vt 0.219443 0.693821 0.000000
vt 0.219443 0.689608 0.000000
vt 0.224539 0.693821 0.000000
vt 0.224539 0.689608 0.000000
vt 0.229635 0.693821 0.000000
vt 0.229635 0.689608 0.000000
vt 0.234731 0.693821 0.000000
vt 0.234731 0.689608 0.000000
vt 0.239828 0.693821 0.000000
vt 0.239828 0.689608 0.000000
vt 0.244924 0.693821 0.000000
vt 0.244924 0.689608 0.000000
vt 0.250020 0.693821 0.000000
vt 0.250020 0.689608 0.000000
vt 0.255116 0.693821 0.000000
vt 0.255116 0.689608 0.000000
vt 0.260212 0.693821 0.000000
vt 0.260212 0.689608 0.000000
vt 0.265308 0.693821 0.000000
vt 0.265308 0.689608 0.000000
vt 0.270404 0.693821 0.000000
vt 0.270404 0.689608 0.000000
vt 0.275500 0.693821 0.000000
vt 0.275500 0.689608 0.000000
vt 0.280597 0.693821 0.000000
vt 0.280597 0.689608 0.000000
vt 0.285693 0.693821 0.000000
vt 0.285693 0.689608 0.000000
vt 0.290789 0.693821 0.000000
vt 0.290789 0.689608 0.000000
vt 0.107328 0.689608 0.000000
vt 0.107328 0.693821 0.000000
vt 0.112424 0.693821 0.000000
vt 0.112424 0.689608 0.000000
vt 0.117520 0.693821 0.000000
vt 0.117520 0.689608 0.000000
vt 0.122616 0.693821 0.000000
vt 0.122616 0.689608 0.000000
vt 0.127713 0.693821 0.000000
vt 0.127713 0.689608 0.000000
vt 0.132809 0.693821 0.000000
vt 0.132809 0.689608 0.000000
vt 0.137905 0.693821 0.000000
vt 0.137905 0.689608 0.000000
vt 0.143001 0.693821 0.000000
vt 0.143001 0.689608 0.000000
vt 0.148097 0.693821 0.000000
vt 0.148097 0.689608 0.000000
vt 0.153193 0.693821 0.000000
vt 0.153193 0.689608 0.000000
vt 0.158289 0.693821 0.000000
vt 0.158289 0.689608 0.000000
vt 0.163386 0.693821 0.000000
vt 0.163386 0.689608 0.000000
vt 0.168482 0.693821 0.000000
vt 0.168482 0.689608 0.000000
vt 0.173578 0.693821 0.000000
vt 0.173578 0.689608 0.000000
vt 0.178674 0.693821 0.000000
vt 0.178674 0.689608 0.000000
vt 0.183770 0.693821 0.000000
vt 0.183770 0.689608 0.000000
vt 0.188866 0.693821 0.000000
vt 0.188866 0.689608 0.000000
vt 0.324793 0.346737 0.000000
vt 0.320925 0.342129 0.000000
vt 0.199058 0.682469 0.000000
vt 0.193962 0.682469 0.000000
vt 0.316317 0.338262 0.000000
vt 0.204155 0.682469 0.000000
vt 0.311107 0.335254 0.000000
vt 0.209251 0.682469 0.000000
vt 0.305455 0.333196 0.000000
vt 0.214347 0.682469 0.000000
vt 0.299528 0.332152 0.000000
vt 0.219443 0.682469 0.000000
vt 0.293512 0.332152 0.000000
vt 0.224539 0.682469 0.000000
vt 0.287589 0.333196 0.000000
vt 0.229635 0.682469 0.000000
vt 0.281937 0.335254 0.000000
vt 0.234731 0.682469 0.000000
vt 0.276727 0.338262 0.000000
vt 0.239828 0.682469 0.000000
vt 0.272119 0.342129 0.000000
vt 0.244924 0.682469 0.000000
vt 0.268251 0.346737 0.000000
vt 0.250020 0.682469 0.000000
vt 0.265246 0.351947 0.000000
vt 0.255116 0.682469 0.000000
vt 0.263186 0.357600 0.000000
vt 0.260212 0.682469 0.000000
vt 0.262142 0.363524 0.000000
vt 0.265308 0.682469 0.000000
vt 0.262142 0.369539 0.000000
vt 0.270404 0.682469 0.000000
vt 0.263186 0.375464 0.000000
vt 0.275500 0.682469 0.000000
vt 0.265246 0.381116 0.000000
vt 0.280597 0.682469 0.000000
vt 0.268251 0.386326 0.000000
vt 0.285693 0.682469 0.000000
vt 0.272119 0.390933 0.000000
vt 0.290789 0.682469 0.000000
vt 0.276727 0.394800 0.000000
vt 0.112424 0.682469 0.000000
vt 0.107328 0.682469 0.000000
vt 0.281937 0.397808 0.000000
vt 0.117520 0.682469 0.000000
vt 0.287589 0.399865 0.000000
vt 0.122616 0.682469 0.000000
vt 0.293512 0.400909 0.000000
vt 0.127713 0.682469 0.000000
vt 0.299528 0.400909 0.000000
vt 0.132809 0.682469 0.000000
vt 0.305455 0.399865 0.000000
vt 0.137905 0.682469 0.000000
vt 0.311107 0.397808 0.000000
vt 0.143001 0.682469 0.000000
vt 0.316317 0.394800 0.000000
vt 0.148097 0.682469 0.000000
vt 0.320925 0.390934 0.000000
vt 0.153193 0.682469 0.000000
vt 0.324788 0.386326 0.000000
vt 0.158289 0.682469 0.000000
vt 0.327798 0.381116 0.000000
vt 0.163386 0.682469 0.000000
vt 0.329853 0.375464 0.000000
vt 0.168482 0.682469 0.000000
vt 0.330902 0.369540 0.000000
vt 0.173578 0.682469 0.000000
vt 0.330902 0.363524 0.000000
vt 0.178674 0.682469 0.000000
vt 0.329858 0.357600 0.000000
vt 0.183770 0.682469 0.000000
vt 0.327798 0.351947 0.000000
vt 0.188866 0.682469 0.000000
vt 0.732315 0.270360 0.000000
vt 0.717035 0.266264 0.000000
vt 0.716556 0.268981 0.000000
vt 0.358086 0.349613 0.000000
vt 0.341602 0.349613 0.000000
vt 0.341602 0.352372 0.000000
vt 0.358086 0.352372 0.000000
vt 0.725999 0.980926 0.000000
vt 0.740337 0.974241 0.000000
vt 0.725058 0.978335 0.000000
vt 0.716556 0.271739 0.000000
vt 0.341602 0.355130 0.000000
vt 0.358086 0.355130 0.000000
vt 0.724578 0.975620 0.000000
vt 0.717035 0.274456 0.000000
vt 0.341602 0.357889 0.000000
vt 0.358086 0.357889 0.000000
vt 0.724578 0.972862 0.000000
vt 0.717978 0.277047 0.000000
vt 0.341602 0.360643 0.000000
vt 0.358086 0.360643 0.000000
vt 0.725058 0.970147 0.000000
vt 0.719356 0.279432 0.000000
vt 0.341602 0.363401 0.000000
vt 0.358086 0.363401 0.000000
vt 0.725999 0.967555 0.000000
vt 0.721129 0.281548 0.000000
vt 0.341602 0.366160 0.000000
vt 0.358086 0.366160 0.000000
vt 0.727378 0.965167 0.000000
vt 0.723241 0.283319 0.000000
vt 0.341602 0.368918 0.000000
vt 0.358086 0.368918 0.000000
vt 0.729154 0.963055 0.000000
vt 0.725629 0.284698 0.000000
vt 0.341602 0.371672 0.000000
vt 0.358086 0.371677 0.000000
vt 0.731264 0.961283 0.000000
vt 0.728220 0.285639 0.000000
vt 0.341602 0.374431 0.000000
vt 0.358086 0.374431 0.000000
vt 0.733650 0.959904 0.000000
vt 0.730936 0.286119 0.000000
vt 0.341602 0.377190 0.000000
vt 0.358086 0.377190 0.000000
vt 0.736241 0.958961 0.000000
vt 0.733693 0.286119 0.000000
vt 0.341602 0.379944 0.000000
vt 0.358085 0.379948 0.000000
vt 0.738958 0.958482 0.000000
vt 0.736409 0.285639 0.000000
vt 0.341601 0.382702 0.000000
vt 0.358085 0.382707 0.000000
vt 0.741716 0.958482 0.000000
vt 0.739000 0.284698 0.000000
vt 0.341601 0.385461 0.000000
vt 0.358085 0.385461 0.000000
vt 0.744433 0.958961 0.000000
vt 0.741388 0.283319 0.000000
vt 0.341600 0.388219 0.000000
vt 0.358084 0.388219 0.000000
vt 0.747024 0.959904 0.000000
vt 0.743501 0.281548 0.000000
vt 0.341600 0.390973 0.000000
vt 0.358084 0.390978 0.000000
vt 0.749409 0.961282 0.000000
vt 0.745273 0.279432 0.000000
vt 0.341600 0.393732 0.000000
vt 0.358083 0.393737 0.000000
vt 0.751525 0.963055 0.000000
vt 0.746652 0.277047 0.000000
vt 0.341599 0.396490 0.000000
vt 0.358083 0.396490 0.000000
vt 0.753296 0.965167 0.000000
vt 0.747595 0.274456 0.000000
vt 0.341599 0.399249 0.000000
vt 0.358083 0.399249 0.000000
vt 0.754675 0.967555 0.000000
vt 0.748074 0.271739 0.000000
vt 0.341599 0.402008 0.000000
vt 0.358082 0.402008 0.000000
vt 0.755616 0.970147 0.000000
vt 0.748074 0.268981 0.000000
vt 0.358082 0.302736 0.000000
vt 0.341598 0.302740 0.000000
vt 0.341598 0.305494 0.000000
vt 0.358082 0.305494 0.000000
vt 0.756096 0.972862 0.000000
vt 0.747595 0.266264 0.000000
vt 0.341599 0.308253 0.000000
vt 0.358083 0.308253 0.000000
vt 0.756096 0.975620 0.000000
vt 0.746652 0.263673 0.000000
vt 0.341599 0.311011 0.000000
vt 0.358083 0.311011 0.000000
vt 0.755616 0.978335 0.000000
vt 0.745273 0.261287 0.000000
vt 0.341599 0.313770 0.000000
vt 0.358083 0.313765 0.000000
vt 0.754675 0.980926 0.000000
vt 0.743501 0.259176 0.000000
vt 0.341599 0.316524 0.000000
vt 0.358083 0.316524 0.000000
vt 0.753296 0.983314 0.000000
vt 0.741388 0.257401 0.000000
vt 0.341600 0.319283 0.000000
vt 0.358083 0.319283 0.000000
vt 0.751525 0.985427 0.000000
vt 0.739000 0.256022 0.000000
vt 0.341600 0.322041 0.000000
vt 0.358084 0.322041 0.000000
vt 0.749409 0.987199 0.000000
vt 0.736409 0.255080 0.000000
vt 0.341600 0.324800 0.000000
vt 0.358084 0.324795 0.000000
vt 0.747024 0.988578 0.000000
vt 0.733693 0.254600 0.000000
vt 0.341600 0.327554 0.000000
vt 0.358084 0.327554 0.000000
vt 0.744433 0.989521 0.000000
vt 0.730936 0.254600 0.000000
vt 0.341601 0.330312 0.000000
vt 0.358084 0.330312 0.000000
vt 0.741716 0.990000 0.000000
vt 0.728220 0.255080 0.000000
vt 0.341601 0.333071 0.000000
vt 0.358085 0.333071 0.000000
vt 0.738958 0.990000 0.000000
vt 0.725629 0.256022 0.000000
vt 0.341601 0.335829 0.000000
vt 0.358085 0.335825 0.000000
vt 0.736241 0.989521 0.000000
vt 0.723241 0.257401 0.000000
vt 0.341601 0.338583 0.000000
vt 0.358085 0.338583 0.000000
vt 0.733650 0.988578 0.000000
vt 0.721129 0.259176 0.000000
vt 0.341601 0.341342 0.000000
vt 0.358085 0.341342 0.000000
vt 0.731264 0.987199 0.000000
vt 0.719356 0.261287 0.000000
vt 0.341602 0.344101 0.000000
vt 0.358085 0.344101 0.000000
vt 0.729154 0.985427 0.000000
vt 0.717978 0.263673 0.000000
vt 0.341602 0.346859 0.000000
vt 0.358086 0.346854 0.000000
vt 0.727378 0.983314 0.000000
vt 0.744564 0.616121 0.000000
vt 0.744463 0.609406 0.000000
vt 0.725343 0.609453 0.000000
vt 0.725197 0.616167 0.000000
vt 0.744419 0.603675 0.000000
vt 0.725366 0.603717 0.000000
vt 0.744400 0.599411 0.000000
vt 0.725347 0.599453 0.000000
vt 0.744392 0.596480 0.000000
vt 0.725322 0.596522 0.000000
vt 0.744391 0.594798 0.000000
vt 0.725310 0.594845 0.000000
vt 0.744392 0.593247 0.000000
vt 0.725298 0.593293 0.000000
vt 0.744392 0.592711 0.000000
vt 0.725296 0.592753 0.000000
vt 0.744387 0.591746 0.000000
vt 0.725297 0.591788 0.000000
vt 0.744386 0.590800 0.000000
vt 0.725294 0.590837 0.000000
vt 0.744385 0.589864 0.000000
vt 0.725291 0.589901 0.000000
vt 0.744382 0.588932 0.000000
vt 0.725290 0.588964 0.000000
vt 0.744376 0.587562 0.000000
vt 0.725289 0.587590 0.000000
vt 0.744371 0.586173 0.000000
vt 0.725289 0.586196 0.000000
vt 0.744361 0.584333 0.000000
vt 0.725291 0.584347 0.000000
vt 0.744352 0.582054 0.000000
vt 0.725294 0.582059 0.000000
vt 0.744354 0.579035 0.000000
vt 0.725292 0.579030 0.000000
vt 0.744413 0.575274 0.000000
vt 0.725260 0.575265 0.000000
vt 0.744500 0.572837 0.000000
vt 0.725222 0.572828 0.000000
vt 0.725385 0.790460 0.000000
vt 0.725425 0.819347 0.000000
vt 0.744507 0.819402 0.000000
vt 0.744507 0.790516 0.000000
vt 0.725413 0.840185 0.000000
vt 0.744555 0.840246 0.000000
vt 0.744992 0.616028 0.000000
vt 0.744887 0.609397 0.000000
vt 0.744841 0.603670 0.000000
vt 0.744822 0.599407 0.000000
vt 0.744815 0.596480 0.000000
vt 0.744814 0.594803 0.000000
vt 0.744816 0.593251 0.000000
vt 0.744816 0.592715 0.000000
vt 0.744812 0.591751 0.000000
vt 0.744811 0.590805 0.000000
vt 0.744811 0.589873 0.000000
vt 0.744808 0.588941 0.000000
vt 0.744802 0.587566 0.000000
vt 0.744797 0.586178 0.000000
vt 0.744788 0.584337 0.000000
vt 0.744778 0.582059 0.000000
vt 0.744781 0.579039 0.000000
vt 0.744841 0.575279 0.000000
vt 0.744927 0.572916 0.000000
vt 0.724962 0.790549 0.000000
vt 0.724995 0.819319 0.000000
vt 0.724989 0.840092 0.000000
vt 0.745400 0.615790 0.000000
vt 0.745294 0.609388 0.000000
vt 0.745248 0.603670 0.000000
vt 0.745230 0.599421 0.000000
vt 0.745224 0.596499 0.000000
vt 0.745223 0.594831 0.000000
vt 0.745227 0.593279 0.000000
vt 0.745228 0.592753 0.000000
vt 0.745224 0.591788 0.000000
vt 0.745226 0.590847 0.000000
vt 0.745228 0.589910 0.000000
vt 0.745227 0.588978 0.000000
vt 0.745223 0.587604 0.000000
vt 0.745220 0.586210 0.000000
vt 0.745212 0.584360 0.000000
vt 0.745204 0.582077 0.000000
vt 0.745208 0.579053 0.000000
vt 0.745268 0.575293 0.000000
vt 0.745349 0.573121 0.000000
vt 0.724556 0.790782 0.000000
vt 0.724532 0.819235 0.000000
vt 0.724566 0.839882 0.000000
vt 0.725689 0.562131 0.000000
vt 0.725899 0.561656 0.000000
vt 0.725317 0.555583 0.000000
vt 0.724944 0.555621 0.000000
vt 0.725319 0.549814 0.000000
vt 0.724948 0.549776 0.000000
vt 0.725732 0.545549 0.000000
vt 0.725364 0.545475 0.000000
vt 0.726286 0.542692 0.000000
vt 0.725924 0.542576 0.000000
vt 0.726726 0.541122 0.000000
vt 0.726373 0.540968 0.000000
vt 0.727254 0.539714 0.000000
vt 0.726916 0.539523 0.000000
vt 0.727463 0.539267 0.000000
vt 0.727139 0.539048 0.000000
vt 0.727907 0.538475 0.000000
vt 0.727604 0.538214 0.000000
vt 0.728420 0.537748 0.000000
vt 0.728145 0.537459 0.000000
vt 0.729003 0.537091 0.000000
vt 0.728757 0.536764 0.000000
vt 0.729652 0.536485 0.000000
vt 0.729437 0.536135 0.000000
vt 0.730714 0.535683 0.000000
vt 0.730535 0.535306 0.000000
vt 0.731876 0.534984 0.000000
vt 0.731734 0.534588 0.000000
vt 0.733526 0.534210 0.000000
vt 0.733423 0.533796 0.000000
vt 0.735677 0.533451 0.000000
vt 0.735614 0.533027 0.000000
vt 0.738628 0.532756 0.000000
vt 0.738605 0.532332 0.000000
vt 0.742372 0.532342 0.000000
vt 0.742400 0.531917 0.000000
vt 0.744255 0.532342 0.000000
vt 0.744636 0.532011 0.000000
vt 0.745023 0.559517 0.000000
vt 0.744636 0.559372 0.000000
vt 0.726191 0.561167 0.000000
vt 0.725677 0.555551 0.000000
vt 0.725673 0.549842 0.000000
vt 0.726086 0.545619 0.000000
vt 0.726637 0.542804 0.000000
vt 0.727067 0.541271 0.000000
vt 0.727581 0.539905 0.000000
vt 0.727775 0.539486 0.000000
vt 0.728198 0.538726 0.000000
vt 0.728684 0.538041 0.000000
vt 0.729240 0.537412 0.000000
vt 0.729857 0.536834 0.000000
vt 0.730884 0.536061 0.000000
vt 0.732013 0.535380 0.000000
vt 0.733622 0.534625 0.000000
vt 0.735731 0.533880 0.000000
vt 0.738656 0.533180 0.000000
vt 0.742368 0.532766 0.000000
vt 0.743883 0.532747 0.000000
vt 0.745400 0.559158 0.000000
vt 0.724917 0.609448 0.000000
vt 0.724771 0.616084 0.000000
vt 0.724944 0.603717 0.000000
vt 0.724925 0.599453 0.000000
vt 0.724900 0.596527 0.000000
vt 0.724887 0.594849 0.000000
vt 0.724874 0.593298 0.000000
vt 0.724872 0.592762 0.000000
vt 0.724873 0.591797 0.000000
vt 0.724870 0.590847 0.000000
vt 0.724866 0.589910 0.000000
vt 0.724865 0.588974 0.000000
vt 0.724864 0.587599 0.000000
vt 0.724863 0.586206 0.000000
vt 0.724865 0.584356 0.000000
vt 0.724868 0.582068 0.000000
vt 0.724866 0.579039 0.000000
vt 0.724834 0.575274 0.000000
vt 0.724790 0.572907 0.000000
vt 0.744937 0.819379 0.000000
vt 0.744930 0.790605 0.000000
vt 0.744977 0.840153 0.000000
vt 0.724509 0.609439 0.000000
vt 0.724365 0.615841 0.000000
vt 0.724537 0.603717 0.000000
vt 0.724518 0.599463 0.000000
vt 0.724491 0.596546 0.000000
vt 0.724478 0.594877 0.000000
vt 0.724464 0.593330 0.000000
vt 0.724460 0.592799 0.000000
vt 0.724460 0.591835 0.000000
vt 0.724455 0.590889 0.000000
vt 0.724450 0.589957 0.000000
vt 0.724447 0.589020 0.000000
vt 0.724443 0.587636 0.000000
vt 0.724441 0.586238 0.000000
vt 0.724441 0.584384 0.000000
vt 0.724443 0.582091 0.000000
vt 0.724440 0.579058 0.000000
vt 0.724408 0.575293 0.000000
vt 0.724365 0.573112 0.000000
vt 0.745400 0.819291 0.000000
vt 0.745336 0.790838 0.000000
vt 0.745400 0.839943 0.000000
vt 0.483330 0.255033 0.000000
vt 0.476861 0.254600 0.000000
vt 0.476847 0.254981 0.000000
vt 0.482910 0.255350 0.000000
vt 0.471096 0.254804 0.000000
vt 0.471138 0.255184 0.000000
vt 0.466850 0.255355 0.000000
vt 0.466939 0.255729 0.000000
vt 0.463993 0.256010 0.000000
vt 0.464129 0.256373 0.000000
vt 0.462409 0.256526 0.000000
vt 0.462581 0.256876 0.000000
vt 0.460992 0.257136 0.000000
vt 0.461202 0.257469 0.000000
vt 0.460526 0.257382 0.000000
vt 0.460764 0.257699 0.000000
vt 0.459715 0.257891 0.000000
vt 0.459990 0.258184 0.000000
vt 0.458983 0.258470 0.000000
vt 0.459291 0.258735 0.000000
vt 0.458322 0.259118 0.000000
vt 0.458657 0.259352 0.000000
vt 0.457725 0.259828 0.000000
vt 0.458088 0.260031 0.000000
vt 0.456965 0.260965 0.000000
vt 0.457348 0.261133 0.000000
vt 0.456318 0.262195 0.000000
vt 0.456718 0.262326 0.000000
vt 0.455637 0.263914 0.000000
vt 0.456052 0.264008 0.000000
vt 0.455027 0.266122 0.000000
vt 0.455451 0.266178 0.000000
vt 0.454537 0.269117 0.000000
vt 0.454966 0.269134 0.000000
vt 0.454369 0.272900 0.000000
vt 0.454798 0.272871 0.000000
vt 0.454542 0.275102 0.000000
vt 0.454915 0.274742 0.000000
vt 0.481997 0.275102 0.000000
vt 0.482514 0.275143 0.000000
vt 0.476847 0.255347 0.000000
vt 0.482458 0.255683 0.000000
vt 0.471185 0.255546 0.000000
vt 0.467027 0.256087 0.000000
vt 0.464254 0.256722 0.000000
vt 0.462754 0.257211 0.000000
vt 0.461411 0.257788 0.000000
vt 0.461001 0.258003 0.000000
vt 0.460260 0.258466 0.000000
vt 0.459599 0.258989 0.000000
vt 0.458997 0.259578 0.000000
vt 0.458447 0.260226 0.000000
vt 0.457730 0.261293 0.000000
vt 0.457119 0.262452 0.000000
vt 0.456467 0.264097 0.000000
vt 0.455875 0.266231 0.000000
vt 0.455395 0.269157 0.000000
vt 0.455227 0.272861 0.000000
vt 0.455316 0.274368 0.000000
vt 0.482090 0.274768 0.000000
vt 0.725199 0.479278 0.000000
vt 0.725301 0.485988 0.000000
vt 0.744422 0.485946 0.000000
vt 0.744567 0.479232 0.000000
vt 0.725347 0.491720 0.000000
vt 0.744398 0.491682 0.000000
vt 0.725368 0.495983 0.000000
vt 0.744416 0.495951 0.000000
vt 0.725378 0.498914 0.000000
vt 0.744442 0.498882 0.000000
vt 0.725381 0.500592 0.000000
vt 0.744458 0.500559 0.000000
vt 0.725381 0.502144 0.000000
vt 0.744473 0.502111 0.000000
vt 0.725382 0.502684 0.000000
vt 0.744475 0.502652 0.000000
vt 0.725387 0.503649 0.000000
vt 0.744477 0.503621 0.000000
vt 0.725390 0.504595 0.000000
vt 0.744481 0.504567 0.000000
vt 0.725391 0.505527 0.000000
vt 0.744486 0.505503 0.000000
vt 0.725394 0.506459 0.000000
vt 0.744487 0.506445 0.000000
vt 0.725400 0.507829 0.000000
vt 0.744489 0.507819 0.000000
vt 0.725406 0.509217 0.000000
vt 0.744490 0.509212 0.000000
vt 0.725414 0.511058 0.000000
vt 0.744487 0.511058 0.000000
vt 0.725422 0.513336 0.000000
vt 0.744482 0.513350 0.000000
vt 0.725417 0.516361 0.000000
vt 0.744480 0.516379 0.000000
vt 0.725355 0.520121 0.000000
vt 0.744507 0.520144 0.000000
vt 0.725266 0.522553 0.000000
vt 0.744543 0.522581 0.000000
vt 0.231957 0.480493 0.000000
vt 0.260731 0.480493 0.000000
vt 0.260731 0.461413 0.000000
vt 0.231957 0.461413 0.000000
vt 0.281553 0.480493 0.000000
vt 0.281553 0.461413 0.000000
vt 0.724771 0.479367 0.000000
vt 0.724877 0.485998 0.000000
vt 0.724925 0.491724 0.000000
vt 0.724946 0.495983 0.000000
vt 0.724955 0.498914 0.000000
vt 0.724958 0.500592 0.000000
vt 0.724957 0.502144 0.000000
vt 0.724957 0.502679 0.000000
vt 0.724963 0.503644 0.000000
vt 0.724964 0.504590 0.000000
vt 0.724965 0.505522 0.000000
vt 0.724968 0.506454 0.000000
vt 0.724974 0.507824 0.000000
vt 0.724979 0.509212 0.000000
vt 0.724988 0.511053 0.000000
vt 0.724996 0.513332 0.000000
vt 0.724990 0.516351 0.000000
vt 0.724927 0.520112 0.000000
vt 0.724838 0.522474 0.000000
vt 0.231957 0.480924 0.000000
vt 0.260731 0.480924 0.000000
vt 0.281553 0.480924 0.000000
vt 0.724364 0.479604 0.000000
vt 0.724470 0.486007 0.000000
vt 0.724518 0.491724 0.000000
vt 0.724538 0.495974 0.000000
vt 0.724546 0.498896 0.000000
vt 0.724548 0.500564 0.000000
vt 0.724546 0.502111 0.000000
vt 0.724545 0.502642 0.000000
vt 0.724550 0.503607 0.000000
vt 0.724549 0.504548 0.000000
vt 0.724548 0.505480 0.000000
vt 0.724549 0.506412 0.000000
vt 0.724553 0.507791 0.000000
vt 0.724556 0.509185 0.000000
vt 0.724564 0.511030 0.000000
vt 0.724570 0.513318 0.000000
vt 0.724564 0.516337 0.000000
vt 0.724500 0.520097 0.000000
vt 0.724416 0.522269 0.000000
vt 0.231957 0.481394 0.000000
vt 0.260731 0.481394 0.000000
vt 0.281553 0.481394 0.000000
vt 0.744640 0.439119 0.000000
vt 0.744446 0.439594 0.000000
vt 0.745026 0.445672 0.000000
vt 0.745400 0.445630 0.000000
vt 0.745025 0.451442 0.000000
vt 0.745396 0.451475 0.000000
vt 0.744614 0.455702 0.000000
vt 0.744982 0.455781 0.000000
vt 0.744058 0.458559 0.000000
vt 0.744420 0.458676 0.000000
vt 0.743617 0.460130 0.000000
vt 0.743969 0.460288 0.000000
vt 0.743087 0.461537 0.000000
vt 0.743426 0.461729 0.000000
vt 0.742879 0.461985 0.000000
vt 0.743203 0.462204 0.000000
vt 0.742435 0.462782 0.000000
vt 0.742738 0.463038 0.000000
vt 0.741922 0.463504 0.000000
vt 0.742197 0.463798 0.000000
vt 0.741339 0.464166 0.000000
vt 0.741585 0.464488 0.000000
vt 0.740691 0.464772 0.000000
vt 0.740906 0.465122 0.000000
vt 0.739630 0.465574 0.000000
vt 0.739809 0.465947 0.000000
vt 0.738468 0.466273 0.000000
vt 0.738611 0.466664 0.000000
vt 0.736819 0.467047 0.000000
vt 0.736922 0.467461 0.000000
vt 0.734669 0.467806 0.000000
vt 0.734732 0.468230 0.000000
vt 0.731718 0.468505 0.000000
vt 0.731741 0.468930 0.000000
vt 0.727973 0.468920 0.000000
vt 0.727946 0.469344 0.000000
vt 0.726091 0.468920 0.000000
vt 0.725710 0.469256 0.000000
vt 0.725323 0.441757 0.000000
vt 0.725710 0.441897 0.000000
vt 0.744156 0.440084 0.000000
vt 0.744666 0.445700 0.000000
vt 0.744672 0.451409 0.000000
vt 0.744260 0.455637 0.000000
vt 0.743707 0.458452 0.000000
vt 0.743275 0.459981 0.000000
vt 0.742761 0.461351 0.000000
vt 0.742566 0.461766 0.000000
vt 0.742144 0.462526 0.000000
vt 0.741658 0.463211 0.000000
vt 0.741102 0.463840 0.000000
vt 0.740485 0.464418 0.000000
vt 0.739459 0.465196 0.000000
vt 0.738332 0.465877 0.000000
vt 0.736723 0.466632 0.000000
vt 0.734615 0.467382 0.000000
vt 0.731690 0.468077 0.000000
vt 0.727978 0.468496 0.000000
vt 0.726462 0.468515 0.000000
vt 0.724938 0.442102 0.000000
vt 0.744848 0.485956 0.000000
vt 0.744994 0.479320 0.000000
vt 0.744820 0.491687 0.000000
vt 0.744838 0.495951 0.000000
vt 0.744865 0.498877 0.000000
vt 0.744881 0.500555 0.000000
vt 0.744896 0.502106 0.000000
vt 0.744900 0.502642 0.000000
vt 0.744901 0.503611 0.000000
vt 0.744906 0.504557 0.000000
vt 0.744911 0.505494 0.000000
vt 0.744913 0.506431 0.000000
vt 0.744915 0.507810 0.000000
vt 0.744916 0.509203 0.000000
vt 0.744913 0.511053 0.000000
vt 0.744908 0.513341 0.000000
vt 0.744906 0.516370 0.000000
vt 0.744933 0.520135 0.000000
vt 0.744974 0.522502 0.000000
vt 0.260731 0.460982 0.000000
vt 0.231957 0.460982 0.000000
vt 0.281553 0.460982 0.000000
vt 0.745256 0.485965 0.000000
vt 0.745400 0.479558 0.000000
vt 0.745227 0.491687 0.000000
vt 0.745246 0.495937 0.000000
vt 0.745273 0.498859 0.000000
vt 0.745290 0.500522 0.000000
vt 0.745306 0.502074 0.000000
vt 0.745311 0.502605 0.000000
vt 0.745313 0.503569 0.000000
vt 0.745320 0.504511 0.000000
vt 0.745327 0.505447 0.000000
vt 0.745331 0.506389 0.000000
vt 0.745335 0.507768 0.000000
vt 0.745338 0.509166 0.000000
vt 0.745337 0.511025 0.000000
vt 0.745333 0.513318 0.000000
vt 0.745332 0.516351 0.000000
vt 0.745359 0.520116 0.000000
vt 0.745400 0.522297 0.000000
vt 0.260731 0.460512 0.000000
vt 0.231957 0.460512 0.000000
vt 0.281553 0.460512 0.000000
vt 0.744986 0.427893 0.000000
vt 0.745400 0.421425 0.000000
vt 0.745019 0.421411 0.000000
vt 0.744669 0.427473 0.000000
vt 0.745176 0.415661 0.000000
vt 0.744797 0.415707 0.000000
vt 0.744612 0.411420 0.000000
vt 0.744239 0.411509 0.000000
vt 0.743948 0.408564 0.000000
vt 0.743585 0.408699 0.000000
vt 0.743426 0.406984 0.000000
vt 0.743077 0.407156 0.000000
vt 0.742811 0.405567 0.000000
vt 0.742479 0.405777 0.000000
vt 0.742563 0.405101 0.000000
vt 0.742247 0.405344 0.000000
vt 0.742051 0.404295 0.000000
vt 0.741759 0.404570 0.000000
vt 0.741469 0.403564 0.000000
vt 0.741206 0.403871 0.000000
vt 0.740820 0.402907 0.000000
vt 0.740586 0.403242 0.000000
vt 0.740107 0.402315 0.000000
vt 0.739905 0.402674 0.000000
vt 0.738967 0.401555 0.000000
vt 0.738801 0.401937 0.000000
vt 0.737735 0.400917 0.000000
vt 0.737605 0.401318 0.000000
vt 0.736014 0.400241 0.000000
vt 0.735922 0.400656 0.000000
vt 0.733804 0.399640 0.000000
vt 0.733750 0.400059 0.000000
vt 0.730808 0.399160 0.000000
vt 0.730793 0.399589 0.000000
vt 0.727027 0.399006 0.000000
vt 0.727057 0.399435 0.000000
vt 0.724826 0.399188 0.000000
vt 0.725187 0.399556 0.000000
vt 0.724826 0.426635 0.000000
vt 0.724891 0.427147 0.000000
vt 0.744653 0.421416 0.000000
vt 0.744336 0.427021 0.000000
vt 0.744435 0.415749 0.000000
vt 0.743881 0.411597 0.000000
vt 0.743237 0.408829 0.000000
vt 0.742742 0.407329 0.000000
vt 0.742161 0.405987 0.000000
vt 0.741945 0.405581 0.000000
vt 0.741479 0.404840 0.000000
vt 0.740954 0.404183 0.000000
vt 0.740362 0.403582 0.000000
vt 0.739712 0.403037 0.000000
vt 0.738643 0.402324 0.000000
vt 0.737481 0.401718 0.000000
vt 0.735835 0.401075 0.000000
vt 0.733699 0.400488 0.000000
vt 0.730772 0.400017 0.000000
vt 0.727069 0.399864 0.000000
vt 0.725563 0.399957 0.000000
vt 0.725263 0.426728 0.000000
vt 0.632534 0.478794 0.000000
vt 0.632534 0.461022 0.000000
vt 0.619823 0.461022 0.000000
vt 0.619823 0.478794 0.000000
vt 0.632534 0.496115 0.000000
vt 0.619823 0.496115 0.000000
vt 0.632534 0.513133 0.000000
vt 0.619823 0.513133 0.000000
vt 0.632534 0.529962 0.000000
vt 0.619823 0.529962 0.000000
vt 0.632534 0.546687 0.000000
vt 0.619823 0.546687 0.000000
vt 0.632534 0.563381 0.000000
vt 0.619823 0.563381 0.000000
vt 0.632534 0.580107 0.000000
vt 0.619823 0.580107 0.000000
vt 0.632534 0.596935 0.000000
vt 0.619823 0.596935 0.000000
vt 0.632534 0.613953 0.000000
vt 0.619823 0.613953 0.000000
vt 0.632534 0.631274 0.000000
vt 0.619823 0.631274 0.000000
vt 0.632534 0.649046 0.000000
vt 0.619823 0.649046 0.000000
vt 0.632534 0.666818 0.000000
vt 0.619823 0.666818 0.000000
vt 0.632534 0.684139 0.000000
vt 0.619823 0.684139 0.000000
vt 0.632534 0.701157 0.000000
vt 0.619823 0.701157 0.000000
vt 0.632534 0.717985 0.000000
vt 0.619823 0.717985 0.000000
vt 0.632534 0.734711 0.000000
vt 0.619823 0.734711 0.000000
vt 0.632534 0.751404 0.000000
vt 0.619823 0.751404 0.000000
vt 0.632534 0.768130 0.000000
vt 0.619823 0.768130 0.000000
vt 0.632534 0.784958 0.000000
vt 0.619823 0.784958 0.000000
vt 0.632534 0.801976 0.000000
vt 0.619823 0.801976 0.000000
vt 0.632534 0.819297 0.000000
vt 0.619823 0.819297 0.000000
vt 0.632534 0.837069 0.000000
vt 0.619823 0.837069 0.000000
vt 0.632534 0.854842 0.000000
vt 0.619823 0.854842 0.000000
vt 0.632534 0.872162 0.000000
vt 0.619823 0.872162 0.000000
vt 0.632534 0.889180 0.000000
vt 0.619823 0.889180 0.000000
vt 0.632534 0.906009 0.000000
vt 0.619823 0.906009 0.000000
vt 0.632534 0.922735 0.000000
vt 0.619823 0.922735 0.000000
vt 0.632534 0.939428 0.000000
vt 0.619823 0.939428 0.000000
vt 0.632534 0.956154 0.000000
vt 0.619823 0.956154 0.000000
vt 0.632534 0.972982 0.000000
vt 0.619823 0.972982 0.000000
vt 0.632534 0.990000 0.000000
vt 0.619823 0.990000 0.000000
vt 0.632534 0.255227 0.000000
vt 0.632534 0.237906 0.000000
vt 0.619823 0.237906 0.000000
vt 0.619823 0.255227 0.000000
vt 0.632534 0.272999 0.000000
vt 0.619823 0.272999 0.000000
vt 0.632534 0.290771 0.000000
vt 0.619823 0.290771 0.000000
vt 0.632534 0.308092 0.000000
vt 0.619823 0.308092 0.000000
vt 0.632534 0.325110 0.000000
vt 0.619823 0.325110 0.000000
vt 0.632534 0.341938 0.000000
vt 0.619823 0.341938 0.000000
vt 0.632534 0.358664 0.000000
vt 0.619823 0.358664 0.000000
vt 0.632534 0.375357 0.000000
vt 0.619823 0.375357 0.000000
vt 0.632534 0.392083 0.000000
vt 0.619823 0.392083 0.000000
vt 0.632534 0.408911 0.000000
vt 0.619823 0.408911 0.000000
vt 0.632534 0.425929 0.000000
vt 0.619823 0.425929 0.000000
vt 0.632534 0.443250 0.000000
vt 0.619823 0.443250 0.000000
vt 0.607122 0.461022 0.000000
vt 0.607122 0.478794 0.000000
vt 0.607122 0.496115 0.000000
vt 0.607122 0.513133 0.000000
vt 0.607122 0.529962 0.000000
vt 0.607122 0.546687 0.000000
vt 0.607122 0.563381 0.000000
vt 0.607122 0.580107 0.000000
vt 0.607122 0.596935 0.000000
vt 0.607122 0.613953 0.000000
vt 0.607122 0.631274 0.000000
vt 0.607122 0.649046 0.000000
vt 0.607122 0.666818 0.000000
vt 0.607122 0.684139 0.000000
vt 0.607122 0.701157 0.000000
vt 0.607122 0.717985 0.000000
vt 0.607122 0.734711 0.000000
vt 0.607122 0.751404 0.000000
vt 0.607122 0.768130 0.000000
vt 0.607122 0.784958 0.000000
vt 0.607122 0.801976 0.000000
vt 0.607122 0.819297 0.000000
vt 0.607122 0.837069 0.000000
vt 0.607122 0.854842 0.000000
vt 0.607122 0.872162 0.000000
vt 0.607122 0.889180 0.000000
vt 0.607122 0.906009 0.000000
vt 0.607122 0.922735 0.000000
vt 0.607122 0.939428 0.000000
vt 0.607122 0.956154 0.000000
vt 0.607122 0.972982 0.000000
vt 0.607122 0.990000 0.000000
vt 0.607122 0.237906 0.000000
vt 0.607122 0.255227 0.000000
vt 0.607122 0.272999 0.000000
vt 0.607122 0.290771 0.000000
vt 0.607122 0.308092 0.000000
vt 0.607122 0.325110 0.000000
vt 0.607122 0.341938 0.000000
vt 0.607122 0.358664 0.000000
vt 0.607122 0.375357 0.000000
vt 0.607122 0.392083 0.000000
vt 0.607122 0.408911 0.000000
vt 0.607122 0.425929 0.000000
vt 0.607122 0.443250 0.000000
vt 0.603668 0.461022 0.000000
vt 0.603668 0.478794 0.000000
vt 0.603668 0.496115 0.000000
vt 0.603668 0.513133 0.000000
vt 0.603668 0.529962 0.000000
vt 0.603668 0.546687 0.000000
vt 0.603668 0.563381 0.000000
vt 0.603668 0.580107 0.000000
vt 0.603668 0.596935 0.000000
vt 0.603668 0.613953 0.000000
vt 0.603668 0.631274 0.000000
vt 0.603668 0.649046 0.000000
vt 0.603668 0.666818 0.000000
vt 0.603668 0.684139 0.000000
vt 0.603668 0.701157 0.000000
vt 0.603668 0.717985 0.000000
vt 0.603668 0.734711 0.000000
vt 0.603668 0.751404 0.000000
vt 0.603668 0.768130 0.000000
vt 0.603668 0.784958 0.000000
vt 0.603668 0.801976 0.000000
vt 0.603668 0.819297 0.000000
vt 0.603668 0.837069 0.000000
vt 0.603668 0.854842 0.000000
vt 0.603668 0.872162 0.000000
vt 0.603668 0.889180 0.000000
vt 0.603668 0.906009 0.000000
vt 0.603668 0.922735 0.000000
vt 0.603668 0.939428 0.000000
vt 0.603668 0.956154 0.000000
vt 0.603668 0.972982 0.000000
vt 0.603668 0.990000 0.000000
vt 0.603668 0.237906 0.000000
vt 0.603668 0.255227 0.000000
vt 0.603668 0.272999 0.000000
vt 0.603668 0.290771 0.000000
vt 0.603668 0.308092 0.000000
vt 0.603668 0.325110 0.000000
vt 0.603668 0.341938 0.000000
vt 0.603668 0.358664 0.000000
vt 0.603668 0.375357 0.000000
vt 0.603668 0.392083 0.000000
vt 0.603668 0.408911 0.000000
vt 0.603668 0.425929 0.000000
vt 0.603668 0.443250 0.000000
vt 0.683893 0.765100 0.000000
vt 0.683893 0.781692 0.000000
vt 0.687316 0.781692 0.000000
vt 0.687316 0.765100 0.000000
vt 0.683893 0.748929 0.000000
vt 0.687316 0.748929 0.000000
vt 0.683893 0.733040 0.000000
vt 0.687316 0.733040 0.000000
vt 0.683893 0.717328 0.000000
vt 0.687316 0.717328 0.000000
vt 0.683893 0.701713 0.000000
vt 0.687316 0.701713 0.000000
vt 0.683893 0.686127 0.000000
vt 0.687316 0.686127 0.000000
vt 0.683893 0.670511 0.000000
vt 0.687316 0.670511 0.000000
vt 0.683893 0.654800 0.000000
vt 0.687316 0.654800 0.000000
vt 0.683893 0.638911 0.000000
vt 0.687316 0.638911 0.000000
vt 0.683893 0.622739 0.000000
vt 0.687316 0.622739 0.000000
vt 0.683893 0.606148 0.000000
vt 0.687316 0.606148 0.000000
vt 0.683893 0.589556 0.000000
vt 0.687316 0.589556 0.000000
vt 0.683893 0.573384 0.000000
vt 0.687316 0.573384 0.000000
vt 0.683894 0.557495 0.000000
vt 0.687316 0.557495 0.000000
vt 0.683894 0.541784 0.000000
vt 0.687316 0.541784 0.000000
vt 0.683894 0.526168 0.000000
vt 0.687316 0.526168 0.000000
vt 0.683894 0.510583 0.000000
vt 0.687316 0.510583 0.000000
vt 0.683894 0.494967 0.000000
vt 0.687316 0.494967 0.000000
vt 0.683894 0.479255 0.000000
vt 0.687316 0.479255 0.000000
vt 0.683894 0.463367 0.000000
vt 0.687316 0.463367 0.000000
vt 0.683894 0.447195 0.000000
vt 0.687316 0.447195 0.000000
vt 0.683894 0.430603 0.000000
vt 0.687316 0.430603 0.000000
vt 0.683894 0.414011 0.000000
vt 0.687316 0.414011 0.000000
vt 0.683894 0.397840 0.000000
vt 0.687316 0.397840 0.000000
vt 0.683894 0.381951 0.000000
vt 0.687316 0.381951 0.000000
vt 0.683894 0.366239 0.000000
vt 0.687316 0.366239 0.000000
vt 0.683894 0.350624 0.000000
vt 0.687316 0.350624 0.000000
vt 0.683894 0.335038 0.000000
vt 0.687316 0.335038 0.000000
vt 0.683894 0.319422 0.000000
vt 0.687316 0.319422 0.000000
vt 0.683894 0.303711 0.000000
vt 0.687316 0.303711 0.000000
vt 0.683894 0.287822 0.000000
vt 0.687316 0.287822 0.000000
vt 0.683893 0.973828 0.000000
vt 0.683893 0.990000 0.000000
vt 0.687316 0.990000 0.000000
vt 0.687316 0.973828 0.000000
vt 0.683893 0.957237 0.000000
vt 0.687316 0.957237 0.000000
vt 0.683893 0.940645 0.000000
vt 0.687316 0.940645 0.000000
vt 0.683893 0.924473 0.000000
vt 0.687316 0.924473 0.000000
vt 0.683893 0.908584 0.000000
vt 0.687316 0.908584 0.000000
vt 0.683893 0.892873 0.000000
vt 0.687316 0.892873 0.000000
vt 0.683893 0.877257 0.000000
vt 0.687316 0.877257 0.000000
vt 0.683893 0.861672 0.000000
vt 0.687316 0.861672 0.000000
vt 0.683893 0.846056 0.000000
vt 0.687316 0.846056 0.000000
vt 0.683893 0.830344 0.000000
vt 0.687316 0.830344 0.000000
vt 0.683893 0.814456 0.000000
vt 0.687316 0.814456 0.000000
vt 0.683893 0.798284 0.000000
vt 0.687316 0.798284 0.000000
vt 0.700639 0.781692 0.000000
vt 0.700639 0.765100 0.000000
vt 0.700639 0.748929 0.000000
vt 0.700639 0.733040 0.000000
vt 0.700639 0.717328 0.000000
vt 0.700639 0.701713 0.000000
vt 0.700639 0.686127 0.000000
vt 0.700639 0.670511 0.000000
vt 0.700639 0.654800 0.000000
vt 0.700639 0.638911 0.000000
vt 0.700639 0.622739 0.000000
vt 0.700639 0.606148 0.000000
vt 0.700639 0.589556 0.000000
vt 0.700639 0.573384 0.000000
vt 0.700639 0.557495 0.000000
vt 0.700639 0.541784 0.000000
vt 0.700639 0.526168 0.000000
vt 0.700639 0.510583 0.000000
vt 0.700639 0.494967 0.000000
vt 0.700639 0.479255 0.000000
vt 0.700639 0.463367 0.000000
vt 0.700639 0.447195 0.000000
vt 0.700639 0.430603 0.000000
vt 0.700639 0.414011 0.000000
vt 0.700639 0.397840 0.000000
vt 0.700639 0.381951 0.000000
vt 0.700639 0.366239 0.000000
vt 0.700639 0.350624 0.000000
vt 0.700639 0.335038 0.000000
vt 0.700639 0.319422 0.000000
vt 0.700639 0.303711 0.000000
vt 0.700639 0.287822 0.000000
vt 0.700639 0.990000 0.000000
vt 0.700639 0.973828 0.000000
vt 0.700639 0.957237 0.000000
vt 0.700639 0.940645 0.000000
vt 0.700639 0.924473 0.000000
vt 0.700639 0.908584 0.000000
vt 0.700639 0.892873 0.000000
vt 0.700639 0.877257 0.000000
vt 0.700639 0.861672 0.000000
vt 0.700639 0.846056 0.000000
vt 0.700639 0.830344 0.000000
vt 0.700639 0.814456 0.000000
vt 0.700639 0.798284 0.000000
vt 0.713984 0.781692 0.000000
vt 0.713984 0.765100 0.000000
vt 0.713984 0.748929 0.000000
vt 0.713984 0.733040 0.000000
vt 0.713984 0.717328 0.000000
vt 0.713984 0.701713 0.000000
vt 0.713984 0.686127 0.000000
vt 0.713984 0.670511 0.000000
vt 0.713984 0.654800 0.000000
vt 0.713984 0.638911 0.000000
vt 0.713984 0.622739 0.000000
vt 0.713984 0.606148 0.000000
vt 0.713984 0.589556 0.000000
vt 0.713984 0.573384 0.000000
vt 0.713984 0.557495 0.000000
vt 0.713984 0.541784 0.000000
vt 0.713984 0.526168 0.000000
vt 0.713984 0.510583 0.000000
vt 0.713984 0.494967 0.000000
vt 0.713984 0.479255 0.000000
vt 0.713984 0.463367 0.000000
vt 0.713984 0.447195 0.000000
vt 0.713984 0.430603 0.000000
vt 0.713984 0.414011 0.000000
vt 0.713984 0.397840 0.000000
vt 0.713984 0.381951 0.000000
vt 0.713984 0.366239 0.000000
vt 0.713984 0.350624 0.000000
vt 0.713984 0.335038 0.000000
vt 0.713984 0.319422 0.000000
vt 0.713984 0.303711 0.000000
vt 0.713984 0.287822 0.000000
vt 0.713984 0.990000 0.000000
vt 0.713984 0.973828 0.000000
vt 0.713984 0.957237 0.000000
vt 0.713984 0.940645 0.000000
vt 0.713984 0.924473 0.000000
vt 0.713984 0.908584 0.000000
vt 0.713984 0.892873 0.000000
vt 0.713984 0.877257 0.000000
vt 0.713984 0.861672 0.000000
vt 0.713984 0.846056 0.000000
vt 0.713984 0.830344 0.000000
vt 0.713984 0.814456 0.000000
vt 0.713984 0.798284 0.000000
vt 0.644837 0.486043 0.000000
vt 0.657520 0.486043 0.000000
vt 0.657520 0.468517 0.000000
vt 0.644837 0.468517 0.000000
vt 0.644837 0.503117 0.000000
vt 0.657520 0.503117 0.000000
vt 0.644837 0.519892 0.000000
vt 0.657520 0.519892 0.000000
vt 0.644837 0.536481 0.000000
vt 0.657520 0.536481 0.000000
vt 0.644837 0.552969 0.000000
vt 0.657520 0.552969 0.000000
vt 0.644837 0.569426 0.000000
vt 0.657520 0.569426 0.000000
vt 0.644837 0.585914 0.000000
vt 0.657520 0.585914 0.000000
vt 0.644837 0.602503 0.000000
vt 0.657520 0.602503 0.000000
vt 0.644837 0.619278 0.000000
vt 0.657520 0.619278 0.000000
vt 0.644837 0.636352 0.000000
vt 0.657520 0.636352 0.000000
vt 0.644837 0.653878 0.000000
vt 0.657520 0.653878 0.000000
vt 0.644837 0.671404 0.000000
vt 0.657520 0.671404 0.000000
vt 0.644837 0.688478 0.000000
vt 0.657520 0.688478 0.000000
vt 0.644837 0.705253 0.000000
vt 0.657520 0.705253 0.000000
vt 0.644837 0.721842 0.000000
vt 0.657520 0.721842 0.000000
vt 0.644837 0.738330 0.000000
vt 0.657520 0.738330 0.000000
vt 0.644837 0.754787 0.000000
vt 0.657520 0.754787 0.000000
vt 0.644837 0.771275 0.000000
vt 0.657520 0.771275 0.000000
vt 0.644837 0.787864 0.000000
vt 0.657520 0.787864 0.000000
vt 0.644837 0.804639 0.000000
vt 0.657520 0.804639 0.000000
vt 0.644837 0.821713 0.000000
vt 0.657520 0.821713 0.000000
vt 0.644837 0.839239 0.000000
vt 0.657520 0.839239 0.000000
vt 0.644837 0.856765 0.000000
vt 0.657520 0.856765 0.000000
vt 0.644837 0.873839 0.000000
vt 0.657520 0.873839 0.000000
vt 0.644837 0.890614 0.000000
vt 0.657520 0.890614 0.000000
vt 0.644837 0.907203 0.000000
vt 0.657520 0.907203 0.000000
vt 0.644837 0.923691 0.000000
vt 0.657520 0.923691 0.000000
vt 0.644837 0.940148 0.000000
vt 0.657520 0.940148 0.000000
vt 0.644837 0.956637 0.000000
vt 0.657520 0.956637 0.000000
vt 0.644837 0.973225 0.000000
vt 0.657520 0.973225 0.000000
vt 0.644837 0.990000 0.000000
vt 0.657520 0.990000 0.000000
vt 0.644838 0.265630 0.000000
vt 0.657520 0.265630 0.000000
vt 0.657520 0.248556 0.000000
vt 0.644838 0.248556 0.000000
vt 0.644837 0.283156 0.000000
vt 0.657520 0.283156 0.000000
vt 0.644837 0.300682 0.000000
vt 0.657520 0.300682 0.000000
vt 0.644837 0.317756 0.000000
vt 0.657520 0.317756 0.000000
vt 0.644837 0.334531 0.000000
vt 0.657520 0.334531 0.000000
vt 0.644837 0.351120 0.000000
vt 0.657520 0.351120 0.000000
vt 0.644837 0.367608 0.000000
vt 0.657520 0.367608 0.000000
vt 0.644837 0.384065 0.000000
vt 0.657520 0.384065 0.000000
vt 0.644837 0.400553 0.000000
vt 0.657520 0.400553 0.000000
vt 0.644837 0.417142 0.000000
vt 0.657520 0.417142 0.000000
vt 0.644837 0.433917 0.000000
vt 0.657520 0.433917 0.000000
vt 0.644837 0.450991 0.000000
vt 0.657520 0.450991 0.000000
vt 0.670138 0.486043 0.000000
vt 0.670138 0.468517 0.000000
vt 0.670138 0.503117 0.000000
vt 0.670138 0.519892 0.000000
vt 0.670138 0.536481 0.000000
vt 0.670138 0.552969 0.000000
vt 0.670138 0.569426 0.000000
vt 0.670138 0.585914 0.000000
vt 0.670138 0.602503 0.000000
vt 0.670138 0.619278 0.000000
vt 0.670138 0.636352 0.000000
vt 0.670138 0.653878 0.000000
vt 0.670138 0.671404 0.000000
vt 0.670138 0.688478 0.000000
vt 0.670138 0.705253 0.000000
vt 0.670138 0.721842 0.000000
vt 0.670138 0.738330 0.000000
vt 0.670138 0.754787 0.000000
vt 0.670138 0.771275 0.000000
vt 0.670138 0.787864 0.000000
vt 0.670138 0.804639 0.000000
vt 0.670138 0.821713 0.000000
vt 0.670138 0.839239 0.000000
vt 0.670138 0.856765 0.000000
vt 0.670138 0.873839 0.000000
vt 0.670138 0.890614 0.000000
vt 0.670138 0.907203 0.000000
vt 0.670138 0.923691 0.000000
vt 0.670138 0.940148 0.000000
vt 0.670138 0.956637 0.000000
vt 0.670138 0.973225 0.000000
vt 0.670138 0.990000 0.000000
vt 0.670138 0.265630 0.000000
vt 0.670138 0.248556 0.000000
vt 0.670138 0.283156 0.000000
vt 0.670138 0.300682 0.000000
vt 0.670138 0.317756 0.000000
vt 0.670138 0.334531 0.000000
vt 0.670138 0.351120 0.000000
vt 0.670138 0.367608 0.000000
vt 0.670138 0.384065 0.000000
vt 0.670138 0.400553 0.000000
vt 0.670138 0.417142 0.000000
vt 0.670138 0.433917 0.000000
vt 0.670138 0.450991 0.000000
vt 0.673197 0.486043 0.000000
vt 0.673197 0.468517 0.000000
vt 0.673197 0.503117 0.000000
vt 0.673197 0.519892 0.000000
vt 0.673197 0.536481 0.000000
vt 0.673197 0.552969 0.000000
vt 0.673197 0.569426 0.000000
vt 0.673197 0.585914 0.000000
vt 0.673197 0.602503 0.000000
vt 0.673197 0.619278 0.000000
vt 0.673197 0.636352 0.000000
vt 0.673197 0.653878 0.000000
vt 0.673197 0.671404 0.000000
vt 0.673197 0.688478 0.000000
vt 0.673197 0.705253 0.000000
vt 0.673197 0.721842 0.000000
vt 0.673197 0.738330 0.000000
vt 0.673197 0.754787 0.000000
vt 0.673197 0.771275 0.000000
vt 0.673197 0.787864 0.000000
vt 0.673197 0.804639 0.000000
vt 0.673197 0.821713 0.000000
vt 0.673197 0.839239 0.000000
vt 0.673197 0.856765 0.000000
vt 0.673197 0.873839 0.000000
vt 0.673197 0.890614 0.000000
vt 0.673197 0.907203 0.000000
vt 0.673197 0.923691 0.000000
vt 0.673197 0.940148 0.000000
vt 0.673197 0.956637 0.000000
vt 0.673197 0.973225 0.000000
vt 0.673197 0.990000 0.000000
vt 0.673197 0.265630 0.000000
vt 0.673197 0.248556 0.000000
vt 0.673197 0.283156 0.000000
vt 0.673197 0.300682 0.000000
vt 0.673197 0.317756 0.000000
vt 0.673197 0.334531 0.000000
vt 0.673197 0.351120 0.000000
vt 0.673197 0.367608 0.000000
vt 0.673197 0.384065 0.000000
vt 0.673197 0.400553 0.000000
vt 0.673197 0.417142 0.000000
vt 0.673197 0.433917 0.000000
vt 0.673197 0.450991 0.000000
vt 0.034053 0.228818 0.000000
vt 0.037066 0.228818 0.000000
vt 0.037067 0.212671 0.000000
vt 0.034053 0.212671 0.000000
vt 0.034053 0.244551 0.000000
vt 0.037066 0.244551 0.000000
vt 0.034053 0.260008 0.000000
vt 0.037066 0.260008 0.000000
vt 0.034053 0.275293 0.000000
vt 0.037066 0.275293 0.000000
vt 0.034053 0.290485 0.000000
vt 0.037066 0.290485 0.000000
vt 0.034053 0.305649 0.000000
vt 0.037066 0.305649 0.000000
vt 0.034053 0.320841 0.000000
vt 0.037066 0.320841 0.000000
vt 0.034053 0.336126 0.000000
vt 0.037066 0.336126 0.000000
vt 0.034053 0.351583 0.000000
vt 0.037066 0.351583 0.000000
vt 0.034053 0.367316 0.000000
vt 0.037066 0.367316 0.000000
vt 0.034053 0.383463 0.000000
vt 0.037066 0.383463 0.000000
vt 0.034053 0.399610 0.000000
vt 0.037066 0.399610 0.000000
vt 0.034053 0.415342 0.000000
vt 0.037066 0.415342 0.000000
vt 0.034053 0.430799 0.000000
vt 0.037066 0.430799 0.000000
vt 0.034053 0.446084 0.000000
vt 0.037066 0.446084 0.000000
vt 0.034053 0.461277 0.000000
vt 0.037066 0.461277 0.000000
vt 0.034053 0.476440 0.000000
vt 0.037066 0.476440 0.000000
vt 0.034053 0.491633 0.000000
vt 0.037066 0.491633 0.000000
vt 0.034053 0.506918 0.000000
vt 0.037066 0.506918 0.000000
vt 0.034053 0.522375 0.000000
vt 0.037066 0.522375 0.000000
vt 0.034053 0.538107 0.000000
vt 0.037066 0.538107 0.000000
vt 0.034053 0.554254 0.000000
vt 0.037066 0.554254 0.000000
vt 0.034053 0.570401 0.000000
vt 0.037066 0.570401 0.000000
vt 0.034053 0.586134 0.000000
vt 0.037066 0.586134 0.000000
vt 0.034053 0.601591 0.000000
vt 0.037066 0.601591 0.000000
vt 0.034053 0.616876 0.000000
vt 0.037066 0.616876 0.000000
vt 0.034053 0.632068 0.000000
vt 0.037066 0.632068 0.000000
vt 0.034053 0.647232 0.000000
vt 0.037066 0.647232 0.000000
vt 0.034053 0.662424 0.000000
vt 0.037066 0.662424 0.000000
vt 0.034053 0.677709 0.000000
vt 0.037066 0.677709 0.000000
vt 0.034053 0.693166 0.000000
vt 0.037066 0.693166 0.000000
vt 0.034053 0.025733 0.000000
vt 0.037067 0.025733 0.000000
vt 0.037067 0.010000 0.000000
vt 0.034053 0.010000 0.000000
vt 0.034053 0.041880 0.000000
vt 0.037067 0.041880 0.000000
vt 0.034053 0.058027 0.000000
vt 0.037067 0.058027 0.000000
vt 0.034053 0.073759 0.000000
vt 0.037067 0.073759 0.000000
vt 0.034053 0.089216 0.000000
vt 0.037067 0.089216 0.000000
vt 0.034053 0.104501 0.000000
vt 0.037067 0.104501 0.000000
vt 0.034053 0.119694 0.000000
vt 0.037067 0.119694 0.000000
vt 0.034053 0.134857 0.000000
vt 0.037067 0.134857 0.000000
vt 0.034053 0.150050 0.000000
vt 0.037067 0.150050 0.000000
vt 0.034053 0.165335 0.000000
vt 0.037067 0.165335 0.000000
vt 0.034053 0.180792 0.000000
vt 0.037067 0.180792 0.000000
vt 0.034053 0.196524 0.000000
vt 0.037067 0.196524 0.000000
vt 0.050411 0.228818 0.000000
vt 0.050411 0.212671 0.000000
vt 0.050411 0.244551 0.000000
vt 0.050411 0.260008 0.000000
vt 0.050411 0.275293 0.000000
vt 0.050411 0.290485 0.000000
vt 0.050411 0.305649 0.000000
vt 0.050411 0.320841 0.000000
vt 0.050411 0.336126 0.000000
vt 0.050411 0.351583 0.000000
vt 0.050411 0.367316 0.000000
vt 0.050411 0.383463 0.000000
vt 0.050411 0.399610 0.000000
vt 0.050411 0.415342 0.000000
vt 0.050411 0.430799 0.000000
vt 0.050411 0.446084 0.000000
vt 0.050411 0.461277 0.000000
vt 0.050411 0.476440 0.000000
vt 0.050411 0.491633 0.000000
vt 0.050411 0.506918 0.000000
vt 0.050411 0.522375 0.000000
vt 0.050411 0.538107 0.000000
vt 0.050411 0.554254 0.000000
vt 0.050411 0.570401 0.000000
vt 0.050411 0.586134 0.000000
vt 0.050411 0.601591 0.000000
vt 0.050411 0.616876 0.000000
vt 0.050411 0.632068 0.000000
vt 0.050411 0.647232 0.000000
vt 0.050411 0.662424 0.000000
vt 0.050411 0.677709 0.000000
vt 0.050411 0.693166 0.000000
vt 0.050411 0.025733 0.000000
vt 0.050411 0.010000 0.000000
vt 0.050411 0.041880 0.000000
vt 0.050411 0.058027 0.000000
vt 0.050411 0.073759 0.000000
vt 0.050411 0.089216 0.000000
vt 0.050411 0.104501 0.000000
vt 0.050411 0.119694 0.000000
vt 0.050411 0.134857 0.000000
vt 0.050411 0.150050 0.000000
vt 0.050411 0.165335 0.000000
vt 0.050411 0.180792 0.000000
vt 0.050411 0.196524 0.000000
vt 0.064688 0.228818 0.000000
vt 0.064688 0.212671 0.000000
vt 0.064688 0.244551 0.000000
vt 0.064688 0.260008 0.000000
vt 0.064688 0.275293 0.000000
vt 0.064688 0.290485 0.000000
vt 0.064688 0.305649 0.000000
vt 0.064688 0.320841 0.000000
vt 0.064688 0.336126 0.000000
vt 0.064688 0.351583 0.000000
vt 0.064688 0.367316 0.000000
vt 0.064688 0.383463 0.000000
vt 0.064688 0.399610 0.000000
vt 0.064688 0.415342 0.000000
vt 0.064688 0.430799 0.000000
vt 0.064688 0.446084 0.000000
vt 0.064688 0.461277 0.000000
vt 0.064688 0.476440 0.000000
vt 0.064688 0.491633 0.000000
vt 0.064688 0.506918 0.000000
vt 0.064688 0.522375 0.000000
vt 0.064688 0.538107 0.000000
vt 0.064688 0.554254 0.000000
vt 0.064688 0.570401 0.000000
vt 0.064688 0.586134 0.000000
vt 0.064688 0.601591 0.000000
vt 0.064688 0.616876 0.000000
vt 0.064688 0.632068 0.000000
vt 0.064688 0.647232 0.000000
vt 0.064688 0.662424 0.000000
vt 0.064688 0.677709 0.000000
vt 0.064688 0.693166 0.000000
vt 0.064688 0.025733 0.000000
vt 0.064688 0.010000 0.000000
vt 0.064688 0.041880 0.000000
vt 0.064688 0.058027 0.000000
vt 0.064688 0.073759 0.000000
vt 0.064688 0.089216 0.000000
vt 0.064688 0.104501 0.000000
vt 0.064688 0.119694 0.000000
vt 0.064688 0.134857 0.000000
vt 0.064688 0.150050 0.000000
vt 0.064688 0.165335 0.000000
vt 0.064688 0.180792 0.000000
vt 0.064688 0.196524 0.000000
vt 0.634329 0.478794 0.000000
vt 0.634329 0.461022 0.000000
vt 0.634329 0.496115 0.000000
vt 0.634329 0.513133 0.000000
vt 0.634329 0.529962 0.000000
vt 0.634329 0.546687 0.000000
vt 0.634329 0.563381 0.000000
vt 0.634329 0.580107 0.000000
vt 0.634329 0.596935 0.000000
vt 0.634329 0.613953 0.000000
vt 0.634329 0.631274 0.000000
vt 0.634329 0.649046 0.000000
vt 0.634329 0.666818 0.000000
vt 0.634329 0.684139 0.000000
vt 0.634329 0.701157 0.000000
vt 0.634329 0.717985 0.000000
vt 0.634329 0.734711 0.000000
vt 0.634329 0.751404 0.000000
vt 0.634329 0.768130 0.000000
vt 0.634329 0.784958 0.000000
vt 0.634329 0.801976 0.000000
vt 0.634329 0.819297 0.000000
vt 0.634329 0.837069 0.000000
vt 0.634329 0.854842 0.000000
vt 0.634329 0.872162 0.000000
vt 0.634329 0.889180 0.000000
vt 0.634329 0.906009 0.000000
vt 0.634329 0.922735 0.000000
vt 0.634329 0.939428 0.000000
vt 0.634329 0.956154 0.000000
vt 0.634329 0.972982 0.000000
vt 0.634329 0.990000 0.000000
vt 0.634329 0.255227 0.000000
vt 0.634329 0.237906 0.000000
vt 0.634329 0.272999 0.000000
vt 0.634329 0.290771 0.000000
vt 0.634329 0.308092 0.000000
vt 0.634329 0.325110 0.000000
vt 0.634329 0.341938 0.000000
vt 0.634329 0.358664 0.000000
vt 0.634329 0.375357 0.000000
vt 0.634329 0.392083 0.000000
vt 0.634329 0.408911 0.000000
vt 0.634329 0.425929 0.000000
vt 0.634329 0.443250 0.000000
vt 0.066158 0.228818 0.000000
vt 0.066158 0.212671 0.000000
vt 0.066158 0.244551 0.000000
vt 0.066158 0.260008 0.000000
vt 0.066158 0.275293 0.000000
vt 0.066158 0.290485 0.000000
vt 0.066158 0.305649 0.000000
vt 0.066158 0.320841 0.000000
vt 0.066158 0.336126 0.000000
vt 0.066158 0.351583 0.000000
vt 0.066158 0.367316 0.000000
vt 0.066158 0.383463 0.000000
vt 0.066158 0.399610 0.000000
vt 0.066158 0.415342 0.000000
vt 0.066158 0.430799 0.000000
vt 0.066158 0.446084 0.000000
vt 0.066158 0.461277 0.000000
vt 0.066158 0.476440 0.000000
vt 0.066158 0.491633 0.000000
vt 0.066158 0.506918 0.000000
vt 0.066158 0.522375 0.000000
vt 0.066158 0.538107 0.000000
vt 0.066158 0.554254 0.000000
vt 0.066158 0.570401 0.000000
vt 0.066158 0.586134 0.000000
vt 0.066158 0.601591 0.000000
vt 0.066158 0.616876 0.000000
vt 0.066158 0.632068 0.000000
vt 0.066158 0.647232 0.000000
vt 0.066158 0.662424 0.000000
vt 0.066158 0.677709 0.000000
vt 0.066158 0.693166 0.000000
vt 0.066158 0.025733 0.000000
vt 0.066158 0.010000 0.000000
vt 0.066158 0.041880 0.000000
vt 0.066158 0.058027 0.000000
vt 0.066158 0.073759 0.000000
vt 0.066158 0.089216 0.000000
vt 0.066158 0.104501 0.000000
vt 0.066158 0.119694 0.000000
vt 0.066158 0.134857 0.000000
vt 0.066158 0.150050 0.000000
vt 0.066158 0.165335 0.000000
vt 0.066158 0.180792 0.000000
vt 0.066158 0.196524 0.000000
vt 0.296763 0.703238 0.000000
vt 0.296786 0.702773 0.000000
vt 0.285332 0.702718 0.000000
vt 0.285332 0.703184 0.000000
vt 0.096381 0.407569 0.000000
vt 0.095969 0.407602 0.000000
vt 0.095951 0.419032 0.000000
vt 0.096368 0.419028 0.000000
vt 0.077514 0.407499 0.000000
vt 0.077272 0.418948 0.000000
vt 0.077102 0.407457 0.000000
vt 0.076854 0.418939 0.000000
vt 0.156808 0.141149 0.000000
vt 0.156827 0.141614 0.000000
vt 0.168243 0.141615 0.000000
vt 0.168234 0.141149 0.000000
vt 0.273897 0.702718 0.000000
vt 0.273897 0.703184 0.000000
vt 0.095903 0.430468 0.000000
vt 0.096320 0.430468 0.000000
vt 0.077297 0.430402 0.000000
vt 0.076882 0.430402 0.000000
vt 0.179655 0.141565 0.000000
vt 0.179655 0.141100 0.000000
vt 0.262457 0.702722 0.000000
vt 0.262457 0.703187 0.000000
vt 0.095883 0.441907 0.000000
vt 0.096299 0.441903 0.000000
vt 0.077325 0.441865 0.000000
vt 0.076910 0.441865 0.000000
vt 0.191076 0.141495 0.000000
vt 0.191071 0.141029 0.000000
vt 0.251018 0.702726 0.000000
vt 0.251018 0.703191 0.000000
vt 0.095877 0.453347 0.000000
vt 0.096293 0.453347 0.000000
vt 0.077333 0.453324 0.000000
vt 0.076918 0.453324 0.000000
vt 0.202507 0.141412 0.000000
vt 0.202502 0.140946 0.000000
vt 0.239578 0.702729 0.000000
vt 0.239578 0.703195 0.000000
vt 0.095877 0.464791 0.000000
vt 0.096293 0.464791 0.000000
vt 0.077335 0.464782 0.000000
vt 0.076919 0.464782 0.000000
vt 0.213942 0.141324 0.000000
vt 0.213937 0.140858 0.000000
vt 0.228134 0.702732 0.000000
vt 0.228134 0.703197 0.000000
vt 0.095879 0.476241 0.000000
vt 0.096295 0.476241 0.000000
vt 0.077334 0.476236 0.000000
vt 0.076918 0.476236 0.000000
vt 0.225377 0.141234 0.000000
vt 0.225372 0.140768 0.000000
vt 0.216689 0.702734 0.000000
vt 0.216689 0.703199 0.000000
vt 0.095881 0.487690 0.000000
vt 0.096297 0.487694 0.000000
vt 0.077333 0.487690 0.000000
vt 0.076918 0.487690 0.000000
vt 0.236812 0.141144 0.000000
vt 0.236807 0.140678 0.000000
vt 0.205245 0.702734 0.000000
vt 0.205245 0.703200 0.000000
vt 0.095883 0.499143 0.000000
vt 0.096299 0.499143 0.000000
vt 0.077333 0.499143 0.000000
vt 0.076918 0.499143 0.000000
vt 0.248252 0.141053 0.000000
vt 0.248247 0.140587 0.000000
vt 0.193800 0.702734 0.000000
vt 0.193800 0.703200 0.000000
vt 0.095885 0.510592 0.000000
vt 0.096301 0.510592 0.000000
vt 0.077334 0.510597 0.000000
vt 0.076918 0.510597 0.000000
vt 0.259687 0.140962 0.000000
vt 0.259682 0.140496 0.000000
vt 0.182356 0.702733 0.000000
vt 0.182356 0.703199 0.000000
vt 0.095887 0.522046 0.000000
vt 0.096303 0.522046 0.000000
vt 0.077336 0.522046 0.000000
vt 0.076920 0.522046 0.000000
vt 0.271127 0.140872 0.000000
vt 0.271122 0.140406 0.000000
vt 0.170907 0.702731 0.000000
vt 0.170907 0.703197 0.000000
vt 0.095889 0.533495 0.000000
vt 0.096305 0.533495 0.000000
vt 0.077337 0.533500 0.000000
vt 0.076921 0.533500 0.000000
vt 0.282562 0.140784 0.000000
vt 0.282562 0.140318 0.000000
vt 0.159462 0.702728 0.000000
vt 0.159462 0.703193 0.000000
vt 0.095891 0.544949 0.000000
vt 0.096307 0.544949 0.000000
vt 0.077340 0.544954 0.000000
vt 0.076924 0.544954 0.000000
vt 0.294001 0.140698 0.000000
vt 0.293997 0.140233 0.000000
vt 0.148018 0.702723 0.000000
vt 0.148018 0.703189 0.000000
vt 0.095894 0.556398 0.000000
vt 0.096310 0.556398 0.000000
vt 0.077342 0.556403 0.000000
vt 0.076926 0.556403 0.000000
vt 0.305441 0.140616 0.000000
vt 0.305437 0.140150 0.000000
vt 0.136569 0.702718 0.000000
vt 0.136569 0.703183 0.000000
vt 0.095897 0.567852 0.000000
vt 0.096313 0.567852 0.000000
vt 0.077345 0.567857 0.000000
vt 0.076929 0.567857 0.000000
vt 0.316881 0.140538 0.000000
vt 0.316876 0.140072 0.000000
vt 0.125124 0.702711 0.000000
vt 0.125124 0.703177 0.000000
vt 0.095900 0.579301 0.000000
vt 0.096316 0.579301 0.000000
vt 0.077348 0.579310 0.000000
vt 0.076932 0.579310 0.000000
vt 0.328321 0.140464 0.000000
vt 0.328321 0.139998 0.000000
vt 0.113675 0.702703 0.000000
vt 0.113675 0.703169 0.000000
vt 0.095903 0.590755 0.000000
vt 0.096318 0.590755 0.000000
vt 0.077352 0.590760 0.000000
vt 0.076936 0.590760 0.000000
vt 0.339761 0.140395 0.000000
vt 0.339761 0.139929 0.000000
vt 0.102226 0.702694 0.000000
vt 0.102226 0.703160 0.000000
vt 0.095906 0.602209 0.000000
vt 0.096321 0.602209 0.000000
vt 0.077356 0.602213 0.000000
vt 0.076940 0.602213 0.000000
vt 0.351205 0.140332 0.000000
vt 0.351200 0.139866 0.000000
vt 0.090782 0.702684 0.000000
vt 0.090782 0.703150 0.000000
vt 0.095909 0.613658 0.000000
vt 0.096324 0.613658 0.000000
vt 0.077360 0.613662 0.000000
vt 0.076944 0.613662 0.000000
vt 0.362645 0.140275 0.000000
vt 0.362640 0.139809 0.000000
vt 0.079333 0.702673 0.000000
vt 0.079333 0.703139 0.000000
vt 0.095911 0.625112 0.000000
vt 0.096327 0.625112 0.000000
vt 0.077365 0.625112 0.000000
vt 0.076949 0.625112 0.000000
vt 0.374085 0.140225 0.000000
vt 0.374085 0.139759 0.000000
vt 0.067884 0.702661 0.000000
vt 0.067884 0.703127 0.000000
vt 0.095914 0.636570 0.000000
vt 0.096329 0.636570 0.000000
vt 0.077371 0.636565 0.000000
vt 0.076955 0.636565 0.000000
vt 0.385524 0.140181 0.000000
vt 0.385524 0.139715 0.000000
vt 0.056435 0.702648 0.000000
vt 0.056435 0.703113 0.000000
vt 0.095920 0.648024 0.000000
vt 0.096335 0.648024 0.000000
vt 0.077375 0.648010 0.000000
vt 0.076959 0.648010 0.000000
vt 0.396964 0.140145 0.000000
vt 0.396964 0.139679 0.000000
vt 0.044990 0.702633 0.000000
vt 0.044990 0.703099 0.000000
vt 0.095933 0.659487 0.000000
vt 0.096348 0.659487 0.000000
vt 0.077375 0.659454 0.000000
vt 0.076958 0.659454 0.000000
vt 0.408404 0.140116 0.000000
vt 0.408404 0.139650 0.000000
vt 0.033551 0.702620 0.000000
vt 0.033551 0.703085 0.000000
vt 0.095966 0.670945 0.000000
vt 0.096381 0.670950 0.000000
vt 0.077359 0.670889 0.000000
vt 0.076942 0.670894 0.000000
vt 0.419844 0.140092 0.000000
vt 0.419839 0.139626 0.000000
vt 0.022111 0.702612 0.000000
vt 0.022115 0.703078 0.000000
vt 0.095997 0.682404 0.000000
vt 0.096414 0.682413 0.000000
vt 0.077317 0.682324 0.000000
vt 0.076900 0.682334 0.000000
vt 0.431274 0.140077 0.000000
vt 0.431274 0.139611 0.000000
vt 0.010676 0.702640 0.000000
vt 0.010694 0.703104 0.000000
vt 0.095760 0.693848 0.000000
vt 0.096172 0.693890 0.000000
vt 0.077304 0.693755 0.000000
vt 0.076892 0.693787 0.000000
vt 0.442705 0.140133 0.000000
vt 0.442723 0.139668 0.000000
vt 0.010363 0.702773 0.000000
vt 0.095784 0.694323 0.000000
vt 0.096190 0.694230 0.000000
vt 0.077266 0.694230 0.000000
vt 0.076862 0.694128 0.000000
vt 0.443035 0.139802 0.000000
vt 0.010228 0.703082 0.000000
vt 0.593641 0.128266 0.000000
vt 0.593225 0.128266 0.000000
vt 0.593225 0.128695 0.000000
vt 0.593641 0.128695 0.000000
vt 0.574668 0.128266 0.000000
vt 0.574668 0.128695 0.000000
vt 0.574252 0.128266 0.000000
vt 0.574252 0.128695 0.000000
vt 0.443166 0.140111 0.000000
vt 0.010135 0.714534 0.000000
vt 0.010601 0.714535 0.000000
vt 0.593225 0.140150 0.000000
vt 0.593641 0.140150 0.000000
vt 0.574668 0.140150 0.000000
vt 0.574252 0.140150 0.000000
vt 0.442751 0.151556 0.000000
vt 0.443217 0.151548 0.000000
vt 0.010107 0.725976 0.000000
vt 0.010573 0.725976 0.000000
vt 0.593225 0.151606 0.000000
vt 0.593641 0.151606 0.000000
vt 0.574668 0.151606 0.000000
vt 0.574252 0.151606 0.000000
vt 0.442751 0.162988 0.000000
vt 0.443217 0.162983 0.000000
vt 0.010089 0.737422 0.000000
vt 0.010555 0.737423 0.000000
vt 0.593225 0.163061 0.000000
vt 0.593641 0.163061 0.000000
vt 0.574668 0.163061 0.000000
vt 0.574252 0.163061 0.000000
vt 0.442742 0.174424 0.000000
vt 0.443203 0.174420 0.000000
vt 0.010075 0.748873 0.000000
vt 0.010541 0.748874 0.000000
vt 0.593225 0.174517 0.000000
vt 0.593641 0.174517 0.000000
vt 0.574668 0.174517 0.000000
vt 0.574252 0.174517 0.000000
vt 0.442719 0.185864 0.000000
vt 0.443185 0.185861 0.000000
vt 0.010061 0.760326 0.000000
vt 0.010527 0.760327 0.000000
vt 0.593225 0.185972 0.000000
vt 0.593641 0.185972 0.000000
vt 0.574668 0.185972 0.000000
vt 0.574252 0.185972 0.000000
vt 0.442691 0.197306 0.000000
vt 0.443157 0.197303 0.000000
vt 0.010047 0.771780 0.000000
vt 0.010513 0.771781 0.000000
vt 0.593225 0.197428 0.000000
vt 0.593641 0.197428 0.000000
vt 0.574668 0.197428 0.000000
vt 0.574252 0.197428 0.000000
vt 0.442658 0.208749 0.000000
vt 0.443119 0.208747 0.000000
vt 0.010033 0.783236 0.000000
vt 0.010499 0.783237 0.000000
vt 0.593225 0.208883 0.000000
vt 0.593641 0.208883 0.000000
vt 0.574668 0.208883 0.000000
vt 0.574252 0.208883 0.000000
vt 0.442616 0.220193 0.000000
vt 0.443082 0.220191 0.000000
vt 0.010023 0.794692 0.000000
vt 0.010489 0.794694 0.000000
vt 0.593225 0.220339 0.000000
vt 0.593641 0.220339 0.000000
vt 0.574668 0.220339 0.000000
vt 0.574252 0.220339 0.000000
vt 0.442569 0.231636 0.000000
vt 0.443035 0.231634 0.000000
vt 0.010019 0.806150 0.000000
vt 0.010480 0.806151 0.000000
vt 0.593225 0.231794 0.000000
vt 0.593641 0.231794 0.000000
vt 0.574668 0.231794 0.000000
vt 0.574252 0.231794 0.000000
vt 0.442518 0.243079 0.000000
vt 0.442984 0.243078 0.000000
vt 0.010009 0.817608 0.000000
vt 0.010475 0.817609 0.000000
vt 0.593225 0.243249 0.000000
vt 0.593641 0.243249 0.000000
vt 0.574668 0.243249 0.000000
vt 0.574252 0.243249 0.000000
vt 0.442462 0.254522 0.000000
vt 0.442928 0.254520 0.000000
vt 0.010005 0.829067 0.000000
vt 0.010471 0.829068 0.000000
vt 0.593225 0.254705 0.000000
vt 0.593641 0.254705 0.000000
vt 0.574668 0.254705 0.000000
vt 0.574252 0.254705 0.000000
vt 0.442406 0.265964 0.000000
vt 0.442872 0.265963 0.000000
vt 0.010000 0.840526 0.000000
vt 0.010466 0.840527 0.000000
vt 0.593225 0.266160 0.000000
vt 0.593641 0.266160 0.000000
vt 0.574668 0.266160 0.000000
vt 0.574252 0.266160 0.000000
vt 0.442346 0.277406 0.000000
vt 0.442812 0.277405 0.000000
vt 0.010000 0.851985 0.000000
vt 0.010466 0.851987 0.000000
vt 0.593225 0.277616 0.000000
vt 0.593641 0.277616 0.000000
vt 0.574668 0.277616 0.000000
vt 0.574252 0.277616 0.000000
vt 0.442285 0.288848 0.000000
vt 0.442751 0.288847 0.000000
vt 0.010000 0.863445 0.000000
vt 0.010466 0.863447 0.000000
vt 0.593225 0.289071 0.000000
vt 0.593641 0.289071 0.000000
vt 0.574668 0.289071 0.000000
vt 0.574252 0.289071 0.000000
vt 0.442220 0.300290 0.000000
vt 0.442686 0.300288 0.000000
vt 0.010005 0.874905 0.000000
vt 0.010471 0.874906 0.000000
vt 0.593225 0.300527 0.000000
vt 0.593641 0.300527 0.000000
vt 0.574668 0.300527 0.000000
vt 0.574252 0.300527 0.000000
vt 0.442155 0.311730 0.000000
vt 0.442621 0.311728 0.000000
vt 0.010005 0.886366 0.000000
vt 0.010471 0.886367 0.000000
vt 0.593225 0.311982 0.000000
vt 0.593641 0.311982 0.000000
vt 0.574668 0.311982 0.000000
vt 0.574252 0.311982 0.000000
vt 0.442094 0.323170 0.000000
vt 0.442560 0.323168 0.000000
vt 0.010009 0.897826 0.000000
vt 0.010475 0.897827 0.000000
vt 0.593225 0.323438 0.000000
vt 0.593641 0.323438 0.000000
vt 0.574668 0.323438 0.000000
vt 0.574252 0.323438 0.000000
vt 0.442029 0.334610 0.000000
vt 0.442495 0.334608 0.000000
vt 0.010019 0.909286 0.000000
vt 0.010485 0.909286 0.000000
vt 0.593225 0.334893 0.000000
vt 0.593641 0.334893 0.000000
vt 0.574668 0.334893 0.000000
vt 0.574252 0.334893 0.000000
vt 0.441968 0.346050 0.000000
vt 0.442434 0.346048 0.000000
vt 0.010028 0.920745 0.000000
vt 0.010494 0.920745 0.000000
vt 0.593225 0.346349 0.000000
vt 0.593641 0.346349 0.000000
vt 0.574668 0.346349 0.000000
vt 0.574252 0.346349 0.000000
vt 0.441912 0.357490 0.000000
vt 0.442374 0.357488 0.000000
vt 0.010037 0.932203 0.000000
vt 0.010503 0.932203 0.000000
vt 0.593225 0.357804 0.000000
vt 0.593641 0.357804 0.000000
vt 0.574668 0.357804 0.000000
vt 0.574252 0.357804 0.000000
vt 0.441857 0.368929 0.000000
vt 0.442318 0.368927 0.000000
vt 0.010051 0.943660 0.000000
vt 0.010513 0.943659 0.000000
vt 0.593225 0.369260 0.000000
vt 0.593641 0.369260 0.000000
vt 0.574668 0.369260 0.000000
vt 0.574252 0.369260 0.000000
vt 0.441801 0.380367 0.000000
vt 0.442267 0.380365 0.000000
vt 0.010061 0.955115 0.000000
vt 0.010527 0.955113 0.000000
vt 0.593225 0.380715 0.000000
vt 0.593641 0.380715 0.000000
vt 0.574668 0.380715 0.000000
vt 0.574252 0.380715 0.000000
vt 0.441749 0.391802 0.000000
vt 0.442215 0.391799 0.000000
vt 0.010075 0.966566 0.000000
vt 0.010541 0.966563 0.000000
vt 0.593225 0.392171 0.000000
vt 0.593641 0.392171 0.000000
vt 0.574668 0.392171 0.000000
vt 0.574252 0.392171 0.000000
vt 0.441712 0.403231 0.000000
vt 0.442178 0.403226 0.000000
vt 0.010098 0.978015 0.000000
vt 0.010564 0.978008 0.000000
vt 0.593225 0.403626 0.000000
vt 0.593641 0.403626 0.000000
vt 0.574668 0.403626 0.000000
vt 0.574252 0.403626 0.000000
vt 0.441698 0.414652 0.000000
vt 0.442164 0.414648 0.000000
vt 0.010149 0.989467 0.000000
vt 0.010610 0.989448 0.000000
vt 0.593225 0.415082 0.000000
vt 0.593641 0.415082 0.000000
vt 0.574668 0.415082 0.000000
vt 0.574252 0.415082 0.000000
vt 0.441693 0.426075 0.000000
vt 0.442159 0.426092 0.000000
vt 0.010280 0.989777 0.000000
vt 0.593225 0.415511 0.000000
vt 0.593641 0.415511 0.000000
vt 0.574668 0.415511 0.000000
vt 0.574252 0.415511 0.000000
vt 0.442024 0.426402 0.000000
vt 0.010592 0.989912 0.000000
vt 0.593225 0.415939 0.000000
vt 0.593641 0.415939 0.000000
vt 0.574668 0.415939 0.000000
vt 0.574252 0.415939 0.000000
vt 0.441717 0.426538 0.000000
vt 0.022055 0.989972 0.000000
vt 0.022055 0.989506 0.000000
vt 0.593225 0.427395 0.000000
vt 0.593641 0.427395 0.000000
vt 0.574668 0.427395 0.000000
vt 0.574252 0.427395 0.000000
vt 0.430254 0.426204 0.000000
vt 0.430263 0.426669 0.000000
vt 0.033499 0.989980 0.000000
vt 0.033499 0.989514 0.000000
vt 0.593225 0.438850 0.000000
vt 0.593641 0.438850 0.000000
vt 0.574668 0.438850 0.000000
vt 0.574252 0.438850 0.000000
vt 0.418809 0.426348 0.000000
vt 0.418819 0.426814 0.000000
vt 0.044948 0.989983 0.000000
vt 0.044948 0.989517 0.000000
vt 0.593225 0.450306 0.000000
vt 0.593641 0.450306 0.000000
vt 0.574668 0.450306 0.000000
vt 0.574252 0.450306 0.000000
vt 0.407360 0.426514 0.000000
vt 0.407365 0.426979 0.000000
vt 0.056402 0.989986 0.000000
vt 0.056402 0.989520 0.000000
vt 0.593225 0.461761 0.000000
vt 0.593641 0.461761 0.000000
vt 0.574668 0.461761 0.000000
vt 0.574252 0.461761 0.000000
vt 0.395902 0.426686 0.000000
vt 0.395906 0.427151 0.000000
vt 0.067851 0.989989 0.000000
vt 0.067851 0.989523 0.000000
vt 0.593225 0.473217 0.000000
vt 0.593641 0.473217 0.000000
vt 0.574668 0.473217 0.000000
vt 0.574252 0.473217 0.000000
vt 0.384434 0.426858 0.000000
vt 0.384439 0.427323 0.000000
vt 0.079305 0.989992 0.000000
vt 0.079305 0.989527 0.000000
vt 0.593225 0.484672 0.000000
vt 0.593641 0.484672 0.000000
vt 0.574668 0.484672 0.000000
vt 0.574252 0.484672 0.000000
vt 0.372966 0.427027 0.000000
vt 0.372971 0.427492 0.000000
vt 0.090759 0.989995 0.000000
vt 0.090759 0.989530 0.000000
vt 0.593225 0.496128 0.000000
vt 0.593641 0.496128 0.000000
vt 0.574668 0.496128 0.000000
vt 0.574252 0.496128 0.000000
vt 0.361498 0.427191 0.000000
vt 0.361503 0.427656 0.000000
vt 0.102217 0.989998 0.000000
vt 0.102217 0.989532 0.000000
vt 0.593225 0.507583 0.000000
vt 0.593641 0.507583 0.000000
vt 0.574668 0.507583 0.000000
vt 0.574252 0.507583 0.000000
vt 0.350031 0.427348 0.000000
vt 0.350035 0.427813 0.000000
vt 0.113671 0.989999 0.000000
vt 0.113671 0.989534 0.000000
vt 0.593225 0.519039 0.000000
vt 0.593641 0.519039 0.000000
vt 0.574668 0.519039 0.000000
vt 0.574252 0.519039 0.000000
vt 0.338558 0.427499 0.000000
vt 0.338563 0.427964 0.000000
vt 0.125129 0.990000 0.000000
vt 0.125129 0.989535 0.000000
vt 0.593225 0.530494 0.000000
vt 0.593641 0.530494 0.000000
vt 0.574668 0.530494 0.000000
vt 0.574252 0.530494 0.000000
vt 0.327086 0.427640 0.000000
vt 0.327091 0.428106 0.000000
vt 0.136583 0.989999 0.000000
vt 0.136583 0.989534 0.000000
vt 0.593225 0.541950 0.000000
vt 0.593641 0.541950 0.000000
vt 0.574668 0.541950 0.000000
vt 0.574252 0.541950 0.000000
vt 0.315614 0.427772 0.000000
vt 0.315618 0.428237 0.000000
vt 0.148041 0.989997 0.000000
vt 0.148041 0.989532 0.000000
vt 0.593225 0.553405 0.000000
vt 0.593641 0.553405 0.000000
vt 0.574668 0.553405 0.000000
vt 0.574252 0.553405 0.000000
vt 0.304141 0.427895 0.000000
vt 0.304146 0.428360 0.000000
vt 0.159495 0.989995 0.000000
vt 0.159495 0.989529 0.000000
vt 0.593225 0.564861 0.000000
vt 0.593641 0.564861 0.000000
vt 0.574668 0.564861 0.000000
vt 0.574252 0.564861 0.000000
vt 0.292669 0.428007 0.000000
vt 0.292669 0.428473 0.000000
vt 0.170949 0.989991 0.000000
vt 0.170949 0.989526 0.000000
vt 0.593225 0.576316 0.000000
vt 0.593641 0.576316 0.000000
vt 0.574668 0.576316 0.000000
vt 0.574252 0.576316 0.000000
vt 0.281196 0.428109 0.000000
vt 0.281196 0.428574 0.000000
vt 0.182407 0.989987 0.000000
vt 0.182407 0.989521 0.000000
vt 0.593225 0.587772 0.000000
vt 0.593641 0.587772 0.000000
vt 0.574668 0.587772 0.000000
vt 0.574252 0.587772 0.000000
vt 0.269719 0.428200 0.000000
vt 0.269724 0.428665 0.000000
vt 0.193861 0.989981 0.000000
vt 0.193861 0.989515 0.000000
vt 0.593225 0.599227 0.000000
vt 0.593641 0.599227 0.000000
vt 0.574668 0.599227 0.000000
vt 0.574252 0.599227 0.000000
vt 0.258247 0.428277 0.000000
vt 0.258247 0.428742 0.000000
vt 0.205315 0.989973 0.000000
vt 0.205315 0.989508 0.000000
vt 0.593225 0.610682 0.000000
vt 0.593641 0.610682 0.000000
vt 0.574668 0.610682 0.000000
vt 0.574252 0.610682 0.000000
vt 0.246770 0.428341 0.000000
vt 0.246770 0.428806 0.000000
vt 0.216773 0.989966 0.000000
vt 0.216768 0.989501 0.000000
vt 0.593225 0.622138 0.000000
vt 0.593641 0.622138 0.000000
vt 0.574668 0.622138 0.000000
vt 0.574252 0.622138 0.000000
vt 0.235298 0.428389 0.000000
vt 0.235298 0.428855 0.000000
vt 0.228222 0.989958 0.000000
vt 0.228222 0.989493 0.000000
vt 0.593225 0.633593 0.000000
vt 0.593641 0.633593 0.000000
vt 0.574668 0.633593 0.000000
vt 0.574252 0.633593 0.000000
vt 0.223820 0.428420 0.000000
vt 0.223816 0.428885 0.000000
vt 0.239676 0.989949 0.000000
vt 0.239676 0.989484 0.000000
vt 0.593225 0.645049 0.000000
vt 0.593641 0.645049 0.000000
vt 0.574668 0.645049 0.000000
vt 0.574252 0.645049 0.000000
vt 0.212343 0.428432 0.000000
vt 0.212339 0.428897 0.000000
vt 0.251125 0.989940 0.000000
vt 0.251125 0.989475 0.000000
vt 0.593225 0.656504 0.000000
vt 0.593641 0.656504 0.000000
vt 0.574668 0.656504 0.000000
vt 0.574252 0.656504 0.000000
vt 0.200866 0.428424 0.000000
vt 0.200862 0.428888 0.000000
vt 0.262574 0.989930 0.000000
vt 0.262574 0.989465 0.000000
vt 0.593225 0.667960 0.000000
vt 0.593641 0.667960 0.000000
vt 0.574668 0.667960 0.000000
vt 0.574252 0.667960 0.000000
vt 0.189394 0.428394 0.000000
vt 0.189389 0.428858 0.000000
vt 0.274018 0.989917 0.000000
vt 0.274014 0.989451 0.000000
vt 0.593225 0.679415 0.000000
vt 0.593641 0.679415 0.000000
vt 0.574668 0.679415 0.000000
vt 0.574252 0.679415 0.000000
vt 0.177931 0.428347 0.000000
vt 0.177931 0.428812 0.000000
vt 0.285458 0.989896 0.000000
vt 0.285453 0.989430 0.000000
vt 0.593225 0.690871 0.000000
vt 0.593641 0.690871 0.000000
vt 0.574668 0.690871 0.000000
vt 0.574252 0.690871 0.000000
vt 0.166486 0.428294 0.000000
vt 0.166482 0.428760 0.000000
vt 0.296898 0.989838 0.000000
vt 0.296875 0.989374 0.000000
vt 0.593225 0.702326 0.000000
vt 0.593641 0.702326 0.000000
vt 0.574668 0.702326 0.000000
vt 0.574252 0.702326 0.000000
vt 0.155051 0.428181 0.000000
vt 0.155033 0.428646 0.000000
vt 0.297205 0.989704 0.000000
vt 0.593225 0.702755 0.000000
vt 0.593641 0.702755 0.000000
vt 0.574668 0.702755 0.000000
vt 0.574252 0.702755 0.000000
vt 0.154720 0.428510 0.000000
vt 0.297341 0.989394 0.000000
vt 0.593225 0.703184 0.000000
vt 0.593641 0.703184 0.000000
vt 0.574668 0.703184 0.000000
vt 0.574252 0.703184 0.000000
vt 0.154590 0.428200 0.000000
vt 0.297406 0.977943 0.000000
vt 0.296940 0.977944 0.000000
vt 0.593225 0.714640 0.000000
vt 0.593641 0.714640 0.000000
vt 0.574668 0.714640 0.000000
vt 0.574252 0.714640 0.000000
vt 0.154991 0.416758 0.000000
vt 0.154525 0.416760 0.000000
vt 0.297401 0.966503 0.000000
vt 0.296940 0.966504 0.000000
vt 0.593225 0.726095 0.000000
vt 0.593641 0.726095 0.000000
vt 0.574668 0.726095 0.000000
vt 0.574252 0.726095 0.000000
vt 0.154953 0.405317 0.000000
vt 0.154487 0.405314 0.000000
vt 0.297396 0.955058 0.000000
vt 0.296931 0.955059 0.000000
vt 0.593224 0.737550 0.000000
vt 0.593641 0.737550 0.000000
vt 0.574668 0.737550 0.000000
vt 0.574252 0.737550 0.000000
vt 0.154916 0.393859 0.000000
vt 0.154450 0.393855 0.000000
vt 0.297387 0.943611 0.000000
vt 0.296921 0.943611 0.000000
vt 0.593224 0.749006 0.000000
vt 0.593641 0.749006 0.000000
vt 0.574668 0.749006 0.000000
vt 0.574252 0.749006 0.000000
vt 0.154893 0.382391 0.000000
vt 0.154427 0.382386 0.000000
vt 0.297378 0.932161 0.000000
vt 0.296912 0.932162 0.000000
vt 0.593224 0.760462 0.000000
vt 0.593641 0.760462 0.000000
vt 0.574668 0.760462 0.000000
vt 0.574252 0.760462 0.000000
vt 0.154888 0.370919 0.000000
vt 0.154422 0.370913 0.000000
vt 0.297369 0.920711 0.000000
vt 0.296903 0.920712 0.000000
vt 0.593224 0.771917 0.000000
vt 0.593641 0.771917 0.000000
vt 0.574668 0.771917 0.000000
vt 0.574252 0.771917 0.000000
vt 0.154902 0.359446 0.000000
vt 0.154436 0.359439 0.000000
vt 0.297359 0.909260 0.000000
vt 0.296893 0.909261 0.000000
vt 0.593224 0.783372 0.000000
vt 0.593641 0.783372 0.000000
vt 0.574668 0.783372 0.000000
vt 0.574252 0.783372 0.000000
vt 0.154935 0.347972 0.000000
vt 0.154469 0.347965 0.000000
vt 0.297350 0.897809 0.000000
vt 0.296884 0.897810 0.000000
vt 0.593224 0.794828 0.000000
vt 0.593641 0.794828 0.000000
vt 0.574668 0.794828 0.000000
vt 0.574252 0.794828 0.000000
vt 0.154977 0.336499 0.000000
vt 0.154511 0.336491 0.000000
vt 0.297341 0.886358 0.000000
vt 0.296875 0.886359 0.000000
vt 0.593224 0.806283 0.000000
vt 0.593641 0.806283 0.000000
vt 0.574668 0.806283 0.000000
vt 0.574252 0.806283 0.000000
vt 0.155037 0.325026 0.000000
vt 0.154571 0.325018 0.000000
vt 0.297336 0.874907 0.000000
vt 0.296870 0.874908 0.000000
vt 0.593224 0.817739 0.000000
vt 0.593641 0.817739 0.000000
vt 0.574668 0.817739 0.000000
vt 0.574252 0.817739 0.000000
vt 0.155112 0.313554 0.000000
vt 0.154646 0.313545 0.000000
vt 0.297327 0.863457 0.000000
vt 0.296861 0.863457 0.000000
vt 0.593224 0.829194 0.000000
vt 0.593641 0.829194 0.000000
vt 0.574668 0.829194 0.000000
vt 0.574252 0.829194 0.000000
vt 0.155196 0.302082 0.000000
vt 0.154730 0.302073 0.000000
vt 0.297322 0.852006 0.000000
vt 0.296856 0.852007 0.000000
vt 0.593224 0.840650 0.000000
vt 0.593641 0.840650 0.000000
vt 0.574668 0.840650 0.000000
vt 0.574252 0.840650 0.000000
vt 0.155294 0.290611 0.000000
vt 0.154828 0.290602 0.000000
vt 0.297317 0.840556 0.000000
vt 0.296851 0.840557 0.000000
vt 0.593224 0.852105 0.000000
vt 0.593641 0.852105 0.000000
vt 0.574668 0.852105 0.000000
vt 0.574252 0.852105 0.000000
vt 0.155401 0.279141 0.000000
vt 0.154935 0.279131 0.000000
vt 0.297308 0.829106 0.000000
vt 0.296847 0.829108 0.000000
vt 0.593224 0.863561 0.000000
vt 0.593641 0.863561 0.000000
vt 0.574668 0.863561 0.000000
vt 0.574252 0.863561 0.000000
vt 0.155517 0.267672 0.000000
vt 0.155051 0.267662 0.000000
vt 0.297303 0.817657 0.000000
vt 0.296842 0.817658 0.000000
vt 0.593224 0.875016 0.000000
vt 0.593641 0.875016 0.000000
vt 0.574668 0.875016 0.000000
vt 0.574252 0.875016 0.000000
vt 0.155638 0.256203 0.000000
vt 0.155172 0.256193 0.000000
vt 0.297303 0.806209 0.000000
vt 0.296837 0.806210 0.000000
vt 0.593224 0.886472 0.000000
vt 0.593641 0.886472 0.000000
vt 0.574668 0.886472 0.000000
vt 0.574252 0.886472 0.000000
vt 0.155764 0.244736 0.000000
vt 0.155298 0.244726 0.000000
vt 0.297299 0.794761 0.000000
vt 0.296833 0.794762 0.000000
vt 0.593224 0.897927 0.000000
vt 0.593641 0.897927 0.000000
vt 0.574668 0.897927 0.000000
vt 0.574252 0.897927 0.000000
vt 0.155895 0.233270 0.000000
vt 0.155429 0.233260 0.000000
vt 0.297294 0.783313 0.000000
vt 0.296828 0.783315 0.000000
vt 0.593224 0.909383 0.000000
vt 0.593641 0.909383 0.000000
vt 0.574668 0.909383 0.000000
vt 0.574252 0.909383 0.000000
vt 0.156020 0.221804 0.000000
vt 0.155559 0.221794 0.000000
vt 0.297294 0.771867 0.000000
vt 0.296828 0.771869 0.000000
vt 0.593224 0.920838 0.000000
vt 0.593641 0.920838 0.000000
vt 0.574668 0.920838 0.000000
vt 0.574252 0.920838 0.000000
vt 0.156151 0.210340 0.000000
vt 0.155685 0.210330 0.000000
vt 0.297289 0.760421 0.000000
vt 0.296823 0.760423 0.000000
vt 0.593224 0.932294 0.000000
vt 0.593641 0.932294 0.000000
vt 0.574668 0.932294 0.000000
vt 0.574252 0.932294 0.000000
vt 0.156282 0.198876 0.000000
vt 0.155816 0.198866 0.000000
vt 0.297289 0.748977 0.000000
vt 0.296823 0.748979 0.000000
vt 0.593224 0.943749 0.000000
vt 0.593641 0.943749 0.000000
vt 0.574668 0.943749 0.000000
vt 0.574252 0.943749 0.000000
vt 0.156407 0.187415 0.000000
vt 0.155941 0.187405 0.000000
vt 0.297289 0.737535 0.000000
vt 0.296823 0.737538 0.000000
vt 0.593224 0.955205 0.000000
vt 0.593641 0.955205 0.000000
vt 0.574668 0.955205 0.000000
vt 0.574252 0.955205 0.000000
vt 0.156533 0.175957 0.000000
vt 0.156067 0.175948 0.000000
vt 0.297285 0.726095 0.000000
vt 0.296819 0.726100 0.000000
vt 0.593224 0.966660 0.000000
vt 0.593641 0.966660 0.000000
vt 0.574668 0.966660 0.000000
vt 0.574252 0.966660 0.000000
vt 0.156645 0.164505 0.000000
vt 0.156179 0.164498 0.000000
vt 0.297271 0.714658 0.000000
vt 0.296805 0.714666 0.000000
vt 0.593224 0.978116 0.000000
vt 0.593641 0.978116 0.000000
vt 0.574668 0.978116 0.000000
vt 0.574252 0.978116 0.000000
vt 0.156733 0.153060 0.000000
vt 0.156267 0.153054 0.000000
vt 0.297229 0.703219 0.000000
vt 0.593224 0.989571 0.000000
vt 0.593641 0.989571 0.000000
vt 0.574668 0.989571 0.000000
vt 0.574252 0.989571 0.000000
vt 0.156365 0.141590 0.000000
vt 0.297094 0.702909 0.000000
vt 0.593224 0.990000 0.000000
vt 0.593641 0.990000 0.000000
vt 0.574668 0.990000 0.000000
vt 0.574252 0.990000 0.000000
vt 0.156500 0.141282 0.000000
vt 0.096412 0.407234 0.000000
vt 0.096008 0.407131 0.000000
vt 0.077490 0.407029 0.000000
vt 0.077084 0.407122 0.000000
vt 0.168211 0.153139 0.000000
vt 0.168089 0.164620 0.000000
vt 0.167964 0.176102 0.000000
vt 0.167838 0.187576 0.000000
vt 0.167707 0.199045 0.000000
vt 0.167577 0.210512 0.000000
vt 0.167451 0.221978 0.000000
vt 0.167320 0.233443 0.000000
vt 0.167190 0.244907 0.000000
vt 0.167064 0.256370 0.000000
vt 0.166943 0.267832 0.000000
vt 0.166831 0.279295 0.000000
vt 0.166724 0.290758 0.000000
vt 0.166626 0.302218 0.000000
vt 0.166538 0.313678 0.000000
vt 0.166468 0.325137 0.000000
vt 0.166407 0.336596 0.000000
vt 0.166360 0.348054 0.000000
vt 0.166328 0.359513 0.000000
vt 0.166314 0.370970 0.000000
vt 0.166319 0.382429 0.000000
vt 0.166342 0.393890 0.000000
vt 0.166389 0.405357 0.000000
vt 0.166454 0.416824 0.000000
vt 0.179655 0.153065 0.000000
vt 0.179655 0.154508 0.000000
vt 0.170205 0.154588 0.000000
vt 0.169529 0.164640 0.000000
vt 0.169641 0.155160 0.000000
vt 0.169809 0.154761 0.000000
vt 0.169520 0.165572 0.000000
vt 0.169403 0.176123 0.000000
vt 0.169408 0.175973 0.000000
vt 0.169287 0.186365 0.000000
vt 0.169278 0.187596 0.000000
vt 0.169170 0.196758 0.000000
vt 0.169147 0.199067 0.000000
vt 0.169054 0.207148 0.000000
vt 0.169021 0.210534 0.000000
vt 0.168937 0.217536 0.000000
vt 0.168891 0.222000 0.000000
vt 0.168821 0.227924 0.000000
vt 0.168760 0.233465 0.000000
vt 0.168704 0.238311 0.000000
vt 0.168634 0.244929 0.000000
vt 0.168588 0.248698 0.000000
vt 0.168509 0.256393 0.000000
vt 0.168476 0.259084 0.000000
vt 0.168383 0.267855 0.000000
vt 0.168364 0.269470 0.000000
vt 0.168271 0.279318 0.000000
vt 0.168266 0.279857 0.000000
vt 0.168164 0.290778 0.000000
vt 0.168173 0.290240 0.000000
vt 0.168080 0.300617 0.000000
vt 0.168066 0.302235 0.000000
vt 0.167996 0.310997 0.000000
vt 0.167982 0.313694 0.000000
vt 0.167926 0.321378 0.000000
vt 0.167908 0.325152 0.000000
vt 0.167870 0.331759 0.000000
vt 0.167847 0.336609 0.000000
vt 0.167819 0.342139 0.000000
vt 0.167800 0.348066 0.000000
vt 0.167786 0.352519 0.000000
vt 0.167772 0.359523 0.000000
vt 0.167763 0.362899 0.000000
vt 0.167754 0.370979 0.000000
vt 0.167754 0.373279 0.000000
vt 0.167759 0.382436 0.000000
vt 0.167759 0.383660 0.000000
vt 0.167782 0.393897 0.000000
vt 0.167782 0.394046 0.000000
vt 0.167833 0.405363 0.000000
vt 0.167828 0.404433 0.000000
vt 0.167898 0.414820 0.000000
vt 0.177926 0.416908 0.000000
vt 0.177926 0.415466 0.000000
vt 0.168467 0.415392 0.000000
vt 0.168066 0.415219 0.000000
vt 0.191109 0.152967 0.000000
vt 0.191118 0.154408 0.000000
vt 0.190969 0.154410 0.000000
vt 0.180592 0.154503 0.000000
vt 0.189389 0.416964 0.000000
vt 0.178858 0.415472 0.000000
vt 0.189389 0.415522 0.000000
vt 0.202558 0.152880 0.000000
vt 0.202567 0.154322 0.000000
vt 0.201342 0.154333 0.000000
vt 0.199622 0.415552 0.000000
vt 0.200852 0.416994 0.000000
vt 0.200848 0.415554 0.000000
vt 0.213998 0.152793 0.000000
vt 0.214007 0.154236 0.000000
vt 0.211710 0.154256 0.000000
vt 0.210004 0.415562 0.000000
vt 0.212311 0.417001 0.000000
vt 0.212306 0.415561 0.000000
vt 0.225437 0.152705 0.000000
vt 0.225447 0.154148 0.000000
vt 0.222073 0.154176 0.000000
vt 0.220386 0.415555 0.000000
vt 0.223769 0.416989 0.000000
vt 0.223764 0.415548 0.000000
vt 0.236877 0.152615 0.000000
vt 0.236886 0.154058 0.000000
vt 0.232436 0.154095 0.000000
vt 0.230763 0.415532 0.000000
vt 0.235228 0.416957 0.000000
vt 0.235218 0.415516 0.000000
vt 0.248317 0.152524 0.000000
vt 0.248322 0.153967 0.000000
vt 0.242800 0.154014 0.000000
vt 0.241146 0.415495 0.000000
vt 0.246691 0.416909 0.000000
vt 0.246677 0.415468 0.000000
vt 0.259752 0.152434 0.000000
vt 0.259761 0.153877 0.000000
vt 0.253163 0.153932 0.000000
vt 0.251527 0.415445 0.000000
vt 0.258149 0.416845 0.000000
vt 0.258135 0.415404 0.000000
vt 0.271187 0.152344 0.000000
vt 0.271196 0.153787 0.000000
vt 0.263522 0.153850 0.000000
vt 0.261909 0.415382 0.000000
vt 0.269612 0.416767 0.000000
vt 0.269594 0.415326 0.000000
vt 0.282627 0.152256 0.000000
vt 0.282632 0.153699 0.000000
vt 0.273885 0.153769 0.000000
vt 0.272292 0.415308 0.000000
vt 0.281071 0.416677 0.000000
vt 0.281057 0.415236 0.000000
vt 0.294062 0.152169 0.000000
vt 0.294067 0.153612 0.000000
vt 0.284244 0.153688 0.000000
vt 0.282673 0.415224 0.000000
vt 0.292534 0.416574 0.000000
vt 0.292515 0.415132 0.000000
vt 0.305497 0.152088 0.000000
vt 0.305506 0.153530 0.000000
vt 0.304971 0.153535 0.000000
vt 0.294607 0.153609 0.000000
vt 0.293051 0.415127 0.000000
vt 0.303997 0.416463 0.000000
vt 0.303973 0.415022 0.000000
vt 0.303438 0.415028 0.000000
vt 0.316932 0.152009 0.000000
vt 0.316942 0.153452 0.000000
vt 0.315329 0.153464 0.000000
vt 0.313824 0.414920 0.000000
vt 0.315460 0.416341 0.000000
vt 0.315437 0.414900 0.000000
vt 0.328367 0.151936 0.000000
vt 0.328372 0.153378 0.000000
vt 0.325688 0.153398 0.000000
vt 0.324206 0.414802 0.000000
vt 0.326923 0.416209 0.000000
vt 0.326900 0.414768 0.000000
vt 0.339803 0.151867 0.000000
vt 0.339807 0.153310 0.000000
vt 0.336047 0.153335 0.000000
vt 0.334593 0.414676 0.000000
vt 0.338386 0.416067 0.000000
vt 0.338363 0.414626 0.000000
vt 0.351238 0.151804 0.000000
vt 0.351242 0.153247 0.000000
vt 0.346410 0.153275 0.000000
vt 0.344980 0.414544 0.000000
vt 0.349849 0.415917 0.000000
vt 0.349826 0.414476 0.000000
vt 0.362673 0.151747 0.000000
vt 0.362677 0.153190 0.000000
vt 0.356769 0.153221 0.000000
vt 0.355362 0.414404 0.000000
vt 0.361312 0.415760 0.000000
vt 0.361289 0.414319 0.000000
vt 0.374108 0.151696 0.000000
vt 0.374108 0.153139 0.000000
vt 0.367127 0.153172 0.000000
vt 0.365748 0.414259 0.000000
vt 0.372775 0.415596 0.000000
vt 0.372752 0.414155 0.000000
vt 0.385543 0.151652 0.000000
vt 0.385543 0.153095 0.000000
vt 0.377482 0.153129 0.000000
vt 0.376135 0.414109 0.000000
vt 0.384243 0.415427 0.000000
vt 0.384220 0.413987 0.000000
vt 0.396978 0.151615 0.000000
vt 0.396973 0.153058 0.000000
vt 0.387840 0.153089 0.000000
vt 0.386526 0.413955 0.000000
vt 0.395711 0.415254 0.000000
vt 0.395687 0.413813 0.000000
vt 0.408413 0.151585 0.000000
vt 0.408409 0.153027 0.000000
vt 0.398199 0.153056 0.000000
vt 0.396918 0.413796 0.000000
vt 0.407188 0.415074 0.000000
vt 0.407169 0.413634 0.000000
vt 0.419848 0.151565 0.000000
vt 0.419848 0.153007 0.000000
vt 0.418926 0.153010 0.000000
vt 0.408558 0.153027 0.000000
vt 0.418674 0.414889 0.000000
vt 0.407318 0.413632 0.000000
vt 0.418651 0.413447 0.000000
vt 0.417724 0.413462 0.000000
vt 0.431288 0.151552 0.000000
vt 0.429844 0.153557 0.000000
vt 0.429834 0.162998 0.000000
vt 0.431279 0.162998 0.000000
vt 0.429284 0.152997 0.000000
vt 0.429681 0.153160 0.000000
vt 0.429825 0.174293 0.000000
vt 0.429825 0.174442 0.000000
vt 0.431265 0.174439 0.000000
vt 0.429834 0.163924 0.000000
vt 0.429802 0.184657 0.000000
vt 0.429802 0.185880 0.000000
vt 0.431246 0.185877 0.000000
vt 0.429778 0.195017 0.000000
vt 0.429774 0.197317 0.000000
vt 0.431218 0.197315 0.000000
vt 0.429746 0.205378 0.000000
vt 0.429736 0.208754 0.000000
vt 0.431181 0.208753 0.000000
vt 0.429713 0.215740 0.000000
vt 0.429699 0.220191 0.000000
vt 0.431139 0.220191 0.000000
vt 0.429671 0.226102 0.000000
vt 0.429653 0.231630 0.000000
vt 0.431092 0.231630 0.000000
vt 0.429629 0.236465 0.000000
vt 0.429601 0.243068 0.000000
vt 0.431041 0.243069 0.000000
vt 0.429578 0.246828 0.000000
vt 0.429545 0.254507 0.000000
vt 0.430985 0.254508 0.000000
vt 0.429531 0.257192 0.000000
vt 0.429485 0.265945 0.000000
vt 0.430929 0.265948 0.000000
vt 0.429475 0.267556 0.000000
vt 0.429429 0.277385 0.000000
vt 0.430869 0.277388 0.000000
vt 0.429368 0.288290 0.000000
vt 0.429364 0.288828 0.000000
vt 0.430808 0.288829 0.000000
vt 0.429424 0.277922 0.000000
vt 0.429308 0.298654 0.000000
vt 0.429303 0.300268 0.000000
vt 0.430743 0.300269 0.000000
vt 0.429252 0.309018 0.000000
vt 0.429238 0.311708 0.000000
vt 0.430682 0.311710 0.000000
vt 0.429191 0.319383 0.000000
vt 0.429173 0.323149 0.000000
vt 0.430617 0.323151 0.000000
vt 0.429135 0.329748 0.000000
vt 0.429112 0.334591 0.000000
vt 0.430557 0.334592 0.000000
vt 0.429079 0.340114 0.000000
vt 0.429051 0.346033 0.000000
vt 0.430496 0.346034 0.000000
vt 0.429028 0.350481 0.000000
vt 0.428995 0.357476 0.000000
vt 0.430435 0.357477 0.000000
vt 0.428977 0.360848 0.000000
vt 0.428940 0.368920 0.000000
vt 0.430379 0.368921 0.000000
vt 0.428926 0.371217 0.000000
vt 0.428884 0.380367 0.000000
vt 0.430324 0.380367 0.000000
vt 0.428879 0.381589 0.000000
vt 0.428832 0.391821 0.000000
vt 0.430272 0.391818 0.000000
vt 0.430216 0.403271 0.000000
vt 0.428777 0.402346 0.000000
vt 0.428772 0.403276 0.000000
vt 0.428832 0.391970 0.000000
vt 0.428133 0.413297 0.000000
vt 0.430160 0.414721 0.000000
vt 0.428702 0.412729 0.000000
vt 0.428530 0.413127 0.000000
vt 0.285328 0.714664 0.000000
vt 0.285356 0.726120 0.000000
vt 0.285370 0.737564 0.000000
vt 0.285374 0.749007 0.000000
vt 0.285374 0.760449 0.000000
vt 0.285379 0.771893 0.000000
vt 0.285379 0.783339 0.000000
vt 0.285384 0.794785 0.000000
vt 0.285384 0.806231 0.000000
vt 0.285388 0.817679 0.000000
vt 0.285393 0.829127 0.000000
vt 0.285397 0.840576 0.000000
vt 0.285407 0.852025 0.000000
vt 0.285412 0.863474 0.000000
vt 0.285416 0.874924 0.000000
vt 0.285426 0.886373 0.000000
vt 0.285430 0.897823 0.000000
vt 0.285440 0.909273 0.000000
vt 0.285449 0.920722 0.000000
vt 0.285453 0.932171 0.000000
vt 0.285463 0.943620 0.000000
vt 0.285467 0.955067 0.000000
vt 0.285472 0.966515 0.000000
vt 0.285467 0.977966 0.000000
vt 0.273879 0.714643 0.000000
vt 0.273893 0.726110 0.000000
vt 0.273907 0.737567 0.000000
vt 0.273916 0.749017 0.000000
vt 0.273921 0.760464 0.000000
vt 0.273925 0.771910 0.000000
vt 0.273930 0.783356 0.000000
vt 0.273930 0.794802 0.000000
vt 0.273935 0.806249 0.000000
vt 0.273939 0.817696 0.000000
vt 0.273944 0.829144 0.000000
vt 0.273948 0.840592 0.000000
vt 0.273953 0.852040 0.000000
vt 0.273958 0.863489 0.000000
vt 0.273962 0.874938 0.000000
vt 0.273972 0.886387 0.000000
vt 0.273976 0.897836 0.000000
vt 0.273986 0.909285 0.000000
vt 0.273990 0.920734 0.000000
vt 0.274000 0.932183 0.000000
vt 0.274004 0.943632 0.000000
vt 0.274009 0.955081 0.000000
vt 0.274014 0.966532 0.000000
vt 0.274014 0.977988 0.000000
vt 0.262439 0.714640 0.000000
vt 0.262439 0.726101 0.000000
vt 0.262448 0.737562 0.000000
vt 0.262457 0.749018 0.000000
vt 0.262467 0.760470 0.000000
vt 0.262471 0.771919 0.000000
vt 0.262476 0.783367 0.000000
vt 0.262476 0.794814 0.000000
vt 0.262481 0.806262 0.000000
vt 0.262485 0.817709 0.000000
vt 0.262490 0.829157 0.000000
vt 0.262495 0.840605 0.000000
vt 0.262499 0.852053 0.000000
vt 0.262504 0.863502 0.000000
vt 0.262509 0.874951 0.000000
vt 0.262518 0.886399 0.000000
vt 0.262523 0.897848 0.000000
vt 0.262532 0.909297 0.000000
vt 0.262537 0.920746 0.000000
vt 0.262541 0.932195 0.000000
vt 0.262546 0.943645 0.000000
vt 0.262555 0.955095 0.000000
vt 0.262560 0.966548 0.000000
vt 0.262565 0.978004 0.000000
vt 0.250999 0.714643 0.000000
vt 0.250990 0.726099 0.000000
vt 0.250994 0.737557 0.000000
vt 0.251004 0.749015 0.000000
vt 0.251008 0.760470 0.000000
vt 0.251013 0.771922 0.000000
vt 0.251018 0.783373 0.000000
vt 0.251022 0.794822 0.000000
vt 0.251027 0.806271 0.000000
vt 0.251032 0.817719 0.000000
vt 0.251036 0.829167 0.000000
vt 0.251041 0.840616 0.000000
vt 0.251046 0.852064 0.000000
vt 0.251050 0.863513 0.000000
vt 0.251055 0.874962 0.000000
vt 0.251064 0.886410 0.000000
vt 0.251069 0.897859 0.000000
vt 0.251074 0.909308 0.000000
vt 0.251083 0.920758 0.000000
vt 0.251088 0.932207 0.000000
vt 0.251092 0.943658 0.000000
vt 0.251097 0.955109 0.000000
vt 0.251106 0.966562 0.000000
vt 0.251111 0.978017 0.000000
vt 0.239555 0.714645 0.000000
vt 0.239545 0.726099 0.000000
vt 0.239545 0.737555 0.000000
vt 0.239550 0.749012 0.000000
vt 0.239555 0.760468 0.000000
vt 0.239559 0.771922 0.000000
vt 0.239564 0.783375 0.000000
vt 0.239569 0.794826 0.000000
vt 0.239573 0.806276 0.000000
vt 0.239578 0.817726 0.000000
vt 0.239583 0.829175 0.000000
vt 0.239587 0.840624 0.000000
vt 0.239592 0.852073 0.000000
vt 0.239597 0.863522 0.000000
vt 0.239601 0.874971 0.000000
vt 0.239606 0.886420 0.000000
vt 0.239615 0.897869 0.000000
vt 0.239620 0.909319 0.000000
vt 0.239625 0.920768 0.000000
vt 0.239634 0.932218 0.000000
vt 0.239639 0.943669 0.000000
vt 0.239643 0.955121 0.000000
vt 0.239653 0.966574 0.000000
vt 0.239662 0.978028 0.000000
vt 0.228115 0.714648 0.000000
vt 0.228101 0.726100 0.000000
vt 0.228096 0.737555 0.000000
vt 0.228096 0.749010 0.000000
vt 0.228101 0.760466 0.000000
vt 0.228106 0.771921 0.000000
vt 0.228110 0.783375 0.000000
vt 0.228115 0.794827 0.000000
vt 0.228115 0.806279 0.000000
vt 0.228120 0.817730 0.000000
vt 0.228124 0.829180 0.000000
vt 0.228129 0.840630 0.000000
vt 0.228134 0.852080 0.000000
vt 0.228143 0.863529 0.000000
vt 0.228148 0.874979 0.000000
vt 0.228152 0.886428 0.000000
vt 0.228157 0.897878 0.000000
vt 0.228166 0.909328 0.000000
vt 0.228171 0.920778 0.000000
vt 0.228176 0.932229 0.000000
vt 0.228185 0.943680 0.000000
vt 0.228189 0.955132 0.000000
vt 0.228199 0.966585 0.000000
vt 0.228213 0.978038 0.000000
vt 0.216671 0.714649 0.000000
vt 0.216657 0.726102 0.000000
vt 0.216647 0.737555 0.000000
vt 0.216647 0.749009 0.000000
vt 0.216647 0.760464 0.000000
vt 0.216647 0.771919 0.000000
vt 0.216652 0.783373 0.000000
vt 0.216657 0.794827 0.000000
vt 0.216661 0.806279 0.000000
vt 0.216666 0.817731 0.000000
vt 0.216671 0.829183 0.000000
vt 0.216675 0.840634 0.000000
vt 0.216680 0.852084 0.000000
vt 0.216684 0.863534 0.000000
vt 0.216689 0.874985 0.000000
vt 0.216698 0.886435 0.000000
vt 0.216703 0.897885 0.000000
vt 0.216708 0.909336 0.000000
vt 0.216717 0.920786 0.000000
vt 0.216722 0.932237 0.000000
vt 0.216731 0.943689 0.000000
vt 0.216736 0.955141 0.000000
vt 0.216745 0.966594 0.000000
vt 0.216759 0.978047 0.000000
vt 0.205226 0.714650 0.000000
vt 0.205212 0.726102 0.000000
vt 0.205203 0.737555 0.000000
vt 0.205198 0.749009 0.000000
vt 0.205193 0.760463 0.000000
vt 0.205193 0.771917 0.000000
vt 0.205198 0.783372 0.000000
vt 0.205203 0.794825 0.000000
vt 0.205207 0.806279 0.000000
vt 0.205207 0.817731 0.000000
vt 0.205212 0.829184 0.000000
vt 0.205217 0.840635 0.000000
vt 0.205226 0.852087 0.000000
vt 0.205231 0.863538 0.000000
vt 0.205235 0.874989 0.000000
vt 0.205240 0.886440 0.000000
vt 0.205249 0.897891 0.000000
vt 0.205254 0.909342 0.000000
vt 0.205259 0.920793 0.000000
vt 0.205268 0.932245 0.000000
vt 0.205277 0.943696 0.000000
vt 0.205282 0.955149 0.000000
vt 0.205291 0.966602 0.000000
vt 0.205305 0.978055 0.000000
vt 0.193782 0.714650 0.000000
vt 0.193768 0.726102 0.000000
vt 0.193754 0.737554 0.000000
vt 0.193749 0.749007 0.000000
vt 0.193744 0.760461 0.000000
vt 0.193744 0.771915 0.000000
vt 0.193744 0.783369 0.000000
vt 0.193744 0.794823 0.000000
vt 0.193749 0.806277 0.000000
vt 0.193754 0.817730 0.000000
vt 0.193758 0.829183 0.000000
vt 0.193763 0.840636 0.000000
vt 0.193768 0.852088 0.000000
vt 0.193772 0.863540 0.000000
vt 0.193777 0.874992 0.000000
vt 0.193786 0.886443 0.000000
vt 0.193791 0.897895 0.000000
vt 0.193800 0.909347 0.000000
vt 0.193805 0.920798 0.000000
vt 0.193814 0.932250 0.000000
vt 0.193819 0.943703 0.000000
vt 0.193828 0.955155 0.000000
vt 0.193838 0.966608 0.000000
vt 0.193852 0.978062 0.000000
vt 0.182337 0.714649 0.000000
vt 0.182319 0.726101 0.000000
vt 0.182309 0.737553 0.000000
vt 0.182300 0.749006 0.000000
vt 0.182295 0.760459 0.000000
vt 0.182291 0.771913 0.000000
vt 0.182291 0.783367 0.000000
vt 0.182291 0.794821 0.000000
vt 0.182295 0.806275 0.000000
vt 0.182295 0.817728 0.000000
vt 0.182300 0.829182 0.000000
vt 0.182305 0.840635 0.000000
vt 0.182309 0.852088 0.000000
vt 0.182319 0.863540 0.000000
vt 0.182323 0.874993 0.000000
vt 0.182328 0.886445 0.000000
vt 0.182337 0.897898 0.000000
vt 0.182342 0.909350 0.000000
vt 0.182351 0.920802 0.000000
vt 0.182356 0.932255 0.000000
vt 0.182365 0.943708 0.000000
vt 0.182375 0.955161 0.000000
vt 0.182384 0.966614 0.000000
vt 0.182393 0.978067 0.000000
vt 0.170888 0.714647 0.000000
vt 0.170874 0.726099 0.000000
vt 0.170860 0.737551 0.000000
vt 0.170851 0.749003 0.000000
vt 0.170842 0.760457 0.000000
vt 0.170842 0.771910 0.000000
vt 0.170837 0.783364 0.000000
vt 0.170837 0.794818 0.000000
vt 0.170837 0.806272 0.000000
vt 0.170842 0.817725 0.000000
vt 0.170846 0.829179 0.000000
vt 0.170851 0.840633 0.000000
vt 0.170856 0.852086 0.000000
vt 0.170860 0.863539 0.000000
vt 0.170865 0.874993 0.000000
vt 0.170874 0.886446 0.000000
vt 0.170879 0.897899 0.000000
vt 0.170888 0.909352 0.000000
vt 0.170897 0.920805 0.000000
vt 0.170902 0.932258 0.000000
vt 0.170911 0.943711 0.000000
vt 0.170921 0.955165 0.000000
vt 0.170930 0.966618 0.000000
vt 0.170939 0.978072 0.000000
vt 0.159444 0.714644 0.000000
vt 0.159425 0.726096 0.000000
vt 0.159411 0.737548 0.000000
vt 0.159402 0.749000 0.000000
vt 0.159393 0.760453 0.000000
vt 0.159388 0.771907 0.000000
vt 0.159383 0.783360 0.000000
vt 0.159383 0.794814 0.000000
vt 0.159383 0.806268 0.000000
vt 0.159388 0.817722 0.000000
vt 0.159388 0.829176 0.000000
vt 0.159393 0.840630 0.000000
vt 0.159397 0.852084 0.000000
vt 0.159402 0.863537 0.000000
vt 0.159411 0.874991 0.000000
vt 0.159416 0.886445 0.000000
vt 0.159425 0.897899 0.000000
vt 0.159430 0.909352 0.000000
vt 0.159439 0.920806 0.000000
vt 0.159448 0.932260 0.000000
vt 0.159458 0.943714 0.000000
vt 0.159467 0.955167 0.000000
vt 0.159476 0.966621 0.000000
vt 0.159486 0.978075 0.000000
vt 0.147995 0.714640 0.000000
vt 0.147981 0.726092 0.000000
vt 0.147967 0.737544 0.000000
vt 0.147953 0.748996 0.000000
vt 0.147943 0.760450 0.000000
vt 0.147939 0.771903 0.000000
vt 0.147934 0.783356 0.000000
vt 0.147929 0.794810 0.000000
vt 0.147929 0.806264 0.000000
vt 0.147929 0.817718 0.000000
vt 0.147934 0.829172 0.000000
vt 0.147934 0.840626 0.000000
vt 0.147939 0.852080 0.000000
vt 0.147948 0.863534 0.000000
vt 0.147953 0.874989 0.000000
vt 0.147957 0.886443 0.000000
vt 0.147967 0.897897 0.000000
vt 0.147976 0.909352 0.000000
vt 0.147985 0.920806 0.000000
vt 0.147995 0.932261 0.000000
vt 0.148004 0.943715 0.000000
vt 0.148009 0.955169 0.000000
vt 0.148018 0.966623 0.000000
vt 0.148027 0.978078 0.000000
vt 0.136550 0.714635 0.000000
vt 0.136532 0.726087 0.000000
vt 0.136518 0.737539 0.000000
vt 0.136504 0.748992 0.000000
vt 0.136494 0.760445 0.000000
vt 0.136485 0.771898 0.000000
vt 0.136480 0.783352 0.000000
vt 0.136476 0.794806 0.000000
vt 0.136476 0.806259 0.000000
vt 0.136476 0.817713 0.000000
vt 0.136476 0.829167 0.000000
vt 0.136480 0.840621 0.000000
vt 0.136485 0.852076 0.000000
vt 0.136490 0.863530 0.000000
vt 0.136494 0.874985 0.000000
vt 0.136504 0.886440 0.000000
vt 0.136508 0.897895 0.000000
vt 0.136518 0.909350 0.000000
vt 0.136527 0.920805 0.000000
vt 0.136536 0.932260 0.000000
vt 0.136546 0.943715 0.000000
vt 0.136555 0.955170 0.000000
vt 0.136564 0.966625 0.000000
vt 0.136574 0.978079 0.000000
vt 0.125101 0.714628 0.000000
vt 0.125087 0.726081 0.000000
vt 0.125069 0.737533 0.000000
vt 0.125055 0.748986 0.000000
vt 0.125045 0.760440 0.000000
vt 0.125036 0.771893 0.000000
vt 0.125031 0.783347 0.000000
vt 0.125027 0.794800 0.000000
vt 0.125022 0.806254 0.000000
vt 0.125022 0.817708 0.000000
vt 0.125022 0.829162 0.000000
vt 0.125022 0.840616 0.000000
vt 0.125027 0.852070 0.000000
vt 0.125031 0.863525 0.000000
vt 0.125036 0.874980 0.000000
vt 0.125045 0.886435 0.000000
vt 0.125055 0.897891 0.000000
vt 0.125064 0.909347 0.000000
vt 0.125073 0.920802 0.000000
vt 0.125083 0.932258 0.000000
vt 0.125092 0.943714 0.000000
vt 0.125101 0.955169 0.000000
vt 0.125110 0.966625 0.000000
vt 0.125120 0.978080 0.000000
vt 0.113657 0.714621 0.000000
vt 0.113638 0.726074 0.000000
vt 0.113624 0.737527 0.000000
vt 0.113610 0.748980 0.000000
vt 0.113596 0.760434 0.000000
vt 0.113587 0.771887 0.000000
vt 0.113578 0.783341 0.000000
vt 0.113573 0.794795 0.000000
vt 0.113568 0.806248 0.000000
vt 0.113564 0.817702 0.000000
vt 0.113564 0.829156 0.000000
vt 0.113568 0.840610 0.000000
vt 0.113568 0.852064 0.000000
vt 0.113573 0.863519 0.000000
vt 0.113578 0.874974 0.000000
vt 0.113587 0.886430 0.000000
vt 0.113596 0.897886 0.000000
vt 0.113606 0.909342 0.000000
vt 0.113615 0.920798 0.000000
vt 0.113629 0.932255 0.000000
vt 0.113638 0.943712 0.000000
vt 0.113647 0.955168 0.000000
vt 0.113657 0.966624 0.000000
vt 0.113666 0.978079 0.000000
vt 0.102208 0.714613 0.000000
vt 0.102189 0.726066 0.000000
vt 0.102175 0.737520 0.000000
vt 0.102161 0.748973 0.000000
vt 0.102147 0.760427 0.000000
vt 0.102138 0.771881 0.000000
vt 0.102128 0.783335 0.000000
vt 0.102119 0.794788 0.000000
vt 0.102114 0.806242 0.000000
vt 0.102110 0.817696 0.000000
vt 0.102110 0.829150 0.000000
vt 0.102110 0.840603 0.000000
vt 0.102110 0.852058 0.000000
vt 0.102114 0.863512 0.000000
vt 0.102119 0.874967 0.000000
vt 0.102128 0.886423 0.000000
vt 0.102138 0.897879 0.000000
vt 0.102147 0.909336 0.000000
vt 0.102161 0.920793 0.000000
vt 0.102170 0.932251 0.000000
vt 0.102184 0.943708 0.000000
vt 0.102194 0.955166 0.000000
vt 0.102203 0.966622 0.000000
vt 0.102212 0.978078 0.000000
vt 0.090759 0.714603 0.000000
vt 0.090745 0.726057 0.000000
vt 0.090726 0.737512 0.000000
vt 0.090712 0.748966 0.000000
vt 0.090698 0.760420 0.000000
vt 0.090684 0.771874 0.000000
vt 0.090675 0.783328 0.000000
vt 0.090665 0.794782 0.000000
vt 0.090661 0.806235 0.000000
vt 0.090656 0.817689 0.000000
vt 0.090656 0.829143 0.000000
vt 0.090651 0.840596 0.000000
vt 0.090656 0.852050 0.000000
vt 0.090656 0.863505 0.000000
vt 0.090661 0.874960 0.000000
vt 0.090670 0.886415 0.000000
vt 0.090679 0.897871 0.000000
vt 0.090689 0.909328 0.000000
vt 0.090703 0.920786 0.000000
vt 0.090717 0.932245 0.000000
vt 0.090726 0.943703 0.000000
vt 0.090740 0.955162 0.000000
vt 0.090749 0.966619 0.000000
vt 0.090759 0.978075 0.000000
vt 0.079314 0.714593 0.000000
vt 0.079296 0.726048 0.000000
vt 0.079277 0.737503 0.000000
vt 0.079263 0.748958 0.000000
vt 0.079244 0.760412 0.000000
vt 0.079235 0.771866 0.000000
vt 0.079221 0.783320 0.000000
vt 0.079212 0.794774 0.000000
vt 0.079207 0.806228 0.000000
vt 0.079202 0.817681 0.000000
vt 0.079198 0.829135 0.000000
vt 0.079198 0.840589 0.000000
vt 0.079198 0.852043 0.000000
vt 0.079202 0.863497 0.000000
vt 0.079202 0.874952 0.000000
vt 0.079212 0.886407 0.000000
vt 0.079221 0.897862 0.000000
vt 0.079230 0.909319 0.000000
vt 0.079240 0.920777 0.000000
vt 0.079258 0.932237 0.000000
vt 0.079272 0.943697 0.000000
vt 0.079286 0.955157 0.000000
vt 0.079296 0.966615 0.000000
vt 0.079305 0.978072 0.000000
vt 0.067865 0.714583 0.000000
vt 0.067846 0.726038 0.000000
vt 0.067828 0.737494 0.000000
vt 0.067809 0.748949 0.000000
vt 0.067795 0.760403 0.000000
vt 0.067781 0.771857 0.000000
vt 0.067772 0.783311 0.000000
vt 0.067763 0.794765 0.000000
vt 0.067753 0.806219 0.000000
vt 0.067749 0.817673 0.000000
vt 0.067744 0.829127 0.000000
vt 0.067744 0.840581 0.000000
vt 0.067744 0.852035 0.000000
vt 0.067744 0.863489 0.000000
vt 0.067749 0.874943 0.000000
vt 0.067753 0.886398 0.000000
vt 0.067758 0.897853 0.000000
vt 0.067767 0.909310 0.000000
vt 0.067781 0.920767 0.000000
vt 0.067795 0.932227 0.000000
vt 0.067814 0.943688 0.000000
vt 0.067833 0.955149 0.000000
vt 0.067846 0.966611 0.000000
vt 0.067851 0.978069 0.000000
vt 0.056421 0.714571 0.000000
vt 0.056397 0.726028 0.000000
vt 0.056379 0.737484 0.000000
vt 0.056360 0.748939 0.000000
vt 0.056346 0.760393 0.000000
vt 0.056328 0.771847 0.000000
vt 0.056318 0.783301 0.000000
vt 0.056309 0.794755 0.000000
vt 0.056300 0.806210 0.000000
vt 0.056295 0.817664 0.000000
vt 0.056290 0.829118 0.000000
vt 0.056286 0.840573 0.000000
vt 0.056286 0.852027 0.000000
vt 0.056286 0.863481 0.000000
vt 0.056290 0.874936 0.000000
vt 0.056295 0.886390 0.000000
vt 0.056300 0.897845 0.000000
vt 0.056309 0.909300 0.000000
vt 0.056323 0.920757 0.000000
vt 0.056337 0.932215 0.000000
vt 0.056355 0.943676 0.000000
vt 0.056374 0.955139 0.000000
vt 0.056393 0.966604 0.000000
vt 0.056402 0.978065 0.000000
vt 0.044972 0.714559 0.000000
vt 0.044948 0.726017 0.000000
vt 0.044925 0.737473 0.000000
vt 0.044906 0.748927 0.000000
vt 0.044892 0.760381 0.000000
vt 0.044878 0.771835 0.000000
vt 0.044864 0.783289 0.000000
vt 0.044855 0.794744 0.000000
vt 0.044846 0.806199 0.000000
vt 0.044841 0.817654 0.000000
vt 0.044837 0.829109 0.000000
vt 0.044832 0.840564 0.000000
vt 0.044832 0.852019 0.000000
vt 0.044832 0.863474 0.000000
vt 0.044832 0.874928 0.000000
vt 0.044837 0.886383 0.000000
vt 0.044841 0.897837 0.000000
vt 0.044850 0.909292 0.000000
vt 0.044860 0.920747 0.000000
vt 0.044874 0.932203 0.000000
vt 0.044892 0.943662 0.000000
vt 0.044916 0.955125 0.000000
vt 0.044939 0.966593 0.000000
vt 0.044953 0.978060 0.000000
vt 0.033523 0.714550 0.000000
vt 0.033499 0.726007 0.000000
vt 0.033476 0.737461 0.000000
vt 0.033453 0.748914 0.000000
vt 0.033439 0.760367 0.000000
vt 0.033425 0.771821 0.000000
vt 0.033411 0.783275 0.000000
vt 0.033401 0.794730 0.000000
vt 0.033392 0.806185 0.000000
vt 0.033383 0.817641 0.000000
vt 0.033378 0.829097 0.000000
vt 0.033378 0.840553 0.000000
vt 0.033373 0.852010 0.000000
vt 0.033373 0.863466 0.000000
vt 0.033378 0.874922 0.000000
vt 0.033383 0.886377 0.000000
vt 0.033387 0.897832 0.000000
vt 0.033392 0.909287 0.000000
vt 0.033401 0.920741 0.000000
vt 0.033415 0.932195 0.000000
vt 0.033429 0.943651 0.000000
vt 0.033448 0.955109 0.000000
vt 0.033476 0.966574 0.000000
vt 0.033504 0.978049 0.000000
vt 0.022069 0.714543 0.000000
vt 0.022041 0.725996 0.000000
vt 0.022018 0.737446 0.000000
vt 0.021999 0.748897 0.000000
vt 0.021980 0.760349 0.000000
vt 0.021966 0.771803 0.000000
vt 0.021957 0.783258 0.000000
vt 0.021943 0.794713 0.000000
vt 0.021938 0.806170 0.000000
vt 0.021929 0.817627 0.000000
vt 0.021924 0.829084 0.000000
vt 0.021920 0.840542 0.000000
vt 0.021920 0.851999 0.000000
vt 0.021920 0.863457 0.000000
vt 0.021920 0.874915 0.000000
vt 0.021924 0.886372 0.000000
vt 0.021929 0.897829 0.000000
vt 0.021938 0.909285 0.000000
vt 0.021948 0.920740 0.000000
vt 0.021957 0.932195 0.000000
vt 0.021966 0.943648 0.000000
vt 0.021985 0.955100 0.000000
vt 0.022004 0.966554 0.000000
vt 0.022046 0.978019 0.000000
vt 0.563094 0.699270 0.000000
vt 0.563075 0.698850 0.000000
vt 0.552731 0.698930 0.000000
vt 0.552740 0.699352 0.000000
vt 0.345496 0.989576 0.000000
vt 0.345861 0.989660 0.000000
vt 0.347597 0.979407 0.000000
vt 0.347228 0.979333 0.000000
vt 0.344174 0.978858 0.000000
vt 0.344021 0.979771 0.000000
vt 0.342434 0.989170 0.000000
vt 0.542377 0.698974 0.000000
vt 0.542377 0.699396 0.000000
vt 0.349402 0.969141 0.000000
vt 0.349028 0.969132 0.000000
vt 0.346020 0.968796 0.000000
vt 0.532009 0.699006 0.000000
vt 0.532013 0.699428 0.000000
vt 0.349457 0.958712 0.000000
vt 0.349081 0.958707 0.000000
vt 0.345995 0.958675 0.000000
vt 0.345880 0.968829 0.000000
vt 0.521636 0.699033 0.000000
vt 0.521636 0.699455 0.000000
vt 0.349504 0.948324 0.000000
vt 0.349128 0.948320 0.000000
vt 0.346036 0.948310 0.000000
vt 0.345986 0.957458 0.000000
vt 0.511259 0.699056 0.000000
vt 0.511259 0.699477 0.000000
vt 0.349544 0.937942 0.000000
vt 0.349167 0.937942 0.000000
vt 0.346074 0.937932 0.000000
vt 0.346041 0.946008 0.000000
vt 0.500876 0.699074 0.000000
vt 0.500876 0.699496 0.000000
vt 0.349573 0.927559 0.000000
vt 0.349196 0.927559 0.000000
vt 0.346104 0.927554 0.000000
vt 0.346083 0.934554 0.000000
vt 0.490495 0.699089 0.000000
vt 0.490495 0.699511 0.000000
vt 0.349600 0.917176 0.000000
vt 0.349223 0.917176 0.000000
vt 0.346130 0.917176 0.000000
vt 0.346116 0.923094 0.000000
vt 0.480108 0.699100 0.000000
vt 0.480108 0.699522 0.000000
vt 0.349607 0.906793 0.000000
vt 0.349230 0.906793 0.000000
vt 0.346137 0.906793 0.000000
vt 0.346135 0.911640 0.000000
vt 0.469721 0.699107 0.000000
vt 0.469721 0.699529 0.000000
vt 0.349621 0.896411 0.000000
vt 0.349244 0.896411 0.000000
vt 0.346151 0.896415 0.000000
vt 0.346151 0.900181 0.000000
vt 0.459335 0.699111 0.000000
vt 0.459335 0.699533 0.000000
vt 0.349590 0.886028 0.000000
vt 0.349213 0.886028 0.000000
vt 0.346119 0.886042 0.000000
vt 0.346133 0.888731 0.000000
vt 0.448948 0.699112 0.000000
vt 0.448943 0.699534 0.000000
vt 0.349543 0.875640 0.000000
vt 0.349166 0.875640 0.000000
vt 0.346067 0.875659 0.000000
vt 0.346089 0.877276 0.000000
vt 0.438557 0.699110 0.000000
vt 0.438552 0.699532 0.000000
vt 0.349456 0.865248 0.000000
vt 0.349081 0.865248 0.000000
vt 0.345895 0.865313 0.000000
vt 0.346086 0.865807 0.000000
vt 0.428165 0.699105 0.000000
vt 0.428165 0.699527 0.000000
vt 0.349287 0.854875 0.000000
vt 0.348912 0.854884 0.000000
vt 0.345894 0.854940 0.000000
vt 0.417779 0.699098 0.000000
vt 0.417774 0.699520 0.000000
vt 0.348994 0.844506 0.000000
vt 0.348618 0.844515 0.000000
vt 0.345531 0.844599 0.000000
vt 0.345726 0.854437 0.000000
vt 0.407387 0.699089 0.000000
vt 0.407383 0.699511 0.000000
vt 0.348721 0.834132 0.000000
vt 0.348345 0.834142 0.000000
vt 0.345254 0.834221 0.000000
vt 0.345478 0.842987 0.000000
vt 0.396996 0.699078 0.000000
vt 0.396996 0.699499 0.000000
vt 0.348444 0.823754 0.000000
vt 0.348067 0.823764 0.000000
vt 0.344975 0.823848 0.000000
vt 0.345179 0.831532 0.000000
vt 0.386609 0.699064 0.000000
vt 0.386605 0.699486 0.000000
vt 0.348167 0.813376 0.000000
vt 0.347790 0.813386 0.000000
vt 0.344698 0.813469 0.000000
vt 0.344874 0.820078 0.000000
vt 0.376223 0.699049 0.000000
vt 0.376218 0.699471 0.000000
vt 0.347888 0.802993 0.000000
vt 0.347512 0.803003 0.000000
vt 0.344420 0.803091 0.000000
vt 0.344569 0.808623 0.000000
vt 0.365831 0.699033 0.000000
vt 0.365831 0.699455 0.000000
vt 0.347609 0.792615 0.000000
vt 0.347232 0.792625 0.000000
vt 0.344140 0.792713 0.000000
vt 0.344261 0.797168 0.000000
vt 0.355449 0.699015 0.000000
vt 0.355445 0.699437 0.000000
vt 0.347326 0.782237 0.000000
vt 0.346949 0.782247 0.000000
vt 0.343858 0.782335 0.000000
vt 0.343951 0.785714 0.000000
vt 0.345063 0.698996 0.000000
vt 0.345063 0.699417 0.000000
vt 0.347027 0.771859 0.000000
vt 0.346651 0.771869 0.000000
vt 0.343559 0.771957 0.000000
vt 0.343627 0.774259 0.000000
vt 0.334680 0.698975 0.000000
vt 0.334680 0.699397 0.000000
vt 0.346728 0.761481 0.000000
vt 0.346351 0.761490 0.000000
vt 0.343257 0.761579 0.000000
vt 0.343300 0.762805 0.000000
vt 0.324303 0.698953 0.000000
vt 0.324303 0.699375 0.000000
vt 0.346446 0.751103 0.000000
vt 0.346069 0.751112 0.000000
vt 0.342978 0.751196 0.000000
vt 0.342983 0.751345 0.000000
vt 0.313926 0.698925 0.000000
vt 0.313926 0.699347 0.000000
vt 0.346169 0.740725 0.000000
vt 0.345792 0.740739 0.000000
vt 0.342709 0.740795 0.000000
vt 0.303558 0.698849 0.000000
vt 0.303535 0.699270 0.000000
vt 0.345959 0.730356 0.000000
vt 0.345583 0.730384 0.000000
vt 0.342500 0.730286 0.000000
vt 0.342673 0.739867 0.000000
vt 0.303255 0.699147 0.000000
vt 0.345986 0.730049 0.000000
vt 0.345617 0.729955 0.000000
vt 0.342518 0.729857 0.000000
vt 0.303134 0.698866 0.000000
vt 0.362189 0.729737 0.000000
vt 0.361826 0.729844 0.000000
vt 0.361857 0.730147 0.000000
vt 0.362232 0.730165 0.000000
vt 0.365316 0.730016 0.000000
vt 0.365297 0.729583 0.000000
vt 0.303544 0.688489 0.000000
vt 0.303120 0.688495 0.000000
vt 0.361855 0.740524 0.000000
vt 0.362231 0.740524 0.000000
vt 0.365316 0.740519 0.000000
vt 0.365329 0.739587 0.000000
vt 0.303548 0.678126 0.000000
vt 0.303129 0.678128 0.000000
vt 0.361819 0.750892 0.000000
vt 0.362195 0.750897 0.000000
vt 0.365285 0.750906 0.000000
vt 0.303558 0.667760 0.000000
vt 0.303138 0.667761 0.000000
vt 0.361784 0.761269 0.000000
vt 0.362160 0.761274 0.000000
vt 0.365251 0.761283 0.000000
vt 0.365284 0.751055 0.000000
vt 0.303572 0.657392 0.000000
vt 0.303148 0.657392 0.000000
vt 0.361753 0.771651 0.000000
vt 0.362129 0.771651 0.000000
vt 0.365221 0.771661 0.000000
vt 0.365247 0.762509 0.000000
vt 0.303576 0.647022 0.000000
vt 0.303157 0.647022 0.000000
vt 0.361726 0.782029 0.000000
vt 0.362103 0.782029 0.000000
vt 0.365194 0.782038 0.000000
vt 0.365214 0.773963 0.000000
vt 0.303586 0.636651 0.000000
vt 0.303162 0.636651 0.000000
vt 0.361701 0.792406 0.000000
vt 0.362078 0.792411 0.000000
vt 0.365169 0.792415 0.000000
vt 0.365185 0.785416 0.000000
vt 0.303590 0.626280 0.000000
vt 0.303166 0.626280 0.000000
vt 0.361679 0.802788 0.000000
vt 0.362056 0.802788 0.000000
vt 0.365147 0.802793 0.000000
vt 0.365159 0.796870 0.000000
vt 0.303595 0.615908 0.000000
vt 0.303176 0.615907 0.000000
vt 0.361660 0.813165 0.000000
vt 0.362037 0.813165 0.000000
vt 0.365128 0.813170 0.000000
vt 0.365137 0.808329 0.000000
vt 0.303600 0.605535 0.000000
vt 0.303180 0.605535 0.000000
vt 0.361643 0.823543 0.000000
vt 0.362020 0.823548 0.000000
vt 0.365111 0.823552 0.000000
vt 0.365117 0.819782 0.000000
vt 0.303604 0.595162 0.000000
vt 0.303185 0.595162 0.000000
vt 0.361628 0.833925 0.000000
vt 0.362004 0.833925 0.000000
vt 0.365095 0.833929 0.000000
vt 0.365100 0.831236 0.000000
vt 0.303609 0.584788 0.000000
vt 0.303185 0.584788 0.000000
vt 0.361612 0.844302 0.000000
vt 0.361988 0.844302 0.000000
vt 0.365079 0.844307 0.000000
vt 0.365083 0.842695 0.000000
vt 0.303609 0.574414 0.000000
vt 0.303190 0.574414 0.000000
vt 0.361592 0.854680 0.000000
vt 0.361969 0.854680 0.000000
vt 0.365051 0.854684 0.000000
vt 0.365071 0.854148 0.000000
vt 0.303614 0.564040 0.000000
vt 0.303194 0.564039 0.000000
vt 0.361566 0.865057 0.000000
vt 0.361943 0.865057 0.000000
vt 0.365034 0.865066 0.000000
vt 0.303618 0.553666 0.000000
vt 0.303194 0.553665 0.000000
vt 0.361542 0.875434 0.000000
vt 0.361919 0.875439 0.000000
vt 0.365010 0.875448 0.000000
vt 0.365033 0.865607 0.000000
vt 0.303623 0.543291 0.000000
vt 0.303199 0.543290 0.000000
vt 0.361515 0.885816 0.000000
vt 0.361892 0.885816 0.000000
vt 0.364983 0.885826 0.000000
vt 0.365005 0.877061 0.000000
vt 0.303628 0.532916 0.000000
vt 0.303204 0.532916 0.000000
vt 0.361486 0.896194 0.000000
vt 0.361863 0.896194 0.000000
vt 0.364954 0.896203 0.000000
vt 0.364975 0.888519 0.000000
vt 0.303632 0.522541 0.000000
vt 0.303213 0.522541 0.000000
vt 0.361451 0.906571 0.000000
vt 0.361828 0.906571 0.000000
vt 0.364919 0.906585 0.000000
vt 0.364941 0.899973 0.000000
vt 0.303642 0.512166 0.000000
vt 0.303218 0.512165 0.000000
vt 0.361421 0.916948 0.000000
vt 0.361798 0.916953 0.000000
vt 0.364889 0.916962 0.000000
vt 0.364904 0.911427 0.000000
vt 0.303646 0.501791 0.000000
vt 0.303227 0.501790 0.000000
vt 0.361392 0.927330 0.000000
vt 0.361769 0.927330 0.000000
vt 0.364860 0.927340 0.000000
vt 0.364872 0.922880 0.000000
vt 0.303656 0.491416 0.000000
vt 0.303232 0.491415 0.000000
vt 0.361367 0.937708 0.000000
vt 0.361744 0.937708 0.000000
vt 0.364835 0.937717 0.000000
vt 0.364843 0.934339 0.000000
vt 0.303665 0.481041 0.000000
vt 0.303241 0.481041 0.000000
vt 0.361348 0.948085 0.000000
vt 0.361724 0.948085 0.000000
vt 0.364815 0.948094 0.000000
vt 0.364821 0.945792 0.000000
vt 0.303674 0.470668 0.000000
vt 0.303255 0.470667 0.000000
vt 0.361334 0.958463 0.000000
vt 0.361710 0.958463 0.000000
vt 0.364800 0.958467 0.000000
vt 0.364805 0.957242 0.000000
vt 0.303688 0.460297 0.000000
vt 0.303264 0.460297 0.000000
vt 0.361323 0.968845 0.000000
vt 0.361700 0.968826 0.000000
vt 0.364718 0.968691 0.000000
vt 0.364861 0.968681 0.000000
vt 0.303707 0.449931 0.000000
vt 0.303288 0.449930 0.000000
vt 0.361788 0.979213 0.000000
vt 0.362165 0.979194 0.000000
vt 0.365246 0.979077 0.000000
vt 0.303791 0.439574 0.000000
vt 0.303372 0.439554 0.000000
vt 0.362208 0.989576 0.000000
vt 0.362583 0.989539 0.000000
vt 0.365666 0.989571 0.000000
vt 0.365297 0.980005 0.000000
vt 0.303493 0.439274 0.000000
vt 0.362187 0.989879 0.000000
vt 0.362558 0.989967 0.000000
vt 0.365656 0.990000 0.000000
vt 0.303772 0.439154 0.000000
vt 0.375507 0.729657 0.000000
vt 0.375145 0.729764 0.000000
vt 0.375179 0.730067 0.000000
vt 0.375554 0.730081 0.000000
vt 0.378636 0.729909 0.000000
vt 0.378614 0.729476 0.000000
vt 0.314140 0.439552 0.000000
vt 0.314136 0.439129 0.000000
vt 0.375256 0.740440 0.000000
vt 0.375632 0.740440 0.000000
vt 0.378717 0.740412 0.000000
vt 0.378724 0.739480 0.000000
vt 0.324499 0.439560 0.000000
vt 0.324499 0.439138 0.000000
vt 0.375295 0.750813 0.000000
vt 0.375671 0.750808 0.000000
vt 0.378761 0.750799 0.000000
vt 0.334867 0.439573 0.000000
vt 0.334867 0.439151 0.000000
vt 0.375328 0.761185 0.000000
vt 0.375705 0.761185 0.000000
vt 0.378796 0.761176 0.000000
vt 0.378762 0.750943 0.000000
vt 0.345235 0.439587 0.000000
vt 0.345235 0.439165 0.000000
vt 0.375363 0.771563 0.000000
vt 0.375740 0.771563 0.000000
vt 0.378831 0.771554 0.000000
vt 0.378800 0.762402 0.000000
vt 0.355603 0.439600 0.000000
vt 0.355603 0.439178 0.000000
vt 0.375396 0.781940 0.000000
vt 0.375773 0.781940 0.000000
vt 0.378863 0.781931 0.000000
vt 0.378838 0.773855 0.000000
vt 0.365971 0.439611 0.000000
vt 0.365971 0.439189 0.000000
vt 0.375426 0.792318 0.000000
vt 0.375803 0.792318 0.000000
vt 0.378894 0.792308 0.000000
vt 0.378873 0.785309 0.000000
vt 0.376344 0.439622 0.000000
vt 0.376344 0.439200 0.000000
vt 0.375451 0.802695 0.000000
vt 0.375827 0.802695 0.000000
vt 0.378918 0.802690 0.000000
vt 0.378904 0.796768 0.000000
vt 0.386712 0.439631 0.000000
vt 0.386712 0.439209 0.000000
vt 0.375475 0.813072 0.000000
vt 0.375852 0.813072 0.000000
vt 0.378942 0.813068 0.000000
vt 0.378932 0.808221 0.000000
vt 0.397080 0.439636 0.000000
vt 0.397080 0.439214 0.000000
vt 0.375496 0.823450 0.000000
vt 0.375873 0.823450 0.000000
vt 0.378964 0.823445 0.000000
vt 0.378957 0.819675 0.000000
vt 0.407448 0.439642 0.000000
vt 0.407448 0.439220 0.000000
vt 0.375515 0.833827 0.000000
vt 0.375892 0.833827 0.000000
vt 0.378982 0.833822 0.000000
vt 0.378979 0.831129 0.000000
vt 0.417816 0.439645 0.000000
vt 0.417816 0.439223 0.000000
vt 0.375531 0.844204 0.000000
vt 0.375908 0.844200 0.000000
vt 0.378997 0.844200 0.000000
vt 0.378998 0.842583 0.000000
vt 0.428184 0.439647 0.000000
vt 0.428179 0.439225 0.000000
vt 0.375535 0.854572 0.000000
vt 0.375912 0.854572 0.000000
vt 0.378971 0.854572 0.000000
vt 0.379037 0.854041 0.000000
vt 0.438547 0.439647 0.000000
vt 0.438547 0.439226 0.000000
vt 0.375530 0.864950 0.000000
vt 0.375908 0.864950 0.000000
vt 0.378999 0.864954 0.000000
vt 0.448915 0.439646 0.000000
vt 0.448915 0.439224 0.000000
vt 0.375533 0.875327 0.000000
vt 0.375910 0.875327 0.000000
vt 0.379000 0.875337 0.000000
vt 0.378998 0.865495 0.000000
vt 0.459283 0.439643 0.000000
vt 0.459279 0.439221 0.000000
vt 0.375526 0.885709 0.000000
vt 0.375903 0.885709 0.000000
vt 0.378993 0.885714 0.000000
vt 0.378998 0.876949 0.000000
vt 0.469647 0.439638 0.000000
vt 0.469647 0.439216 0.000000
vt 0.375509 0.896082 0.000000
vt 0.375886 0.896087 0.000000
vt 0.378977 0.896096 0.000000
vt 0.378988 0.888407 0.000000
vt 0.480015 0.439631 0.000000
vt 0.480010 0.439209 0.000000
vt 0.375482 0.906459 0.000000
vt 0.375859 0.906459 0.000000
vt 0.378950 0.906473 0.000000
vt 0.378967 0.899861 0.000000
vt 0.490378 0.439623 0.000000
vt 0.490378 0.439201 0.000000
vt 0.375445 0.916837 0.000000
vt 0.375822 0.916837 0.000000
vt 0.378913 0.916851 0.000000
vt 0.378934 0.911319 0.000000
vt 0.500746 0.439613 0.000000
vt 0.500741 0.439191 0.000000
vt 0.375400 0.927214 0.000000
vt 0.375777 0.927214 0.000000
vt 0.378868 0.927233 0.000000
vt 0.378888 0.922773 0.000000
vt 0.511109 0.439601 0.000000
vt 0.511109 0.439180 0.000000
vt 0.375348 0.937591 0.000000
vt 0.375724 0.937591 0.000000
vt 0.378815 0.937610 0.000000
vt 0.378834 0.934227 0.000000
vt 0.521477 0.439587 0.000000
vt 0.521473 0.439166 0.000000
vt 0.375291 0.947964 0.000000
vt 0.375668 0.947969 0.000000
vt 0.378758 0.947983 0.000000
vt 0.378773 0.945681 0.000000
vt 0.531841 0.439571 0.000000
vt 0.531841 0.439150 0.000000
vt 0.375234 0.958341 0.000000
vt 0.375611 0.958341 0.000000
vt 0.378699 0.958365 0.000000
vt 0.378712 0.957134 0.000000
vt 0.542204 0.439555 0.000000
vt 0.542204 0.439133 0.000000
vt 0.375187 0.968695 0.000000
vt 0.375565 0.968691 0.000000
vt 0.378584 0.968639 0.000000
vt 0.378724 0.968602 0.000000
vt 0.552567 0.439541 0.000000
vt 0.552567 0.439119 0.000000
vt 0.375209 0.979059 0.000000
vt 0.375587 0.979054 0.000000
vt 0.378670 0.979068 0.000000
vt 0.562935 0.439574 0.000000
vt 0.562949 0.439153 0.000000
vt 0.375171 0.989422 0.000000
vt 0.375548 0.989404 0.000000
vt 0.378627 0.989571 0.000000
vt 0.378681 0.979995 0.000000
vt 0.563234 0.439274 0.000000
vt 0.375137 0.989730 0.000000
vt 0.375504 0.989832 0.000000
vt 0.378595 0.990000 0.000000
vt 0.563355 0.439555 0.000000
vt 0.391279 0.729731 0.000000
vt 0.390918 0.729838 0.000000
vt 0.390954 0.730141 0.000000
vt 0.391329 0.730155 0.000000
vt 0.394409 0.729959 0.000000
vt 0.394382 0.729526 0.000000
vt 0.562977 0.449937 0.000000
vt 0.563397 0.449930 0.000000
vt 0.391134 0.740514 0.000000
vt 0.391510 0.740510 0.000000
vt 0.394595 0.740449 0.000000
vt 0.394587 0.739522 0.000000
vt 0.562991 0.460304 0.000000
vt 0.563411 0.460299 0.000000
vt 0.391263 0.750879 0.000000
vt 0.391638 0.750874 0.000000
vt 0.394726 0.750832 0.000000
vt 0.562996 0.470674 0.000000
vt 0.563420 0.470670 0.000000
vt 0.391365 0.761243 0.000000
vt 0.391741 0.761243 0.000000
vt 0.394830 0.761210 0.000000
vt 0.394729 0.750981 0.000000
vt 0.563001 0.481045 0.000000
vt 0.563425 0.481043 0.000000
vt 0.391444 0.771612 0.000000
vt 0.391820 0.771612 0.000000
vt 0.394910 0.771588 0.000000
vt 0.394842 0.762435 0.000000
vt 0.563005 0.491418 0.000000
vt 0.563425 0.491416 0.000000
vt 0.391502 0.781985 0.000000
vt 0.391879 0.781980 0.000000
vt 0.394968 0.781962 0.000000
vt 0.394926 0.773889 0.000000
vt 0.563005 0.501791 0.000000
vt 0.563429 0.501789 0.000000
vt 0.391552 0.792354 0.000000
vt 0.391928 0.792354 0.000000
vt 0.395018 0.792340 0.000000
vt 0.394986 0.785344 0.000000
vt 0.563010 0.512166 0.000000
vt 0.563434 0.512164 0.000000
vt 0.391586 0.802727 0.000000
vt 0.391963 0.802723 0.000000
vt 0.395052 0.802714 0.000000
vt 0.395035 0.796793 0.000000
vt 0.563015 0.522540 0.000000
vt 0.563434 0.522538 0.000000
vt 0.391611 0.813096 0.000000
vt 0.391987 0.813096 0.000000
vt 0.395077 0.813092 0.000000
vt 0.395066 0.808247 0.000000
vt 0.563015 0.532915 0.000000
vt 0.563439 0.532913 0.000000
vt 0.391616 0.823470 0.000000
vt 0.391992 0.823470 0.000000
vt 0.395082 0.823470 0.000000
vt 0.395082 0.819701 0.000000
vt 0.563019 0.543291 0.000000
vt 0.563443 0.543289 0.000000
vt 0.391613 0.833839 0.000000
vt 0.391990 0.833839 0.000000
vt 0.395080 0.833843 0.000000
vt 0.395080 0.831151 0.000000
vt 0.563024 0.553667 0.000000
vt 0.563448 0.553665 0.000000
vt 0.391606 0.844212 0.000000
vt 0.391983 0.844212 0.000000
vt 0.395073 0.844217 0.000000
vt 0.395073 0.842600 0.000000
vt 0.563029 0.564042 0.000000
vt 0.563453 0.564041 0.000000
vt 0.391598 0.854586 0.000000
vt 0.391974 0.854586 0.000000
vt 0.395077 0.854590 0.000000
vt 0.395051 0.854055 0.000000
vt 0.563033 0.574418 0.000000
vt 0.563457 0.574417 0.000000
vt 0.391562 0.864954 0.000000
vt 0.391938 0.864954 0.000000
vt 0.395027 0.864968 0.000000
vt 0.563043 0.584794 0.000000
vt 0.563462 0.584792 0.000000
vt 0.391515 0.875323 0.000000
vt 0.391892 0.875328 0.000000
vt 0.394982 0.875337 0.000000
vt 0.395026 0.865504 0.000000
vt 0.563047 0.595170 0.000000
vt 0.563471 0.595168 0.000000
vt 0.391469 0.885697 0.000000
vt 0.391845 0.885697 0.000000
vt 0.394935 0.885711 0.000000
vt 0.394975 0.876954 0.000000
vt 0.563057 0.605546 0.000000
vt 0.563476 0.605544 0.000000
vt 0.391423 0.896070 0.000000
vt 0.391800 0.896070 0.000000
vt 0.394889 0.896084 0.000000
vt 0.394923 0.888403 0.000000
vt 0.563066 0.615921 0.000000
vt 0.563485 0.615920 0.000000
vt 0.391382 0.906439 0.000000
vt 0.391759 0.906444 0.000000
vt 0.394848 0.906453 0.000000
vt 0.394875 0.899848 0.000000
vt 0.563075 0.626296 0.000000
vt 0.563495 0.626294 0.000000
vt 0.391341 0.916813 0.000000
vt 0.391718 0.916813 0.000000
vt 0.394807 0.916827 0.000000
vt 0.394829 0.911297 0.000000
vt 0.563085 0.636670 0.000000
vt 0.563504 0.636669 0.000000
vt 0.391300 0.927186 0.000000
vt 0.391677 0.927186 0.000000
vt 0.394766 0.927200 0.000000
vt 0.394783 0.922747 0.000000
vt 0.563094 0.647043 0.000000
vt 0.563518 0.647041 0.000000
vt 0.391261 0.937560 0.000000
vt 0.391637 0.937560 0.000000
vt 0.394727 0.937569 0.000000
vt 0.394739 0.934192 0.000000
vt 0.563103 0.657414 0.000000
vt 0.563527 0.657412 0.000000
vt 0.391223 0.947928 0.000000
vt 0.391599 0.947933 0.000000
vt 0.394689 0.947942 0.000000
vt 0.394696 0.945641 0.000000
vt 0.563117 0.667782 0.000000
vt 0.563537 0.667780 0.000000
vt 0.391185 0.958302 0.000000
vt 0.391561 0.958302 0.000000
vt 0.394651 0.958316 0.000000
vt 0.394655 0.957091 0.000000
vt 0.563127 0.678146 0.000000
vt 0.563551 0.678144 0.000000
vt 0.391156 0.968666 0.000000
vt 0.391532 0.968671 0.000000
vt 0.394670 0.968671 0.000000
vt 0.394571 0.968559 0.000000
vt 0.563131 0.688503 0.000000
vt 0.563555 0.688502 0.000000
vt 0.391104 0.979026 0.000000
vt 0.391480 0.979026 0.000000
vt 0.394562 0.979072 0.000000
vt 0.563495 0.698866 0.000000
vt 0.390964 0.989385 0.000000
vt 0.391340 0.989371 0.000000
vt 0.394415 0.989567 0.000000
vt 0.394562 0.979999 0.000000
vt 0.563374 0.699147 0.000000
vt 0.390926 0.989693 0.000000
vt 0.391292 0.989795 0.000000
vt 0.394382 0.990000 0.000000
vt 0.345461 0.990000 0.000000
vt 0.345837 0.989963 0.000000
vt 0.342370 0.989599 0.000000
vt 0.552745 0.688551 0.000000
vt 0.552745 0.678183 0.000000
vt 0.552740 0.667816 0.000000
vt 0.552731 0.657448 0.000000
vt 0.552721 0.647077 0.000000
vt 0.552717 0.636706 0.000000
vt 0.552707 0.626332 0.000000
vt 0.552698 0.615958 0.000000
vt 0.552689 0.605583 0.000000
vt 0.552684 0.595207 0.000000
vt 0.552675 0.584831 0.000000
vt 0.552670 0.574454 0.000000
vt 0.552665 0.564078 0.000000
vt 0.552661 0.553702 0.000000
vt 0.552656 0.543326 0.000000
vt 0.552651 0.532950 0.000000
vt 0.552647 0.522575 0.000000
vt 0.552642 0.512200 0.000000
vt 0.552637 0.501826 0.000000
vt 0.552637 0.491453 0.000000
vt 0.552633 0.481080 0.000000
vt 0.552623 0.470707 0.000000
vt 0.552609 0.460332 0.000000
vt 0.552577 0.449947 0.000000
vt 0.542372 0.688595 0.000000
vt 0.542367 0.678222 0.000000
vt 0.542363 0.667851 0.000000
vt 0.542358 0.657481 0.000000
vt 0.542353 0.647110 0.000000
vt 0.542344 0.636738 0.000000
vt 0.542335 0.626364 0.000000
vt 0.542330 0.615990 0.000000
vt 0.542321 0.605615 0.000000
vt 0.542316 0.595239 0.000000
vt 0.542307 0.584863 0.000000
vt 0.542302 0.574486 0.000000
vt 0.542297 0.564110 0.000000
vt 0.542293 0.553733 0.000000
vt 0.542288 0.543356 0.000000
vt 0.542283 0.532980 0.000000
vt 0.542279 0.522604 0.000000
vt 0.542274 0.512228 0.000000
vt 0.542269 0.501853 0.000000
vt 0.542265 0.491477 0.000000
vt 0.542255 0.481101 0.000000
vt 0.542241 0.470721 0.000000
vt 0.542223 0.460336 0.000000
vt 0.542199 0.449941 0.000000
vt 0.531999 0.688630 0.000000
vt 0.531995 0.678256 0.000000
vt 0.531990 0.667884 0.000000
vt 0.531985 0.657512 0.000000
vt 0.531976 0.647140 0.000000
vt 0.531971 0.636767 0.000000
vt 0.531967 0.626393 0.000000
vt 0.531957 0.616019 0.000000
vt 0.531953 0.605643 0.000000
vt 0.531943 0.595267 0.000000
vt 0.531939 0.584890 0.000000
vt 0.531934 0.574514 0.000000
vt 0.531929 0.564137 0.000000
vt 0.531920 0.553759 0.000000
vt 0.531915 0.543382 0.000000
vt 0.531911 0.533005 0.000000
vt 0.531906 0.522628 0.000000
vt 0.531901 0.512251 0.000000
vt 0.531897 0.501873 0.000000
vt 0.531887 0.491494 0.000000
vt 0.531878 0.481113 0.000000
vt 0.531864 0.470728 0.000000
vt 0.531845 0.460339 0.000000
vt 0.531836 0.449952 0.000000
vt 0.521627 0.688659 0.000000
vt 0.521617 0.678285 0.000000
vt 0.521613 0.667912 0.000000
vt 0.521608 0.657539 0.000000
vt 0.521603 0.647166 0.000000
vt 0.521599 0.636793 0.000000
vt 0.521594 0.626418 0.000000
vt 0.521589 0.616043 0.000000
vt 0.521580 0.605668 0.000000
vt 0.521575 0.595291 0.000000
vt 0.521571 0.584914 0.000000
vt 0.521561 0.574537 0.000000
vt 0.521557 0.564159 0.000000
vt 0.521552 0.553781 0.000000
vt 0.521547 0.543403 0.000000
vt 0.521543 0.533025 0.000000
vt 0.521538 0.522646 0.000000
vt 0.521529 0.512267 0.000000
vt 0.521524 0.501887 0.000000
vt 0.521515 0.491505 0.000000
vt 0.521501 0.481121 0.000000
vt 0.521487 0.470735 0.000000
vt 0.521473 0.460349 0.000000
vt 0.521468 0.449965 0.000000
vt 0.511249 0.688683 0.000000
vt 0.511240 0.678310 0.000000
vt 0.511235 0.667936 0.000000
vt 0.511235 0.657563 0.000000
vt 0.511231 0.647189 0.000000
vt 0.511226 0.636815 0.000000
vt 0.511221 0.626440 0.000000
vt 0.511217 0.616064 0.000000
vt 0.511207 0.605688 0.000000
vt 0.511203 0.595311 0.000000
vt 0.511198 0.584934 0.000000
vt 0.511193 0.574556 0.000000
vt 0.511189 0.564178 0.000000
vt 0.511179 0.553799 0.000000
vt 0.511175 0.543420 0.000000
vt 0.511170 0.533040 0.000000
vt 0.511165 0.522660 0.000000
vt 0.511156 0.512280 0.000000
vt 0.511147 0.501897 0.000000
vt 0.511137 0.491514 0.000000
vt 0.511128 0.481130 0.000000
vt 0.511114 0.470745 0.000000
vt 0.511105 0.460361 0.000000
vt 0.511105 0.449979 0.000000
vt 0.500872 0.688702 0.000000
vt 0.500863 0.678330 0.000000
vt 0.500863 0.667956 0.000000
vt 0.500858 0.657582 0.000000
vt 0.500853 0.647208 0.000000
vt 0.500849 0.636833 0.000000
vt 0.500844 0.626458 0.000000
vt 0.500839 0.616082 0.000000
vt 0.500835 0.605705 0.000000
vt 0.500830 0.595327 0.000000
vt 0.500825 0.584950 0.000000
vt 0.500821 0.574571 0.000000
vt 0.500816 0.564192 0.000000
vt 0.500811 0.553813 0.000000
vt 0.500802 0.543433 0.000000
vt 0.500797 0.533052 0.000000
vt 0.500788 0.522671 0.000000
vt 0.500783 0.512289 0.000000
vt 0.500774 0.501906 0.000000
vt 0.500765 0.491522 0.000000
vt 0.500755 0.481138 0.000000
vt 0.500746 0.470754 0.000000
vt 0.500741 0.460372 0.000000
vt 0.500741 0.449991 0.000000
vt 0.490490 0.688718 0.000000
vt 0.490485 0.678345 0.000000
vt 0.490481 0.667972 0.000000
vt 0.490481 0.657598 0.000000
vt 0.490476 0.647223 0.000000
vt 0.490476 0.636848 0.000000
vt 0.490471 0.626472 0.000000
vt 0.490467 0.616095 0.000000
vt 0.490462 0.605718 0.000000
vt 0.490457 0.595340 0.000000
vt 0.490453 0.584962 0.000000
vt 0.490448 0.574583 0.000000
vt 0.490443 0.564203 0.000000
vt 0.490434 0.553823 0.000000
vt 0.490429 0.543442 0.000000
vt 0.490425 0.533061 0.000000
vt 0.490415 0.522679 0.000000
vt 0.490411 0.512296 0.000000
vt 0.490401 0.501913 0.000000
vt 0.490392 0.491530 0.000000
vt 0.490383 0.481146 0.000000
vt 0.490378 0.470764 0.000000
vt 0.490373 0.460382 0.000000
vt 0.490373 0.450002 0.000000
vt 0.480108 0.688729 0.000000
vt 0.480103 0.678357 0.000000
vt 0.480103 0.667984 0.000000
vt 0.480103 0.657609 0.000000
vt 0.480098 0.647235 0.000000
vt 0.480098 0.636859 0.000000
vt 0.480094 0.626483 0.000000
vt 0.480089 0.616106 0.000000
vt 0.480089 0.605728 0.000000
vt 0.480085 0.595350 0.000000
vt 0.480080 0.584971 0.000000
vt 0.480075 0.574591 0.000000
vt 0.480066 0.564211 0.000000
vt 0.480061 0.553830 0.000000
vt 0.480057 0.543449 0.000000
vt 0.480047 0.533067 0.000000
vt 0.480043 0.522685 0.000000
vt 0.480033 0.512302 0.000000
vt 0.480029 0.501919 0.000000
vt 0.480019 0.491536 0.000000
vt 0.480015 0.481153 0.000000
vt 0.480010 0.470771 0.000000
vt 0.480010 0.460390 0.000000
vt 0.480010 0.450010 0.000000
vt 0.469721 0.688737 0.000000
vt 0.469721 0.678365 0.000000
vt 0.469721 0.667991 0.000000
vt 0.469721 0.657617 0.000000
vt 0.469721 0.647242 0.000000
vt 0.469721 0.636866 0.000000
vt 0.469716 0.626490 0.000000
vt 0.469716 0.616112 0.000000
vt 0.469712 0.605734 0.000000
vt 0.469707 0.595356 0.000000
vt 0.469703 0.584976 0.000000
vt 0.469698 0.574596 0.000000
vt 0.469693 0.564216 0.000000
vt 0.469689 0.553835 0.000000
vt 0.469679 0.543453 0.000000
vt 0.469675 0.533071 0.000000
vt 0.469670 0.522689 0.000000
vt 0.469661 0.512306 0.000000
vt 0.469656 0.501924 0.000000
vt 0.469651 0.491541 0.000000
vt 0.469647 0.481159 0.000000
vt 0.469642 0.470778 0.000000
vt 0.469642 0.460397 0.000000
vt 0.469642 0.450017 0.000000
vt 0.459339 0.688741 0.000000
vt 0.459339 0.678369 0.000000
vt 0.459339 0.667996 0.000000
vt 0.459344 0.657622 0.000000
vt 0.459344 0.647246 0.000000
vt 0.459344 0.636870 0.000000
vt 0.459339 0.626493 0.000000
vt 0.459339 0.616116 0.000000
vt 0.459335 0.605737 0.000000
vt 0.459330 0.595358 0.000000
vt 0.459325 0.584979 0.000000
vt 0.459321 0.574598 0.000000
vt 0.459316 0.564218 0.000000
vt 0.459311 0.553837 0.000000
vt 0.459307 0.543455 0.000000
vt 0.459302 0.533073 0.000000
vt 0.459293 0.522691 0.000000
vt 0.459288 0.512309 0.000000
vt 0.459283 0.501927 0.000000
vt 0.459279 0.491545 0.000000
vt 0.459274 0.481163 0.000000
vt 0.459274 0.470782 0.000000
vt 0.459274 0.460402 0.000000
vt 0.459279 0.450022 0.000000
vt 0.448953 0.688742 0.000000
vt 0.448957 0.678370 0.000000
vt 0.448957 0.667997 0.000000
vt 0.448962 0.657623 0.000000
vt 0.448962 0.647248 0.000000
vt 0.448962 0.636871 0.000000
vt 0.448962 0.626494 0.000000
vt 0.448962 0.616116 0.000000
vt 0.448957 0.605738 0.000000
vt 0.448953 0.595358 0.000000
vt 0.448948 0.584978 0.000000
vt 0.448943 0.574598 0.000000
vt 0.448939 0.564217 0.000000
vt 0.448934 0.553836 0.000000
vt 0.448929 0.543455 0.000000
vt 0.448925 0.533073 0.000000
vt 0.448920 0.522691 0.000000
vt 0.448915 0.512310 0.000000
vt 0.448911 0.501928 0.000000
vt 0.448911 0.491547 0.000000
vt 0.448906 0.481166 0.000000
vt 0.448906 0.470785 0.000000
vt 0.448911 0.460405 0.000000
vt 0.448911 0.450025 0.000000
vt 0.438566 0.688740 0.000000
vt 0.438571 0.678368 0.000000
vt 0.438575 0.667995 0.000000
vt 0.438580 0.657621 0.000000
vt 0.438580 0.647246 0.000000
vt 0.438585 0.636869 0.000000
vt 0.438585 0.626492 0.000000
vt 0.438580 0.616114 0.000000
vt 0.438580 0.605735 0.000000
vt 0.438575 0.595355 0.000000
vt 0.438571 0.584975 0.000000
vt 0.438566 0.574595 0.000000
vt 0.438561 0.564214 0.000000
vt 0.438557 0.553834 0.000000
vt 0.438557 0.543453 0.000000
vt 0.438552 0.533071 0.000000
vt 0.438547 0.522690 0.000000
vt 0.438543 0.512309 0.000000
vt 0.438538 0.501928 0.000000
vt 0.438538 0.491547 0.000000
vt 0.438538 0.481167 0.000000
vt 0.438538 0.470787 0.000000
vt 0.438543 0.460407 0.000000
vt 0.438543 0.450027 0.000000
vt 0.428179 0.688735 0.000000
vt 0.428184 0.678364 0.000000
vt 0.428193 0.667991 0.000000
vt 0.428198 0.657616 0.000000
vt 0.428202 0.647241 0.000000
vt 0.428202 0.636864 0.000000
vt 0.428202 0.626487 0.000000
vt 0.428202 0.616108 0.000000
vt 0.428198 0.605729 0.000000
vt 0.428198 0.595350 0.000000
vt 0.428193 0.584970 0.000000
vt 0.428188 0.574590 0.000000
vt 0.428184 0.564210 0.000000
vt 0.428184 0.553829 0.000000
vt 0.428179 0.543449 0.000000
vt 0.428174 0.533068 0.000000
vt 0.428170 0.522687 0.000000
vt 0.428170 0.512307 0.000000
vt 0.428170 0.501926 0.000000
vt 0.428165 0.491546 0.000000
vt 0.428170 0.481166 0.000000
vt 0.428170 0.470786 0.000000
vt 0.428174 0.460407 0.000000
vt 0.428179 0.450027 0.000000
vt 0.417788 0.688729 0.000000
vt 0.417802 0.678357 0.000000
vt 0.417811 0.667984 0.000000
vt 0.417816 0.657609 0.000000
vt 0.417820 0.647233 0.000000
vt 0.417820 0.636857 0.000000
vt 0.417820 0.626479 0.000000
vt 0.417820 0.616100 0.000000
vt 0.417820 0.605721 0.000000
vt 0.417816 0.595342 0.000000
vt 0.417811 0.584962 0.000000
vt 0.417811 0.574583 0.000000
vt 0.417806 0.564203 0.000000
vt 0.417802 0.553823 0.000000
vt 0.417802 0.543443 0.000000
vt 0.417797 0.533063 0.000000
vt 0.417797 0.522683 0.000000
vt 0.417797 0.512303 0.000000
vt 0.417797 0.501923 0.000000
vt 0.417797 0.491544 0.000000
vt 0.417797 0.481164 0.000000
vt 0.417802 0.470784 0.000000
vt 0.417806 0.460405 0.000000
vt 0.417811 0.450025 0.000000
vt 0.407401 0.688719 0.000000
vt 0.407415 0.678348 0.000000
vt 0.407425 0.667974 0.000000
vt 0.407434 0.657600 0.000000
vt 0.407438 0.647223 0.000000
vt 0.407438 0.636846 0.000000
vt 0.407438 0.626468 0.000000
vt 0.407438 0.616090 0.000000
vt 0.407438 0.605711 0.000000
vt 0.407434 0.595332 0.000000
vt 0.407434 0.584953 0.000000
vt 0.407429 0.574573 0.000000
vt 0.407429 0.564194 0.000000
vt 0.407425 0.553815 0.000000
vt 0.407425 0.543436 0.000000
vt 0.407425 0.533056 0.000000
vt 0.407420 0.522677 0.000000
vt 0.407420 0.512298 0.000000
vt 0.407425 0.501919 0.000000
vt 0.407425 0.491539 0.000000
vt 0.407429 0.481160 0.000000
vt 0.407429 0.470780 0.000000
vt 0.407434 0.460401 0.000000
vt 0.407443 0.450021 0.000000
vt 0.397015 0.688708 0.000000
vt 0.397033 0.678336 0.000000
vt 0.397043 0.667963 0.000000
vt 0.397052 0.657587 0.000000
vt 0.397052 0.647211 0.000000
vt 0.397056 0.636833 0.000000
vt 0.397056 0.626455 0.000000
vt 0.397056 0.616077 0.000000
vt 0.397056 0.605698 0.000000
vt 0.397052 0.595319 0.000000
vt 0.397052 0.584941 0.000000
vt 0.397052 0.574562 0.000000
vt 0.397047 0.564183 0.000000
vt 0.397047 0.553805 0.000000
vt 0.397047 0.543427 0.000000
vt 0.397047 0.533048 0.000000
vt 0.397047 0.522670 0.000000
vt 0.397047 0.512291 0.000000
vt 0.397047 0.501912 0.000000
vt 0.397052 0.491534 0.000000
vt 0.397056 0.481155 0.000000
vt 0.397061 0.470775 0.000000
vt 0.397066 0.460396 0.000000
vt 0.397070 0.450016 0.000000
vt 0.386628 0.688695 0.000000
vt 0.386646 0.678323 0.000000
vt 0.386660 0.667949 0.000000
vt 0.386665 0.657573 0.000000
vt 0.386670 0.647196 0.000000
vt 0.386674 0.636818 0.000000
vt 0.386674 0.626440 0.000000
vt 0.386674 0.616061 0.000000
vt 0.386670 0.605683 0.000000
vt 0.386670 0.595305 0.000000
vt 0.386670 0.584927 0.000000
vt 0.386670 0.574549 0.000000
vt 0.386670 0.564172 0.000000
vt 0.386670 0.553794 0.000000
vt 0.386670 0.543416 0.000000
vt 0.386670 0.533039 0.000000
vt 0.386670 0.522661 0.000000
vt 0.386670 0.512283 0.000000
vt 0.386674 0.501905 0.000000
vt 0.386679 0.491526 0.000000
vt 0.386684 0.481148 0.000000
vt 0.386688 0.470769 0.000000
vt 0.386698 0.460389 0.000000
vt 0.386702 0.450010 0.000000
vt 0.376246 0.688679 0.000000
vt 0.376264 0.678307 0.000000
vt 0.376274 0.667932 0.000000
vt 0.376283 0.657556 0.000000
vt 0.376288 0.647178 0.000000
vt 0.376288 0.636800 0.000000
vt 0.376288 0.626422 0.000000
vt 0.376288 0.616044 0.000000
vt 0.376288 0.605666 0.000000
vt 0.376288 0.595289 0.000000
vt 0.376288 0.584912 0.000000
vt 0.376288 0.574535 0.000000
vt 0.376288 0.564158 0.000000
vt 0.376288 0.553782 0.000000
vt 0.376288 0.543405 0.000000
vt 0.376292 0.533028 0.000000
vt 0.376292 0.522651 0.000000
vt 0.376297 0.512274 0.000000
vt 0.376302 0.501896 0.000000
vt 0.376306 0.491518 0.000000
vt 0.376311 0.481140 0.000000
vt 0.376316 0.470761 0.000000
vt 0.376325 0.460381 0.000000
vt 0.376334 0.450002 0.000000
vt 0.365859 0.688663 0.000000
vt 0.365878 0.678289 0.000000
vt 0.365892 0.667913 0.000000
vt 0.365896 0.657536 0.000000
vt 0.365901 0.647157 0.000000
vt 0.365901 0.636779 0.000000
vt 0.365901 0.626401 0.000000
vt 0.365901 0.616024 0.000000
vt 0.365906 0.605647 0.000000
vt 0.365906 0.595271 0.000000
vt 0.365906 0.584895 0.000000
vt 0.365906 0.574520 0.000000
vt 0.365906 0.564144 0.000000
vt 0.365910 0.553768 0.000000
vt 0.365910 0.543392 0.000000
vt 0.365910 0.533016 0.000000
vt 0.365915 0.522640 0.000000
vt 0.365920 0.512263 0.000000
vt 0.365924 0.501886 0.000000
vt 0.365929 0.491508 0.000000
vt 0.365938 0.481130 0.000000
vt 0.365943 0.470751 0.000000
vt 0.365952 0.460372 0.000000
vt 0.365962 0.449992 0.000000
vt 0.355477 0.688644 0.000000
vt 0.355496 0.678269 0.000000
vt 0.355505 0.667891 0.000000
vt 0.355510 0.657512 0.000000
vt 0.355514 0.647133 0.000000
vt 0.355514 0.636756 0.000000
vt 0.355514 0.626379 0.000000
vt 0.355519 0.616003 0.000000
vt 0.355519 0.605628 0.000000
vt 0.355519 0.595253 0.000000
vt 0.355524 0.584878 0.000000
vt 0.355524 0.574504 0.000000
vt 0.355528 0.564129 0.000000
vt 0.355528 0.553754 0.000000
vt 0.355528 0.543378 0.000000
vt 0.355533 0.533003 0.000000
vt 0.355538 0.522627 0.000000
vt 0.355542 0.512251 0.000000
vt 0.355547 0.501874 0.000000
vt 0.355556 0.491497 0.000000
vt 0.355561 0.481119 0.000000
vt 0.355570 0.470741 0.000000
vt 0.355584 0.460361 0.000000
vt 0.355594 0.449981 0.000000
vt 0.345095 0.688624 0.000000
vt 0.345114 0.678246 0.000000
vt 0.345118 0.667866 0.000000
vt 0.345123 0.657485 0.000000
vt 0.345123 0.647107 0.000000
vt 0.345128 0.636731 0.000000
vt 0.345128 0.626356 0.000000
vt 0.345132 0.615982 0.000000
vt 0.345132 0.605608 0.000000
vt 0.345137 0.595235 0.000000
vt 0.345142 0.584861 0.000000
vt 0.345142 0.574487 0.000000
vt 0.345146 0.564113 0.000000
vt 0.345146 0.553738 0.000000
vt 0.345151 0.543363 0.000000
vt 0.345156 0.532988 0.000000
vt 0.345156 0.522613 0.000000
vt 0.345165 0.512237 0.000000
vt 0.345170 0.501861 0.000000
vt 0.345179 0.491485 0.000000
vt 0.345188 0.481108 0.000000
vt 0.345198 0.470730 0.000000
vt 0.345212 0.460350 0.000000
vt 0.345221 0.449969 0.000000
vt 0.334718 0.688601 0.000000
vt 0.334727 0.678218 0.000000
vt 0.334732 0.667835 0.000000
vt 0.334732 0.657456 0.000000
vt 0.334736 0.647080 0.000000
vt 0.334736 0.636706 0.000000
vt 0.334741 0.626333 0.000000
vt 0.334746 0.615961 0.000000
vt 0.334751 0.605589 0.000000
vt 0.334755 0.595216 0.000000
vt 0.334755 0.584843 0.000000
vt 0.334760 0.574470 0.000000
vt 0.334764 0.564096 0.000000
vt 0.334764 0.553722 0.000000
vt 0.334769 0.543347 0.000000
vt 0.334774 0.532973 0.000000
vt 0.334778 0.522598 0.000000
vt 0.334783 0.512222 0.000000
vt 0.334792 0.501847 0.000000
vt 0.334797 0.491471 0.000000
vt 0.334811 0.481095 0.000000
vt 0.334820 0.470718 0.000000
vt 0.334834 0.460339 0.000000
vt 0.334853 0.449957 0.000000
vt 0.324336 0.688572 0.000000
vt 0.324340 0.678182 0.000000
vt 0.324336 0.667801 0.000000
vt 0.324340 0.657426 0.000000
vt 0.324345 0.647054 0.000000
vt 0.324350 0.636684 0.000000
vt 0.324359 0.626313 0.000000
vt 0.324364 0.615942 0.000000
vt 0.324368 0.605570 0.000000
vt 0.324368 0.595198 0.000000
vt 0.324373 0.584826 0.000000
vt 0.324378 0.574452 0.000000
vt 0.324382 0.564079 0.000000
vt 0.324382 0.553704 0.000000
vt 0.324387 0.543330 0.000000
vt 0.324392 0.532955 0.000000
vt 0.324396 0.522581 0.000000
vt 0.324401 0.512206 0.000000
vt 0.324410 0.501831 0.000000
vt 0.324420 0.491456 0.000000
vt 0.324429 0.481081 0.000000
vt 0.324443 0.470705 0.000000
vt 0.324462 0.460328 0.000000
vt 0.324480 0.449947 0.000000
vt 0.313949 0.688523 0.000000
vt 0.313940 0.678142 0.000000
vt 0.313945 0.667771 0.000000
vt 0.313954 0.657403 0.000000
vt 0.313958 0.647035 0.000000
vt 0.313968 0.636665 0.000000
vt 0.313972 0.626295 0.000000
vt 0.313977 0.615924 0.000000
vt 0.313982 0.605553 0.000000
vt 0.313986 0.595180 0.000000
vt 0.313991 0.584807 0.000000
vt 0.313996 0.574434 0.000000
vt 0.313996 0.564060 0.000000
vt 0.314000 0.553686 0.000000
vt 0.314005 0.543311 0.000000
vt 0.314010 0.532937 0.000000
vt 0.314014 0.522562 0.000000
vt 0.314024 0.512187 0.000000
vt 0.314028 0.501812 0.000000
vt 0.314038 0.491437 0.000000
vt 0.314047 0.481063 0.000000
vt 0.314061 0.470690 0.000000
vt 0.314080 0.460316 0.000000
vt 0.314103 0.449940 0.000000
# 7688 texture coordinates

o Default
usemtl V
f 43/41/4 41/40/4 39/39/4
f 43/45/6 44/44/6 42/43/5 41/42/5
f 44/48/1 40/47/1 42/46/1
f 45/49/4 43/41/4 39/39/4
f 45/51/7 46/50/7 44/44/6 43/45/6
f 46/52/1 40/47/1 44/48/1
f 47/53/4 45/49/4 39/39/4
f 47/55/8 48/54/8 46/50/7 45/51/7
f 48/56/1 40/47/1 46/52/1
f 49/57/4 47/53/4 39/39/4
f 49/59/9 50/58/9 48/54/8 47/55/8
f 50/60/1 40/47/1 48/56/1
f 51/61/4 49/57/4 39/39/4
f 51/63/10 52/62/10 50/58/9 49/59/9
f 52/64/1 40/47/1 50/60/1
f 53/65/4 51/61/4 39/39/4
f 53/67/11 54/66/11 52/62/10 51/63/10
f 54/68/1 40/47/1 52/64/1
f 55/69/4 53/65/4 39/39/4
f 55/71/12 56/70/12 54/66/11 53/67/11
f 56/72/1 40/47/1 54/68/1
f 57/73/4 55/69/4 39/39/4
f 57/75/13 58/74/13 56/70/12 55/71/12
f 58/76/1 40/47/1 56/72/1
f 59/77/4 57/73/4 39/39/4
f 59/79/14 60/78/14 58/74/13 57/75/13
f 60/80/1 40/47/1 58/76/1
f 61/81/4 59/77/4 39/39/4
f 61/83/15 62/82/15 60/78/14 59/79/14
f 62/84/1 40/47/1 60/80/1
f 63/85/4 61/81/4 39/39/4
f 63/89/16 64/88/16 62/87/15 61/86/15
f 64/90/1 40/47/1 62/84/1
f 65/91/4 63/85/4 39/39/4
f 65/93/17 66/92/17 64/88/16 63/89/16
f 66/94/1 40/47/1 64/90/1
f 67/95/4 65/91/4 39/39/4
f 67/97/18 68/96/18 66/92/17 65/93/17
f 68/98/1 40/47/1 66/94/1
f 69/99/4 67/95/4 39/39/4
f 69/101/19 70/100/19 68/96/18 67/97/18
f 70/102/1 40/47/1 68/98/1
f 41/40/4 69/99/4 39/39/4
f 41/42/5 42/43/5 70/100/19 69/101/19
f 42/46/1 40/47/1 70/102/1
f 81/105/21 73/104/20 71/103/4
f 81/105/21 82/107/23 74/106/22 73/104/20
f 82/111/23 83/110/25 75/109/24 74/108/22
f 83/110/25 84/113/27 76/112/26 75/109/24
f 84/113/27 85/115/29 77/114/28 76/112/26
f 85/115/29 86/117/31 78/116/30 77/114/28
f 86/121/31 87/120/33 79/119/32 78/118/30
f 87/120/33 88/123/35 80/122/34 79/119/32
f 88/123/35 72/124/1 80/122/34
f 89/125/36 81/105/21 71/103/4
f 89/125/36 90/126/37 82/107/23 81/105/21
f 90/128/37 91/127/38 83/110/25 82/111/23
f 91/127/38 92/129/39 84/113/27 83/110/25
f 92/129/39 93/130/40 85/115/29 84/113/27
f 93/130/40 94/131/41 86/117/31 85/115/29
f 94/133/41 95/132/42 87/120/33 86/121/31
f 95/132/42 96/134/43 88/123/35 87/120/33
f 96/134/43 72/124/1 88/123/35
f 97/135/44 89/125/36 71/103/4
f 97/135/44 98/136/45 90/126/37 89/125/36
f 98/138/45 99/137/46 91/127/38 90/128/37
f 99/137/46 100/139/47 92/129/39 91/127/38
f 100/139/47 101/140/48 93/130/40 92/129/39
f 101/140/48 102/141/49 94/131/41 93/130/40
f 102/143/49 103/142/50 95/132/42 94/133/41
f 103/142/50 104/144/51 96/134/43 95/132/42
f 104/144/51 72/124/1 96/134/43
f 105/145/52 97/135/44 71/103/4
f 105/145/52 106/146/53 98/136/45 97/135/44
f 106/148/53 107/147/54 99/137/46 98/138/45
f 107/147/54 108/149/55 100/139/47 99/137/46
f 108/149/55 109/150/56 101/140/48 100/139/47
f 109/150/56 110/151/57 102/141/49 101/140/48
f 110/153/57 111/152/58 103/142/50 102/143/49
f 111/152/58 112/154/59 104/144/51 103/142/50
f 112/154/59 72/124/1 104/144/51
f 113/155/60 105/145/52 71/103/4
f 113/155/60 114/156/61 106/146/53 105/145/52
f 114/158/61 115/157/62 107/147/54 106/148/53
f 115/157/62 116/159/63 108/149/55 107/147/54
f 116/159/63 117/160/64 109/150/56 108/149/55
f 117/160/64 118/161/65 110/151/57 109/150/56
f 118/163/65 119/162/66 111/152/58 110/153/57
f 119/162/66 120/164/67 112/154/59 111/152/58
f 120/164/67 72/124/1 112/154/59
f 121/165/68 113/155/60 71/103/4
f 121/165/68 122/166/69 114/156/61 113/155/60
f 122/168/69 123/167/70 115/157/62 114/158/61
f 123/167/70 124/169/71 116/159/63 115/157/62
f 124/169/71 125/170/72 117/160/64 116/159/63
f 125/170/72 126/171/73 118/161/65 117/160/64
f 126/173/73 127/172/74 119/162/66 118/163/65
f 127/172/74 128/174/75 120/164/67 119/162/66
f 128/174/75 72/124/1 120/164/67
f 129/175/76 121/165/68 71/103/4
f 129/175/76 130/176/77 122/166/69 121/165/68
f 130/178/77 131/177/78 123/167/70 122/168/69
f 131/177/78 132/179/79 124/169/71 123/167/70
f 132/179/79 133/180/80 125/170/72 124/169/71
f 133/180/80 134/181/81 126/171/73 125/170/72
f 134/183/81 135/182/82 127/172/74 126/173/73
f 135/182/82 136/184/83 128/174/75 127/172/74
f 136/184/83 72/124/1 128/174/75
f 137/185/84 129/175/76 71/103/4
f 137/185/84 138/186/85 130/176/77 129/175/76
f 138/188/85 139/187/86 131/177/78 130/178/77
f 139/187/86 140/189/87 132/179/79 131/177/78
f 140/189/87 141/190/88 133/180/80 132/179/79
f 141/190/88 142/191/89 134/181/81 133/180/80
f 142/193/89 143/192/90 135/182/82 134/183/81
f 143/192/90 144/194/91 136/184/83 135/182/82
f 144/194/91 72/124/1 136/184/83
f 145/195/92 137/185/84 71/103/4
f 145/195/92 146/196/93 138/186/85 137/185/84
f 146/198/93 147/197/94 139/187/86 138/188/85
f 147/197/94 148/199/95 140/189/87 139/187/86
f 148/199/95 149/200/96 141/190/88 140/189/87
f 149/200/96 150/201/97 142/191/89 141/190/88
f 150/203/97 151/202/98 143/192/90 142/193/89
f 151/202/98 152/204/99 144/194/91 143/192/90
f 152/204/99 72/124/1 144/194/91
f 153/205/100 145/195/92 71/103/4
f 153/205/100 154/206/101 146/196/93 145/195/92
f 154/208/101 155/207/102 147/197/94 146/198/93
f 155/207/102 156/209/103 148/199/95 147/197/94
f 156/209/103 157/210/104 149/200/96 148/199/95
f 157/210/104 158/211/105 150/201/97 149/200/96
f 158/213/105 159/212/106 151/202/98 150/203/97
f 159/212/106 160/214/107 152/204/99 151/202/98
f 160/214/107 72/124/1 152/204/99
f 161/215/108 153/205/100 71/103/4
f 161/215/108 162/216/109 154/206/101 153/205/100
f 162/218/109 163/217/110 155/207/102 154/208/101
f 163/217/110 164/219/111 156/209/103 155/207/102
f 164/219/111 165/220/112 157/210/104 156/209/103
f 165/220/112 166/221/113 158/211/105 157/210/104
f 166/223/113 167/222/114 159/212/106 158/213/105
f 167/222/114 168/224/115 160/214/107 159/212/106
f 168/224/115 72/124/1 160/214/107
f 169/225/116 161/215/108 71/103/4
f 169/225/116 170/226/117 162/216/109 161/215/108
f 170/228/117 171/227/118 163/217/110 162/218/109
f 171/227/118 172/229/119 164/219/111 163/217/110
f 172/229/119 173/230/120 165/220/112 164/219/111
f 173/230/120 174/231/121 166/221/113 165/220/112
f 174/233/121 175/232/122 167/222/114 166/223/113
f 175/232/122 176/234/123 168/224/115 167/222/114
f 176/234/123 72/124/1 168/224/115
f 177/235/124 169/225/116 71/103/4
f 177/235/124 178/236/125 170/226/117 169/225/116
f 178/238/125 179/237/126 171/227/118 170/228/117
f 179/237/126 180/239/127 172/229/119 171/227/118
f 180/239/127 181/240/128 173/230/120 172/229/119
f 181/240/128 182/241/129 174/231/121 173/230/120
f 182/243/129 183/242/130 175/232/122 174/233/121
f 183/242/130 184/244/131 176/234/123 175/232/122
f 184/244/131 72/124/1 176/234/123
f 185/245/132 177/235/124 71/103/4
f 185/245/132 186/246/133 178/236/125 177/235/124
f 186/248/133 187/247/134 179/237/126 178/238/125
f 187/247/134 188/249/135 180/239/127 179/237/126
f 188/249/135 189/250/136 181/240/128 180/239/127
f 189/250/136 190/251/137 182/241/129 181/240/128
f 190/253/137 191/252/138 183/242/130 182/243/129
f 191/252/138 192/254/139 184/244/131 183/242/130
f 192/254/139 72/124/1 184/244/131
f 193/255/140 185/245/132 71/103/4
f 193/255/140 194/256/141 186/246/133 185/245/132
f 194/258/141 195/257/142 187/247/134 186/248/133
f 195/257/142 196/259/143 188/249/135 187/247/134
f 196/259/143 197/260/144 189/250/136 188/249/135
f 197/260/144 198/261/145 190/251/137 189/250/136
f 198/263/145 199/262/146 191/252/138 190/253/137
f 199/262/146 200/264/147 192/254/139 191/252/138
f 200/264/147 72/124/1 192/254/139
f 201/265/148 193/255/140 71/103/4
f 201/265/148 202/266/149 194/256/141 193/255/140
f 202/268/149 203/267/150 195/257/142 194/258/141
f 203/267/150 204/269/151 196/259/143 195/257/142
f 204/269/151 205/270/152 197/260/144 196/259/143
f 205/270/152 206/271/153 198/261/145 197/260/144
f 206/273/153 207/272/154 199/262/146 198/263/145
f 207/272/154 208/274/155 200/264/147 199/262/146
f 208/274/155 72/124/1 200/264/147
f 209/275/156 201/265/148 71/103/4
f 209/275/156 210/276/157 202/266/149 201/265/148
f 210/278/157 211/277/158 203/267/150 202/268/149
f 211/277/158 212/279/159 204/269/151 203/267/150
f 212/279/159 213/280/160 205/270/152 204/269/151
f 213/280/160 214/281/161 206/271/153 205/270/152
f 214/283/161 215/282/162 207/272/154 206/273/153
f 215/282/162 216/284/163 208/274/155 207/272/154
f 216/284/163 72/124/1 208/274/155
f 217/285/164 209/275/156 71/103/4
f 217/285/164 218/286/165 210/276/157 209/275/156
f 218/290/165 219/289/166 211/288/158 210/287/157
f 219/289/166 220/292/167 212/291/159 211/288/158
f 220/292/167 221/294/168 213/293/160 212/291/159
f 221/294/168 222/296/169 214/295/161 213/293/160
f 222/298/169 223/297/170 215/282/162 214/283/161
f 223/297/170 224/299/171 216/284/163 215/282/162
f 224/299/171 72/124/1 216/284/163
f 225/300/172 217/285/164 71/103/4
f 225/300/172 226/301/173 218/286/165 217/285/164
f 226/303/173 227/302/174 219/289/166 218/290/165
f 227/302/174 228/304/175 220/292/167 219/289/166
f 228/304/175 229/305/176 221/294/168 220/292/167
f 229/305/176 230/306/177 222/296/169 221/294/168
f 230/308/177 231/307/178 223/297/170 222/298/169
f 231/307/178 232/309/179 224/299/171 223/297/170
f 232/309/179 72/124/1 224/299/171
f 233/310/180 225/300/172 71/103/4
f 233/310/180 234/311/181 226/301/173 225/300/172
f 234/313/181 235/312/182 227/302/174 226/303/173
f 235/312/182 236/314/183 228/304/175 227/302/174
f 236/314/183 237/315/184 229/305/176 228/304/175
f 237/315/184 238/316/185 230/306/177 229/305/176
f 238/318/185 239/317/186 231/307/178 230/308/177
f 239/317/186 240/319/187 232/309/179 231/307/178
f 240/319/187 72/124/1 232/309/179
f 241/320/188 233/310/180 71/103/4
f 241/320/188 242/321/189 234/311/181 233/310/180
f 242/323/189 243/322/190 235/312/182 234/313/181
f 243/322/190 244/324/191 236/314/183 235/312/182
f 244/324/191 245/325/192 237/315/184 236/314/183
f 245/325/192 246/326/193 238/316/185 237/315/184
f 246/328/193 247/327/194 239/317/186 238/318/185
f 247/327/194 248/329/195 240/319/187 239/317/186
f 248/329/195 72/124/1 240/319/187
f 249/330/196 241/320/188 71/103/4
f 249/330/196 250/331/197 242/321/189 241/320/188
f 250/333/197 251/332/198 243/322/190 242/323/189
f 251/332/198 252/334/199 244/324/191 243/322/190
f 252/334/199 253/335/200 245/325/192 244/324/191
f 253/335/200 254/336/201 246/326/193 245/325/192
f 254/338/201 255/337/202 247/327/194 246/328/193
f 255/337/202 256/339/203 248/329/195 247/327/194
f 256/339/203 72/124/1 248/329/195
f 257/340/204 249/330/196 71/103/4
f 257/340/204 258/341/205 250/331/197 249/330/196
f 258/343/205 259/342/206 251/332/198 250/333/197
f 259/342/206 260/344/207 252/334/199 251/332/198
f 260/344/207 261/345/208 253/335/200 252/334/199
f 261/345/208 262/346/209 254/336/201 253/335/200
f 262/348/209 263/347/210 255/337/202 254/338/201
f 263/347/210 264/349/211 256/339/203 255/337/202
f 264/349/211 72/124/1 256/339/203
f 265/350/212 257/340/204 71/103/4
f 265/350/212 266/351/213 258/341/205 257/340/204
f 266/353/213 267/352/214 259/342/206 258/343/205
f 267/352/214 268/354/215 260/344/207 259/342/206
f 268/354/215 269/355/216 261/345/208 260/344/207
f 269/355/216 270/356/217 262/346/209 261/345/208
f 270/358/217 271/357/218 263/347/210 262/348/209
f 271/357/218 272/359/219 264/349/211 263/347/210
f 272/359/219 72/124/1 264/349/211
f 73/104/20 265/350/212 71/103/4
f 73/104/20 74/106/22 266/351/213 265/350/212
f 74/108/22 75/109/24 267/352/214 266/353/213
f 75/109/24 76/112/26 268/354/215 267/352/214
f 76/112/26 77/114/28 269/355/216 268/354/215
f 77/114/28 78/116/30 270/356/217 269/355/216
f 78/118/30 79/119/32 271/357/218 270/358/217
f 79/119/32 80/122/34 272/359/219 271/357/218
f 80/122/34 72/124/1 272/359/219
f 283/362/221 275/361/220 273/360/4
f 283/362/221 284/364/223 276/363/222 275/361/220
f 284/368/223 285/367/225 277/366/224 276/365/222
f 285/367/225 286/370/226 278/369/26 277/366/224
f 286/370/226 287/372/227 279/371/28 278/369/26
f 287/372/227 288/374/229 280/373/228 279/371/28
f 288/374/229 289/376/33 281/375/32 280/373/228
f 289/380/33 290/379/231 282/378/230 281/377/32
f 290/379/231 274/381/1 282/378/230
f 291/382/232 283/362/221 273/360/4
f 291/382/232 292/383/37 284/364/223 283/362/221
f 292/385/37 293/384/233 285/367/225 284/368/223
f 293/384/233 294/386/234 286/370/226 285/367/225
f 294/386/234 295/387/235 287/372/227 286/370/226
f 295/387/235 296/388/236 288/374/229 287/372/227
f 296/388/236 297/389/42 289/376/33 288/374/229
f 297/391/42 298/390/237 290/379/231 289/380/33
f 298/390/237 274/381/1 290/379/231
f 299/392/238 291/382/232 273/360/4
f 299/392/238 300/393/239 292/383/37 291/382/232
f 300/395/239 301/394/240 293/384/233 292/385/37
f 301/394/240 302/396/241 294/386/234 293/384/233
f 302/396/241 303/397/242 295/387/235 294/386/234
f 303/397/242 304/398/243 296/388/236 295/387/235
f 304/398/243 305/399/244 297/389/42 296/388/236
f 305/401/244 306/400/245 298/390/237 297/391/42
f 306/400/245 274/381/1 298/390/237
f 307/402/246 299/392/238 273/360/4
f 307/402/246 308/403/247 300/393/239 299/392/238
f 308/405/247 309/404/248 301/394/240 300/395/239
f 309/404/248 310/406/249 302/396/241 301/394/240
f 310/406/249 311/407/250 303/397/242 302/396/241
f 311/407/250 312/408/251 304/398/243 303/397/242
f 312/408/251 313/409/252 305/399/244 304/398/243
f 313/411/252 314/410/253 306/400/245 305/401/244
f 314/410/253 274/381/1 306/400/245
f 315/412/254 307/402/246 273/360/4
f 315/412/254 316/413/61 308/403/247 307/402/246
f 316/415/61 317/414/255 309/404/248 308/405/247
f 317/414/255 318/416/256 310/406/249 309/404/248
f 318/416/256 319/417/257 311/407/250 310/406/249
f 319/417/257 320/418/258 312/408/251 311/407/250
f 320/418/258 321/419/66 313/409/252 312/408/251
f 321/421/66 322/420/259 314/410/253 313/411/252
f 322/420/259 274/381/1 314/410/253
f 323/422/260 315/412/254 273/360/4
f 323/422/260 324/423/261 316/413/61 315/412/254
f 324/425/261 325/424/262 317/414/255 316/415/61
f 325/424/262 326/426/263 318/416/256 317/414/255
f 326/426/263 327/427/264 319/417/257 318/416/256
f 327/427/264 328/428/265 320/418/258 319/417/257
f 328/428/265 329/429/266 321/419/66 320/418/258
f 329/431/266 330/430/267 322/420/259 321/421/66
f 330/430/267 274/381/1 322/420/259
f 331/432/268 323/422/260 273/360/4
f 331/432/268 332/433/269 324/423/261 323/422/260
f 332/435/269 333/434/270 325/424/262 324/425/261
f 333/434/270 334/436/271 326/426/263 325/424/262
f 334/436/271 335/437/272 327/427/264 326/426/263
f 335/437/272 336/438/273 328/428/265 327/427/264
f 336/438/273 337/439/82 329/429/266 328/428/265
f 337/441/82 338/440/274 330/430/267 329/431/266
f 338/440/274 274/381/1 330/430/267
f 339/442/275 331/432/268 273/360/4
f 339/442/275 340/443/85 332/433/269 331/432/268
f 340/445/85 341/444/276 333/434/270 332/435/269
f 341/444/276 342/446/277 334/436/271 333/434/270
f 342/446/277 343/447/278 335/437/272 334/436/271
f 343/447/278 344/448/279 336/438/273 335/437/272
f 344/448/279 345/449/90 337/439/82 336/438/273
f 345/451/90 346/450/280 338/440/274 337/441/82
f 346/450/280 274/381/1 338/440/274
f 347/452/281 339/442/275 273/360/4
f 347/452/281 348/453/282 340/443/85 339/442/275
f 348/455/282 349/454/283 341/444/276 340/445/85
f 349/454/283 350/456/95 342/446/277 341/444/276
f 350/456/95 351/457/96 343/447/278 342/446/277
f 351/457/96 352/458/284 344/448/279 343/447/278
f 352/458/284 353/459/285 345/449/90 344/448/279
f 353/461/285 354/460/286 346/450/280 345/451/90
f 354/460/286 274/381/1 346/450/280
f 355/462/287 347/452/281 273/360/4
f 355/462/287 356/463/288 348/453/282 347/452/281
f 356/465/288 357/464/289 349/454/283 348/455/282
f 357/464/289 358/466/103 350/456/95 349/454/283
f 358/466/103 359/467/104 351/457/96 350/456/95
f 359/467/104 360/468/290 352/458/284 351/457/96
f 360/468/290 361/469/106 353/459/285 352/458/284
f 361/471/106 362/470/291 354/460/286 353/461/285
f 362/470/291 274/381/1 354/460/286
f 363/472/292 355/462/287 273/360/4
f 363/472/292 364/473/109 356/463/288 355/462/287
f 364/475/109 365/474/293 357/464/289 356/465/288
f 365/474/293 366/476/294 358/466/103 357/464/289
f 366/476/294 367/477/295 359/467/104 358/466/103
f 367/477/295 368/478/296 360/468/290 359/467/104
f 368/478/296 369/479/297 361/469/106 360/468/290
f 369/481/297 370/480/298 362/470/291 361/471/106
f 370/480/298 274/381/1 362/470/291
f 371/482/299 363/472/292 273/360/4
f 371/482/299 372/483/300 364/473/109 363/472/292
f 372/485/300 373/484/301 365/474/293 364/475/109
f 373/484/301 374/486/302 366/476/294 365/474/293
f 374/486/302 375/487/303 367/477/295 366/476/294
f 375/487/303 376/488/304 368/478/296 367/477/295
f 376/488/304 377/489/305 369/479/297 368/478/296
f 377/491/305 378/490/306 370/480/298 369/481/297
f 378/490/306 274/381/1 370/480/298
f 379/492/307 371/482/299 273/360/4
f 379/492/307 380/493/308 372/483/300 371/482/299
f 380/495/308 381/494/309 373/484/301 372/485/300
f 381/494/309 382/496/310 374/486/302 373/484/301
f 382/496/310 383/497/311 375/487/303 374/486/302
f 383/497/311 384/498/312 376/488/304 375/487/303
f 384/498/312 385/499/313 377/489/305 376/488/304
f 385/501/313 386/500/314 378/490/306 377/491/305
f 386/500/314 274/381/1 378/490/306
f 387/502/315 379/492/307 273/360/4
f 387/502/315 388/503/133 380/493/308 379/492/307
f 388/505/133 389/504/316 381/494/309 380/495/308
f 389/504/316 390/506/317 382/496/310 381/494/309
f 390/506/317 391/507/318 383/497/311 382/496/310
f 391/507/318 392/508/319 384/498/312 383/497/311
f 392/508/319 393/509/320 385/499/313 384/498/312
f 393/511/320 394/510/321 386/500/314 385/501/313
f 394/510/321 274/381/1 386/500/314
f 395/512/322 387/502/315 273/360/4
f 395/512/322 396/513/323 388/503/133 387/502/315
f 396/515/323 397/514/324 389/504/316 388/505/133
f 397/514/324 398/516/143 390/506/317 389/504/316
f 398/516/143 399/517/144 391/507/318 390/506/317
f 399/517/144 400/518/325 392/508/319 391/507/318
f 400/518/325 401/519/146 393/509/320 392/508/319
f 401/521/146 402/520/326 394/510/321 393/511/320
f 402/520/326 274/381/1 394/510/321
f 403/522/327 395/512/322 273/360/4
f 403/522/327 404/523/328 396/513/323 395/512/322
f 404/525/328 405/524/329 397/514/324 396/515/323
f 405/524/329 406/526/151 398/516/143 397/514/324
f 406/526/151 407/527/152 399/517/144 398/516/143
f 407/527/152 408/528/330 400/518/325 399/517/144
f 408/528/330 409/529/331 401/519/146 400/518/325
f 409/531/331 410/530/332 402/520/326 401/521/146
f 410/530/332 274/381/1 402/520/326
f 411/532/333 403/522/327 273/360/4
f 411/532/333 412/533/157 404/523/328 403/522/327
f 412/537/157 413/536/334 405/535/329 404/534/328
f 413/536/334 414/539/335 406/538/151 405/535/329
f 414/539/335 415/541/336 407/540/152 406/538/151
f 415/541/336 416/543/337 408/542/330 407/540/152
f 416/543/337 417/545/162 409/544/331 408/542/330
f 417/547/162 418/546/338 410/530/332 409/531/331
f 418/546/338 274/381/1 410/530/332
f 419/548/339 411/532/333 273/360/4
f 419/548/339 420/549/340 412/533/157 411/532/333
f 420/551/340 421/550/341 413/536/334 412/537/157
f 421/550/341 422/552/342 414/539/335 413/536/334
f 422/552/342 423/553/343 415/541/336 414/539/335
f 423/553/343 424/554/344 416/543/337 415/541/336
f 424/554/344 425/555/170 417/545/162 416/543/337
f 425/557/170 426/556/345 418/546/338 417/547/162
f 426/556/345 274/381/1 418/546/338
f 427/558/346 419/548/339 273/360/4
f 427/558/346 428/559/347 420/549/340 419/548/339
f 428/561/347 429/560/348 421/550/341 420/551/340
f 429/560/348 430/562/349 422/552/342 421/550/341
f 430/562/349 431/563/350 423/553/343 422/552/342
f 431/563/350 432/564/351 424/554/344 423/553/343
f 432/564/351 433/565/352 425/555/170 424/554/344
f 433/567/352 434/566/353 426/556/345 425/557/170
f 434/566/353 274/381/1 426/556/345
f 435/568/354 427/558/346 273/360/4
f 435/568/354 436/569/181 428/559/347 427/558/346
f 436/571/181 437/570/355 429/560/348 428/561/347
f 437/570/355 438/572/356 430/562/349 429/560/348
f 438/572/356 439/573/357 431/563/350 430/562/349
f 439/573/357 440/574/358 432/564/351 431/563/350
f 440/574/358 441/575/186 433/565/352 432/564/351
f 441/577/186 442/576/359 434/566/353 433/567/352
f 442/576/359 274/381/1 434/566/353
f 443/578/360 435/568/354 273/360/4
f 443/578/360 444/579/361 436/569/181 435/568/354
f 444/581/361 445/580/362 437/570/355 436/571/181
f 445/580/362 446/582/363 438/572/356 437/570/355
f 446/582/363 447/583/364 439/573/357 438/572/356
f 447/583/364 448/584/365 440/574/358 439/573/357
f 448/584/365 449/585/366 441/575/186 440/574/358
f 449/587/366 450/586/367 442/576/359 441/577/186
f 450/586/367 274/381/1 442/576/359
f 451/588/368 443/578/360 273/360/4
f 451/588/368 452/589/369 444/579/361 443/578/360
f 452/591/369 453/590/370 445/580/362 444/581/361
f 453/590/370 454/592/371 446/582/363 445/580/362
f 454/592/371 455/593/372 447/583/364 446/582/363
f 455/593/372 456/594/373 448/584/365 447/583/364
f 456/594/373 457/595/374 449/585/366 448/584/365
f 457/597/374 458/596/375 450/586/367 449/587/366
f 458/596/375 274/381/1 450/586/367
f 459/598/376 451/588/368 273/360/4
f 459/598/376 460/599/205 452/589/369 451/588/368
f 460/601/205 461/600/377 453/590/370 452/591/369
f 461/600/377 462/602/378 454/592/371 453/590/370
f 462/602/378 463/603/379 455/593/372 454/592/371
f 463/603/379 464/604/380 456/594/373 455/593/372
f 464/604/380 465/605/210 457/595/374 456/594/373
f 465/607/210 466/606/381 458/596/375 457/597/374
f 466/606/381 274/381/1 458/596/375
f 467/608/382 459/598/376 273/360/4
f 467/608/382 468/609/383 460/599/205 459/598/376
f 468/611/383 469/610/384 461/600/377 460/601/205
f 469/610/384 470/612/385 462/602/378 461/600/377
f 470/612/385 471/613/386 463/603/379 462/602/378
f 471/613/386 472/614/387 464/604/380 463/603/379
f 472/614/387 473/615/218 465/605/210 464/604/380
f 473/617/218 474/616/388 466/606/381 465/607/210
f 474/616/388 274/381/1 466/606/381
f 275/361/220 467/608/382 273/360/4
f 275/361/220 276/363/222 468/609/383 467/608/382
f 276/365/222 277/366/224 469/610/384 468/611/383
f 277/366/224 278/369/26 470/612/385 469/610/384
f 278/369/26 279/371/28 471/613/386 470/612/385
f 279/371/28 280/373/228 472/614/387 471/613/386
f 280/373/228 281/375/32 473/615/218 472/614/387
f 281/377/32 282/378/230 474/616/388 473/617/218
f 282/378/230 274/381/1 474/616/388
f 478/621/392 479/620/391 476/619/390 475/618/389
f 481/623/394 482/622/393 479/620/391 478/621/392
f 484/625/396 485/624/395 482/622/393 481/623/394
f 487/627/398 488/626/397 485/624/395 484/625/396
f 490/629/400 491/628/399 488/626/397 487/627/398
f 493/631/402 494/630/401 491/628/399 490/629/400
f 496/633/404 497/632/403 494/630/401 493/631/402
f 499/635/406 500/634/405 497/632/403 496/633/404
f 502/637/408 503/636/407 500/634/405 499/635/406
f 505/639/410 506/638/409 503/636/407 502/637/408
f 479/620/391 480/641/412 477/640/411 476/619/390
f 482/622/393 483/642/413 480/641/412 479/620/391
f 485/624/395 486/643/414 483/642/413 482/622/393
f 488/626/397 489/644/415 486/643/414 485/624/395
f 491/628/399 492/645/416 489/644/415 488/626/397
f 494/630/401 495/646/417 492/645/416 491/628/399
f 497/632/403 498/647/418 495/646/417 494/630/401
f 500/634/405 501/648/419 498/647/418 497/632/403
f 503/636/407 504/649/420 501/648/419 500/634/405
f 506/638/409 507/650/421 504/649/420 503/636/407
f 508/654/422 509/653/422 506/652/422 505/651/422
f 511/656/422 512/655/422 509/653/422 508/654/422
f 514/658/422 515/657/422 512/655/422 511/656/422
f 509/653/422 510/660/422 507/659/422 506/652/422
f 512/655/422 513/661/422 510/660/422 509/653/422
f 515/657/422 516/662/422 513/661/422 512/655/422
f 517/666/426 518/665/425 515/664/424 514/663/423
f 520/668/428 521/667/427 518/665/425 517/666/426
f 523/670/430 524/669/429 521/667/427 520/668/428
f 526/672/432 527/671/431 524/669/429 523/670/430
f 529/674/434 530/673/433 527/671/431 526/672/432
f 532/676/436 533/675/435 530/673/433 529/674/434
f 535/678/438 536/677/437 533/675/435 532/676/436
f 538/680/440 539/679/439 536/677/437 535/678/438
f 541/682/442 542/681/441 539/679/439 538/680/440
f 544/684/444 545/683/443 542/681/441 541/682/442
f 518/665/425 519/686/446 516/685/445 515/664/424
f 521/667/427 522/687/447 519/686/446 518/665/425
f 524/669/429 525/688/448 522/687/447 521/667/427
f 527/671/431 528/689/449 525/688/448 524/669/429
f 530/673/433 531/690/450 528/689/449 527/671/431
f 533/675/435 534/691/451 531/690/450 530/673/433
f 536/677/437 537/692/452 534/691/451 533/675/435
f 539/679/439 540/693/453 537/692/452 536/677/437
f 542/681/441 543/694/454 540/693/453 539/679/439
f 545/683/443 546/695/455 543/694/454 542/681/441
f 547/699/456 548/698/456 545/697/456 544/696/456
f 550/701/456 551/700/456 548/698/456 547/699/456
f 475/703/456 476/702/456 551/700/456 550/701/456
f 548/698/456 549/705/456 546/704/456 545/697/456
f 551/700/456 552/706/456 549/705/456 548/698/456
f 476/702/456 477/707/456 552/706/456 551/700/456
f 480/711/460 553/710/459 552/709/458 477/708/457
f 483/713/462 555/712/461 553/710/459 480/711/460
f 486/715/464 557/714/463 555/712/461 483/713/462
f 489/717/466 559/716/465 557/714/463 486/715/464
f 492/719/468 561/718/467 559/716/465 489/717/466
f 495/721/470 563/720/469 561/718/467 492/719/468
f 498/723/472 565/722/471 563/720/469 495/721/470
f 501/725/474 567/724/473 565/722/471 498/723/472
f 504/727/476 569/726/475 567/724/473 501/725/474
f 507/729/478 510/728/477 569/726/475 504/727/476
f 553/710/459 554/731/480 549/730/479 552/709/458
f 555/712/461 556/732/481 554/731/480 553/710/459
f 557/714/463 558/733/482 556/732/481 555/712/461
f 559/716/465 560/734/483 558/733/482 557/714/463
f 561/718/467 562/735/484 560/734/483 559/716/465
f 563/720/469 564/736/485 562/735/484 561/718/467
f 565/722/471 566/737/486 564/736/485 563/720/469
f 567/724/473 568/738/487 566/737/486 565/722/471
f 569/726/475 570/739/488 568/738/487 567/724/473
f 510/728/477 513/740/489 570/739/488 569/726/475
f 554/731/480 543/742/491 546/741/490 549/730/479
f 556/732/481 540/743/492 543/742/491 554/731/480
f 558/733/482 537/744/493 540/743/492 556/732/481
f 560/734/483 534/745/494 537/744/493 558/733/482
f 562/735/484 531/746/495 534/745/494 560/734/483
f 564/736/485 528/747/496 531/746/495 562/735/484
f 566/737/486 525/748/497 528/747/496 564/736/485
f 568/738/487 522/749/498 525/748/497 566/737/486
f 570/739/488 519/750/499 522/749/498 568/738/487
f 513/740/489 516/751/500 519/750/499 570/739/488
f 541/755/504 571/754/503 547/753/502 544/752/501
f 538/757/506 573/756/505 571/754/503 541/755/504
f 535/759/508 575/758/507 573/756/505 538/757/506
f 532/761/510 577/760/509 575/758/507 535/759/508
f 529/763/512 579/762/511 577/760/509 532/761/510
f 526/765/514 581/764/513 579/762/511 529/763/512
f 523/767/516 583/766/515 581/764/513 526/765/514
f 520/769/518 585/768/517 583/766/515 523/767/516
f 517/771/520 587/770/519 585/768/517 520/769/518
f 514/773/522 511/772/521 587/770/519 517/771/520
f 571/754/503 572/775/524 550/774/523 547/753/502
f 573/756/505 574/776/525 572/775/524 571/754/503
f 575/758/507 576/777/526 574/776/525 573/756/505
f 577/760/509 578/778/527 576/777/526 575/758/507
f 579/762/511 580/779/528 578/778/527 577/760/509
f 581/764/513 582/780/529 580/779/528 579/762/511
f 583/766/515 584/781/530 582/780/529 581/764/513
f 585/768/517 586/782/531 584/781/530 583/766/515
f 587/770/519 588/783/532 586/782/531 585/768/517
f 511/772/521 508/784/533 588/783/532 587/770/519
f 572/775/524 478/786/535 475/785/534 550/774/523
f 574/776/525 481/787/536 478/786/535 572/775/524
f 576/777/526 484/788/537 481/787/536 574/776/525
f 578/778/527 487/789/538 484/788/537 576/777/526
f 580/779/528 490/790/539 487/789/538 578/778/527
f 582/780/529 493/791/540 490/790/539 580/779/528
f 584/781/530 496/792/541 493/791/540 582/780/529
f 586/782/531 499/793/542 496/792/541 584/781/530
f 588/783/532 502/794/543 499/793/542 586/782/531
f 508/784/533 505/795/544 502/794/543 588/783/532
f 592/799/548 593/798/547 590/797/546 589/796/545
f 595/801/550 596/800/549 593/798/547 592/799/548
f 598/803/552 599/802/551 596/800/549 595/801/550
f 601/805/554 602/804/553 599/802/551 598/803/552
f 604/807/556 605/806/555 602/804/553 601/805/554
f 607/809/558 608/808/557 605/806/555 604/807/556
f 610/811/560 611/810/559 608/808/557 607/809/558
f 613/813/562 614/812/561 611/810/559 610/811/560
f 616/815/564 617/814/563 614/812/561 613/813/562
f 619/817/566 620/816/565 617/814/563 616/815/564
f 593/798/547 594/819/568 591/818/567 590/797/546
f 596/800/549 597/820/569 594/819/568 593/798/547
f 599/802/551 600/821/570 597/820/569 596/800/549
f 602/804/553 603/822/571 600/821/570 599/802/551
f 605/806/555 606/823/572 603/822/571 602/804/553
f 608/808/557 609/824/573 606/823/572 605/806/555
f 611/810/559 612/825/574 609/824/573 608/808/557
f 614/812/561 615/826/575 612/825/574 611/810/559
f 617/814/563 618/827/576 615/826/575 614/812/561
f 620/816/565 621/828/577 618/827/576 617/814/563
f 622/832/578 623/831/578 620/830/578 619/829/578
f 625/834/578 626/833/578 623/831/578 622/832/578
f 628/836/578 629/835/578 626/833/578 625/834/578
f 623/831/578 624/838/578 621/837/578 620/830/578
f 626/833/578 627/839/578 624/838/578 623/831/578
f 629/835/578 630/840/578 627/839/578 626/833/578
f 631/844/582 632/843/581 629/842/580 628/841/579
f 634/846/584 635/845/583 632/843/581 631/844/582
f 637/848/586 638/847/585 635/845/583 634/846/584
f 640/850/588 641/849/587 638/847/585 637/848/586
f 643/852/590 644/851/589 641/849/587 640/850/588
f 646/854/592 647/853/591 644/851/589 643/852/590
f 649/856/594 650/855/593 647/853/591 646/854/592
f 652/858/596 653/857/595 650/855/593 649/856/594
f 655/860/598 656/859/597 653/857/595 652/858/596
f 658/862/600 659/861/599 656/859/597 655/860/598
f 632/843/581 633/864/602 630/863/601 629/842/580
f 635/845/583 636/865/603 633/864/602 632/843/581
f 638/847/585 639/866/604 636/865/603 635/845/583
f 641/849/587 642/867/605 639/866/604 638/847/585
f 644/851/589 645/868/606 642/867/605 641/849/587
f 647/853/591 648/869/607 645/868/606 644/851/589
f 650/855/593 651/870/608 648/869/607 647/853/591
f 653/857/595 654/871/609 651/870/608 650/855/593
f 656/859/597 657/872/610 654/871/609 653/857/595
f 659/861/599 660/873/611 657/872/610 656/859/597
f 661/877/613 662/876/613 659/875/613 658/874/612
f 664/879/613 665/878/613 662/876/613 661/877/613
f 589/881/613 590/880/613 665/878/613 664/879/613
f 662/876/613 663/883/613 660/882/614 659/875/613
f 665/878/613 666/884/613 663/883/613 662/876/613
f 590/880/613 591/885/612 666/884/613 665/878/613
f 594/889/618 667/888/617 666/887/616 591/886/615
f 597/891/620 669/890/619 667/888/617 594/889/618
f 600/893/622 671/892/621 669/890/619 597/891/620
f 603/895/624 673/894/623 671/892/621 600/893/622
f 606/897/626 675/896/625 673/894/623 603/895/624
f 609/899/628 677/898/627 675/896/625 606/897/626
f 612/901/630 679/900/629 677/898/627 609/899/628
f 615/903/632 681/902/631 679/900/629 612/901/630
f 618/905/634 683/904/633 681/902/631 615/903/632
f 621/907/636 624/906/635 683/904/633 618/905/634
f 667/888/617 668/909/638 663/908/637 666/887/616
f 669/890/619 670/910/639 668/909/638 667/888/617
f 671/892/621 672/911/640 670/910/639 669/890/619
f 673/894/623 674/912/641 672/911/640 671/892/621
f 675/896/625 676/913/642 674/912/641 673/894/623
f 677/898/627 678/914/643 676/913/642 675/896/625
f 679/900/629 680/915/644 678/914/643 677/898/627
f 681/902/631 682/916/645 680/915/644 679/900/629
f 683/904/633 684/917/646 682/916/645 681/902/631
f 624/906/635 627/918/647 684/917/646 683/904/633
f 668/909/638 657/920/649 660/919/648 663/908/637
f 670/910/639 654/921/650 657/920/649 668/909/638
f 672/911/640 651/922/651 654/921/650 670/910/639
f 674/912/641 648/923/652 651/922/651 672/911/640
f 676/913/642 645/924/653 648/923/652 674/912/641
f 678/914/643 642/925/654 645/924/653 676/913/642
f 680/915/644 639/926/655 642/925/654 678/914/643
f 682/916/645 636/927/656 639/926/655 680/915/644
f 684/917/646 633/928/657 636/927/656 682/916/645
f 627/918/647 630/929/658 633/928/657 684/917/646
f 655/933/662 685/932/661 661/931/660 658/930/659
f 652/935/664 687/934/663 685/932/661 655/933/662
f 649/937/666 689/936/665 687/934/663 652/935/664
f 646/939/668 691/938/667 689/936/665 649/937/666
f 643/941/670 693/940/669 691/938/667 646/939/668
f 640/943/672 695/942/671 693/940/669 643/941/670
f 637/945/674 697/944/673 695/942/671 640/943/672
f 634/947/676 699/946/675 697/944/673 637/945/674
f 631/949/678 701/948/677 699/946/675 634/947/676
f 628/951/680 625/950/679 701/948/677 631/949/678
f 685/932/661 686/953/682 664/952/681 661/931/660
f 687/934/663 688/954/683 686/953/682 685/932/661
f 689/936/665 690/955/684 688/954/683 687/934/663
f 691/938/667 692/956/685 690/955/684 689/936/665
f 693/940/669 694/957/686 692/956/685 691/938/667
f 695/942/671 696/958/687 694/957/686 693/940/669
f 697/944/673 698/959/688 696/958/687 695/942/671
f 699/946/675 700/960/689 698/959/688 697/944/673
f 701/948/677 702/961/690 700/960/689 699/946/675
f 625/950/679 622/962/691 702/961/690 701/948/677
f 686/953/682 592/964/693 589/963/692 664/952/681
f 688/954/683 595/965/694 592/964/693 686/953/682
f 690/955/684 598/966/695 595/965/694 688/954/683
f 692/956/685 601/967/696 598/966/695 690/955/684
f 694/957/686 604/968/697 601/967/696 692/956/685
f 696/958/687 607/969/698 604/968/697 694/957/686
f 698/959/688 610/970/699 607/969/698 696/958/687
f 700/960/689 613/971/700 610/970/699 698/959/688
f 702/961/690 616/972/701 613/971/700 700/960/689
f 622/962/691 619/973/702 616/972/701 702/961/690
f 706/977/706 707/976/705 704/975/704 703/974/703
f 709/979/708 710/978/707 707/976/705 706/977/706
f 712/981/710 713/980/709 710/978/707 709/979/708
f 715/983/712 716/982/711 713/980/709 712/981/710
f 718/985/714 719/984/713 716/982/711 715/983/712
f 721/987/716 722/986/715 719/984/713 718/985/714
f 724/989/718 725/988/717 722/986/715 721/987/716
f 727/991/720 728/990/719 725/988/717 724/989/718
f 730/993/722 731/992/721 728/990/719 727/991/720
f 733/995/724 734/994/723 731/992/721 730/993/722
f 707/976/705 708/997/726 705/996/725 704/975/704
f 710/978/707 711/998/727 708/997/726 707/976/705
f 713/980/709 714/999/728 711/998/727 710/978/707
f 716/982/711 717/1000/729 714/999/728 713/980/709
f 719/984/713 720/1001/730 717/1000/729 716/982/711
f 722/986/715 723/1002/731 720/1001/730 719/984/713
f 725/988/717 726/1003/732 723/1002/731 722/986/715
f 728/990/719 729/1004/733 726/1003/732 725/988/717
f 731/992/721 732/1005/734 729/1004/733 728/990/719
f 734/994/723 735/1006/735 732/1005/734 731/992/721
f 736/1010/736 737/1009/736 734/1008/736 733/1007/736
f 739/1012/736 740/1011/736 737/1009/736 736/1010/736
f 742/1014/736 743/1013/736 740/1011/736 739/1012/736
f 737/1009/736 738/1016/736 735/1015/736 734/1008/736
f 740/1011/736 741/1017/736 738/1016/736 737/1009/736
f 743/1013/736 744/1018/736 741/1017/736 740/1011/736
f 745/1022/740 746/1021/739 743/1020/738 742/1019/737
f 748/1024/742 749/1023/741 746/1021/739 745/1022/740
f 751/1026/744 752/1025/743 749/1023/741 748/1024/742
f 754/1028/746 755/1027/745 752/1025/743 751/1026/744
f 757/1030/748 758/1029/747 755/1027/745 754/1028/746
f 760/1032/750 761/1031/749 758/1029/747 757/1030/748
f 763/1034/752 764/1033/751 761/1031/749 760/1032/750
f 766/1036/754 767/1035/753 764/1033/751 763/1034/752
f 769/1038/756 770/1037/755 767/1035/753 766/1036/754
f 772/1040/758 773/1039/757 770/1037/755 769/1038/756
f 746/1021/739 747/1042/760 744/1041/759 743/1020/738
f 749/1023/741 750/1043/761 747/1042/760 746/1021/739
f 752/1025/743 753/1044/762 750/1043/761 749/1023/741
f 755/1027/745 756/1045/763 753/1044/762 752/1025/743
f 758/1029/747 759/1046/764 756/1045/763 755/1027/745
f 761/1031/749 762/1047/765 759/1046/764 758/1029/747
f 764/1033/751 765/1048/766 762/1047/765 761/1031/749
f 767/1035/753 768/1049/767 765/1048/766 764/1033/751
f 770/1037/755 771/1050/768 768/1049/767 767/1035/753
f 773/1039/757 774/1051/769 771/1050/768 770/1037/755
f 775/1055/770 776/1054/770 773/1053/770 772/1052/770
f 778/1057/771 779/1056/770 776/1054/770 775/1055/770
f 703/1059/771 704/1058/770 779/1056/770 778/1057/771
f 776/1054/770 777/1061/770 774/1060/770 773/1053/770
f 779/1056/770 780/1062/770 777/1061/770 776/1054/770
f 704/1058/770 705/1063/770 780/1062/770 779/1056/770
f 708/1067/775 781/1066/774 780/1065/773 705/1064/772
f 711/1069/777 783/1068/776 781/1066/774 708/1067/775
f 714/1071/779 785/1070/778 783/1068/776 711/1069/777
f 717/1073/781 787/1072/780 785/1070/778 714/1071/779
f 720/1075/783 789/1074/782 787/1072/780 717/1073/781
f 723/1077/785 791/1076/784 789/1074/782 720/1075/783
f 726/1079/787 793/1078/786 791/1076/784 723/1077/785
f 729/1081/789 795/1080/788 793/1078/786 726/1079/787
f 732/1083/791 797/1082/790 795/1080/788 729/1081/789
f 735/1085/793 738/1084/792 797/1082/790 732/1083/791
f 781/1066/774 782/1087/795 777/1086/794 780/1065/773
f 783/1068/776 784/1088/796 782/1087/795 781/1066/774
f 785/1070/778 786/1089/797 784/1088/796 783/1068/776
f 787/1072/780 788/1090/798 786/1089/797 785/1070/778
f 789/1074/782 790/1091/799 788/1090/798 787/1072/780
f 791/1076/784 792/1092/800 790/1091/799 789/1074/782
f 793/1078/786 794/1093/801 792/1092/800 791/1076/784
f 795/1080/788 796/1094/802 794/1093/801 793/1078/786
f 797/1082/790 798/1095/803 796/1094/802 795/1080/788
f 738/1084/792 741/1096/804 798/1095/803 797/1082/790
f 782/1087/795 771/1098/806 774/1097/805 777/1086/794
f 784/1088/796 768/1099/807 771/1098/806 782/1087/795
f 786/1089/797 765/1100/808 768/1099/807 784/1088/796
f 788/1090/798 762/1101/809 765/1100/808 786/1089/797
f 790/1091/799 759/1102/810 762/1101/809 788/1090/798
f 792/1092/800 756/1103/811 759/1102/810 790/1091/799
f 794/1093/801 753/1104/812 756/1103/811 792/1092/800
f 796/1094/802 750/1105/813 753/1104/812 794/1093/801
f 798/1095/803 747/1106/814 750/1105/813 796/1094/802
f 741/1096/804 744/1107/815 747/1106/814 798/1095/803
f 769/1111/819 799/1110/818 775/1109/817 772/1108/816
f 766/1113/821 801/1112/820 799/1110/818 769/1111/819
f 763/1115/823 803/1114/822 801/1112/820 766/1113/821
f 760/1117/825 805/1116/824 803/1114/822 763/1115/823
f 757/1119/827 807/1118/826 805/1116/824 760/1117/825
f 754/1121/829 809/1120/828 807/1118/826 757/1119/827
f 751/1123/831 811/1122/830 809/1120/828 754/1121/829
f 748/1125/833 813/1124/832 811/1122/830 751/1123/831
f 745/1127/835 815/1126/834 813/1124/832 748/1125/833
f 742/1129/837 739/1128/836 815/1126/834 745/1127/835
f 799/1110/818 800/1131/839 778/1130/838 775/1109/817
f 801/1112/820 802/1132/840 800/1131/839 799/1110/818
f 803/1114/822 804/1133/841 802/1132/840 801/1112/820
f 805/1116/824 806/1134/842 804/1133/841 803/1114/822
f 807/1118/826 808/1135/843 806/1134/842 805/1116/824
f 809/1120/828 810/1136/844 808/1135/843 807/1118/826
f 811/1122/830 812/1137/845 810/1136/844 809/1120/828
f 813/1124/832 814/1138/846 812/1137/845 811/1122/830
f 815/1126/834 816/1139/847 814/1138/846 813/1124/832
f 739/1128/836 736/1140/848 816/1139/847 815/1126/834
f 800/1131/839 706/1142/850 703/1141/849 778/1130/838
f 802/1132/840 709/1143/851 706/1142/850 800/1131/839
f 804/1133/841 712/1144/852 709/1143/851 802/1132/840
f 806/1134/842 715/1145/853 712/1144/852 804/1133/841
f 808/1135/843 718/1146/854 715/1145/853 806/1134/842
f 810/1136/844 721/1147/855 718/1146/854 808/1135/843
f 812/1137/845 724/1148/856 721/1147/855 810/1136/844
f 814/1138/846 727/1149/857 724/1148/856 812/1137/845
f 816/1139/847 730/1150/858 727/1149/857 814/1138/846
f 736/1140/848 733/1151/859 730/1150/858 816/1139/847
f 820/1155/863 821/1154/862 818/1153/861 817/1152/860
f 823/1157/865 824/1156/864 821/1154/862 820/1155/863
f 826/1159/867 827/1158/866 824/1156/864 823/1157/865
f 829/1161/869 830/1160/868 827/1158/866 826/1159/867
f 832/1163/871 833/1162/870 830/1160/868 829/1161/869
f 835/1165/873 836/1164/872 833/1162/870 832/1163/871
f 838/1167/875 839/1166/874 836/1164/872 835/1165/873
f 841/1169/877 842/1168/876 839/1166/874 838/1167/875
f 844/1171/879 845/1170/878 842/1168/876 841/1169/877
f 847/1173/881 848/1172/880 845/1170/878 844/1171/879
f 821/1154/862 822/1175/883 819/1174/882 818/1153/861
f 824/1156/864 825/1176/884 822/1175/883 821/1154/862
f 827/1158/866 828/1177/885 825/1176/884 824/1156/864
f 830/1160/868 831/1178/886 828/1177/885 827/1158/866
f 833/1162/870 834/1179/887 831/1178/886 830/1160/868
f 836/1164/872 837/1180/888 834/1179/887 833/1162/870
f 839/1166/874 840/1181/889 837/1180/888 836/1164/872
f 842/1168/876 843/1182/890 840/1181/889 839/1166/874
f 845/1170/878 846/1183/891 843/1182/890 842/1168/876
f 848/1172/880 849/1184/892 846/1183/891 845/1170/878
f 850/1188/893 851/1187/893 848/1186/893 847/1185/893
f 853/1190/893 854/1189/893 851/1187/893 850/1188/893
f 856/1192/893 857/1191/893 854/1189/893 853/1190/893
f 851/1187/893 852/1194/893 849/1193/893 848/1186/893
f 854/1189/893 855/1195/893 852/1194/893 851/1187/893
f 857/1191/893 858/1196/893 855/1195/893 854/1189/893
f 859/1200/897 860/1199/896 857/1198/895 856/1197/894
f 862/1202/899 863/1201/898 860/1199/896 859/1200/897
f 865/1204/901 866/1203/900 863/1201/898 862/1202/899
f 868/1206/903 869/1205/902 866/1203/900 865/1204/901
f 871/1208/905 872/1207/904 869/1205/902 868/1206/903
f 874/1210/907 875/1209/906 872/1207/904 871/1208/905
f 877/1212/909 878/1211/908 875/1209/906 874/1210/907
f 880/1214/911 881/1213/910 878/1211/908 877/1212/909
f 883/1216/913 884/1215/912 881/1213/910 880/1214/911
f 886/1218/915 887/1217/914 884/1215/912 883/1216/913
f 860/1199/896 861/1220/917 858/1219/916 857/1198/895
f 863/1201/898 864/1221/918 861/1220/917 860/1199/896
f 866/1203/900 867/1222/919 864/1221/918 863/1201/898
f 869/1205/902 870/1223/920 867/1222/919 866/1203/900
f 872/1207/904 873/1224/921 870/1223/920 869/1205/902
f 875/1209/906 876/1225/922 873/1224/921 872/1207/904
f 878/1211/908 879/1226/923 876/1225/922 875/1209/906
f 881/1213/910 882/1227/924 879/1226/923 878/1211/908
f 884/1215/912 885/1228/925 882/1227/924 881/1213/910
f 887/1217/914 888/1229/926 885/1228/925 884/1215/912
f 889/1233/928 890/1232/928 887/1231/928 886/1230/927
f 892/1235/929 893/1234/929 890/1232/928 889/1233/928
f 817/1237/929 818/1236/929 893/1234/929 892/1235/929
f 890/1232/928 891/1239/929 888/1238/930 887/1231/928
f 893/1234/929 894/1240/929 891/1239/929 890/1232/928
f 818/1236/929 819/1241/929 894/1240/929 893/1234/929
f 822/1245/934 895/1244/933 894/1243/932 819/1242/931
f 825/1247/936 897/1246/935 895/1244/933 822/1245/934
f 828/1249/938 899/1248/937 897/1246/935 825/1247/936
f 831/1251/940 901/1250/939 899/1248/937 828/1249/938
f 834/1253/942 903/1252/941 901/1250/939 831/1251/940
f 837/1255/944 905/1254/943 903/1252/941 834/1253/942
f 840/1257/946 907/1256/945 905/1254/943 837/1255/944
f 843/1259/948 909/1258/947 907/1256/945 840/1257/946
f 846/1261/950 911/1260/949 909/1258/947 843/1259/948
f 849/1263/952 852/1262/951 911/1260/949 846/1261/950
f 895/1244/933 896/1265/954 891/1264/953 894/1243/932
f 897/1246/935 898/1266/955 896/1265/954 895/1244/933
f 899/1248/937 900/1267/956 898/1266/955 897/1246/935
f 901/1250/939 902/1268/957 900/1267/956 899/1248/937
f 903/1252/941 904/1269/958 902/1268/957 901/1250/939
f 905/1254/943 906/1270/959 904/1269/958 903/1252/941
f 907/1256/945 908/1271/960 906/1270/959 905/1254/943
f 909/1258/947 910/1272/961 908/1271/960 907/1256/945
f 911/1260/949 912/1273/962 910/1272/961 909/1258/947
f 852/1262/951 855/1274/963 912/1273/962 911/1260/949
f 896/1265/954 885/1276/965 888/1275/964 891/1264/953
f 898/1266/955 882/1277/966 885/1276/965 896/1265/954
f 900/1267/956 879/1278/967 882/1277/966 898/1266/955
f 902/1268/957 876/1279/968 879/1278/967 900/1267/956
f 904/1269/958 873/1280/969 876/1279/968 902/1268/957
f 906/1270/959 870/1281/970 873/1280/969 904/1269/958
f 908/1271/960 867/1282/971 870/1281/970 906/1270/959
f 910/1272/961 864/1283/972 867/1282/971 908/1271/960
f 912/1273/962 861/1284/973 864/1283/972 910/1272/961
f 855/1274/963 858/1285/974 861/1284/973 912/1273/962
f 883/1289/978 913/1288/977 889/1287/976 886/1286/975
f 880/1291/980 915/1290/979 913/1288/977 883/1289/978
f 877/1293/982 917/1292/981 915/1290/979 880/1291/980
f 874/1295/984 919/1294/983 917/1292/981 877/1293/982
f 871/1297/986 921/1296/985 919/1294/983 874/1295/984
f 868/1299/988 923/1298/987 921/1296/985 871/1297/986
f 865/1301/990 925/1300/989 923/1298/987 868/1299/988
f 862/1303/992 927/1302/991 925/1300/989 865/1301/990
f 859/1305/994 929/1304/993 927/1302/991 862/1303/992
f 856/1307/996 853/1306/995 929/1304/993 859/1305/994
f 913/1288/977 914/1309/998 892/1308/997 889/1287/976
f 915/1290/979 916/1310/999 914/1309/998 913/1288/977
f 917/1292/981 918/1311/1000 916/1310/999 915/1290/979
f 919/1294/983 920/1312/1001 918/1311/1000 917/1292/981
f 921/1296/985 922/1313/1002 920/1312/1001 919/1294/983
f 923/1298/987 924/1314/1003 922/1313/1002 921/1296/985
f 925/1300/989 926/1315/1004 924/1314/1003 923/1298/987
f 927/1302/991 928/1316/1005 926/1315/1004 925/1300/989
f 929/1304/993 930/1317/1006 928/1316/1005 927/1302/991
f 853/1306/995 850/1318/1007 930/1317/1006 929/1304/993
f 914/1309/998 820/1320/1009 817/1319/1008 892/1308/997
f 916/1310/999 823/1321/1010 820/1320/1009 914/1309/998
f 918/1311/1000 826/1322/1011 823/1321/1010 916/1310/999
f 920/1312/1001 829/1323/1012 826/1322/1011 918/1311/1000
f 922/1313/1002 832/1324/1013 829/1323/1012 920/1312/1001
f 924/1314/1003 835/1325/1014 832/1324/1013 922/1313/1002
f 926/1315/1004 838/1326/1015 835/1325/1014 924/1314/1003
f 928/1316/1005 841/1327/1016 838/1326/1015 926/1315/1004
f 930/1317/1006 844/1328/1017 841/1327/1016 928/1316/1005
f 850/1318/1007 847/1329/1018 844/1328/1017 930/1317/1006
f 934/1333/1022 935/1332/1021 932/1331/1020 931/1330/1019
f 937/1335/1024 938/1334/1023 935/1332/1021 934/1333/1022
f 940/1337/1026 941/1336/1025 938/1334/1023 937/1335/1024
f 943/1339/1028 944/1338/1027 941/1336/1025 940/1337/1026
f 946/1341/1030 947/1340/1029 944/1338/1027 943/1339/1028
f 949/1343/1032 950/1342/1031 947/1340/1029 946/1341/1030
f 952/1345/1034 953/1344/1033 950/1342/1031 949/1343/1032
f 955/1347/1036 956/1346/1035 953/1344/1033 952/1345/1034
f 958/1349/1038 959/1348/1037 956/1346/1035 955/1347/1036
f 961/1351/1040 962/1350/1039 959/1348/1037 958/1349/1038
f 935/1332/1021 936/1353/1042 933/1352/1041 932/1331/1020
f 938/1334/1023 939/1354/1043 936/1353/1042 935/1332/1021
f 941/1336/1025 942/1355/1044 939/1354/1043 938/1334/1023
f 944/1338/1027 945/1356/1045 942/1355/1044 941/1336/1025
f 947/1340/1029 948/1357/1046 945/1356/1045 944/1338/1027
f 950/1342/1031 951/1358/1047 948/1357/1046 947/1340/1029
f 953/1344/1033 954/1359/1048 951/1358/1047 950/1342/1031
f 956/1346/1035 957/1360/1049 954/1359/1048 953/1344/1033
f 959/1348/1037 960/1361/1050 957/1360/1049 956/1346/1035
f 962/1350/1039 963/1362/1051 960/1361/1050 959/1348/1037
f 964/1366/1052 965/1365/1052 962/1364/1052 961/1363/1052
f 967/1368/1052 968/1367/1052 965/1365/1052 964/1366/1052
f 970/1370/1052 971/1369/1052 968/1367/1052 967/1368/1052
f 965/1365/1052 966/1372/1052 963/1371/1052 962/1364/1052
f 968/1367/1052 969/1373/1052 966/1372/1052 965/1365/1052
f 971/1369/1052 972/1374/1052 969/1373/1052 968/1367/1052
f 973/1378/1056 974/1377/1055 971/1376/1054 970/1375/1053
f 976/1380/1058 977/1379/1057 974/1377/1055 973/1378/1056
f 979/1382/1060 980/1381/1059 977/1379/1057 976/1380/1058
f 982/1384/1062 983/1383/1061 980/1381/1059 979/1382/1060
f 985/1386/1064 986/1385/1063 983/1383/1061 982/1384/1062
f 988/1388/1066 989/1387/1065 986/1385/1063 985/1386/1064
f 991/1390/1068 992/1389/1067 989/1387/1065 988/1388/1066
f 994/1392/1070 995/1391/1069 992/1389/1067 991/1390/1068
f 997/1394/1072 998/1393/1071 995/1391/1069 994/1392/1070
f 1000/1396/1074 1001/1395/1073 998/1393/1071 997/1394/1072
f 974/1377/1055 975/1398/1076 972/1397/1075 971/1376/1054
f 977/1379/1057 978/1399/1077 975/1398/1076 974/1377/1055
f 980/1381/1059 981/1400/1078 978/1399/1077 977/1379/1057
f 983/1383/1061 984/1401/1079 981/1400/1078 980/1381/1059
f 986/1385/1063 987/1402/1080 984/1401/1079 983/1383/1061
f 989/1387/1065 990/1403/1081 987/1402/1080 986/1385/1063
f 992/1389/1067 993/1404/1082 990/1403/1081 989/1387/1065
f 995/1391/1069 996/1405/1083 993/1404/1082 992/1389/1067
f 998/1393/1071 999/1406/1084 996/1405/1083 995/1391/1069
f 1001/1395/1073 1002/1407/1085 999/1406/1084 998/1393/1071
f 1003/1411/1086 1004/1410/1086 1001/1409/1086 1000/1408/1086
f 1006/1413/1086 1007/1412/1086 1004/1410/1086 1003/1411/1086
f 931/1415/1086 932/1414/1086 1007/1412/1086 1006/1413/1086
f 1004/1410/1086 1005/1417/1087 1002/1416/1086 1001/1409/1086
f 1007/1412/1086 1008/1418/1087 1005/1417/1087 1004/1410/1086
f 932/1414/1086 933/1419/1087 1008/1418/1087 1007/1412/1086
f 936/1423/1091 1009/1422/1090 1008/1421/1089 933/1420/1088
f 939/1425/1093 1011/1424/1092 1009/1422/1090 936/1423/1091
f 942/1427/1095 1013/1426/1094 1011/1424/1092 939/1425/1093
f 945/1429/1097 1015/1428/1096 1013/1426/1094 942/1427/1095
f 948/1431/1099 1017/1430/1098 1015/1428/1096 945/1429/1097
f 951/1433/1101 1019/1432/1100 1017/1430/1098 948/1431/1099
f 954/1435/1103 1021/1434/1102 1019/1432/1100 951/1433/1101
f 957/1437/1105 1023/1436/1104 1021/1434/1102 954/1435/1103
f 960/1439/1107 1025/1438/1106 1023/1436/1104 957/1437/1105
f 963/1441/1109 966/1440/1108 1025/1438/1106 960/1439/1107
f 1009/1422/1090 1010/1443/1111 1005/1442/1110 1008/1421/1089
f 1011/1424/1092 1012/1444/1112 1010/1443/1111 1009/1422/1090
f 1013/1426/1094 1014/1445/1113 1012/1444/1112 1011/1424/1092
f 1015/1428/1096 1016/1446/1114 1014/1445/1113 1013/1426/1094
f 1017/1430/1098 1018/1447/1115 1016/1446/1114 1015/1428/1096
f 1019/1432/1100 1020/1448/1116 1018/1447/1115 1017/1430/1098
f 1021/1434/1102 1022/1449/1117 1020/1448/1116 1019/1432/1100
f 1023/1436/1104 1024/1450/1118 1022/1449/1117 1021/1434/1102
f 1025/1438/1106 1026/1451/1119 1024/1450/1118 1023/1436/1104
f 966/1440/1108 969/1452/1120 1026/1451/1119 1025/1438/1106
f 1010/1443/1111 999/1454/1122 1002/1453/1121 1005/1442/1110
f 1012/1444/1112 996/1455/1123 999/1454/1122 1010/1443/1111
f 1014/1445/1113 993/1456/1124 996/1455/1123 1012/1444/1112
f 1016/1446/1114 990/1457/1125 993/1456/1124 1014/1445/1113
f 1018/1447/1115 987/1458/1126 990/1457/1125 1016/1446/1114
f 1020/1448/1116 984/1459/1127 987/1458/1126 1018/1447/1115
f 1022/1449/1117 981/1460/1128 984/1459/1127 1020/1448/1116
f 1024/1450/1118 978/1461/1129 981/1460/1128 1022/1449/1117
f 1026/1451/1119 975/1462/1130 978/1461/1129 1024/1450/1118
f 969/1452/1120 972/1463/1131 975/1462/1130 1026/1451/1119
f 997/1467/1135 1027/1466/1134 1003/1465/1133 1000/1464/1132
f 994/1469/1137 1029/1468/1136 1027/1466/1134 997/1467/1135
f 991/1471/1139 1031/1470/1138 1029/1468/1136 994/1469/1137
f 988/1473/1141 1033/1472/1140 1031/1470/1138 991/1471/1139
f 985/1475/1143 1035/1474/1142 1033/1472/1140 988/1473/1141
f 982/1477/1145 1037/1476/1144 1035/1474/1142 985/1475/1143
f 979/1479/1147 1039/1478/1146 1037/1476/1144 982/1477/1145
f 976/1481/1149 1041/1480/1148 1039/1478/1146 979/1479/1147
f 973/1483/1151 1043/1482/1150 1041/1480/1148 976/1481/1149
f 970/1485/1153 967/1484/1152 1043/1482/1150 973/1483/1151
f 1027/1466/1134 1028/1487/1155 1006/1486/1154 1003/1465/1133
f 1029/1468/1136 1030/1488/1156 1028/1487/1155 1027/1466/1134
f 1031/1470/1138 1032/1489/1157 1030/1488/1156 1029/1468/1136
f 1033/1472/1140 1034/1490/1158 1032/1489/1157 1031/1470/1138
f 1035/1474/1142 1036/1491/1159 1034/1490/1158 1033/1472/1140
f 1037/1476/1144 1038/1492/1160 1036/1491/1159 1035/1474/1142
f 1039/1478/1146 1040/1493/1161 1038/1492/1160 1037/1476/1144
f 1041/1480/1148 1042/1494/1162 1040/1493/1161 1039/1478/1146
f 1043/1482/1150 1044/1495/1163 1042/1494/1162 1041/1480/1148
f 967/1484/1152 964/1496/1164 1044/1495/1163 1043/1482/1150
f 1028/1487/1155 934/1333/1166 931/1330/1165 1006/1486/1154
f 1030/1488/1156 937/1335/1167 934/1333/1166 1028/1487/1155
f 1032/1489/1157 940/1337/1168 937/1335/1167 1030/1488/1156
f 1034/1490/1158 943/1339/1169 940/1337/1168 1032/1489/1157
f 1036/1491/1159 946/1341/1170 943/1339/1169 1034/1490/1158
f 1038/1492/1160 949/1343/1171 946/1341/1170 1036/1491/1159
f 1040/1493/1161 952/1345/1172 949/1343/1171 1038/1492/1160
f 1042/1494/1162 955/1347/1173 952/1345/1172 1040/1493/1161
f 1044/1495/1163 958/1349/1174 955/1347/1173 1042/1494/1162
f 964/1496/1164 961/1351/1175 958/1349/1174 1044/1495/1163
f 1048/1500/1179 1049/1499/1178 1046/1498/1177 1045/1497/1176
f 1051/1502/1181 1052/1501/1180 1049/1499/1178 1048/1500/1179
f 1054/1504/1183 1055/1503/1182 1052/1501/1180 1051/1502/1181
f 1057/1506/1185 1058/1505/1184 1055/1503/1182 1054/1504/1183
f 1060/1508/1187 1061/1507/1186 1058/1505/1184 1057/1506/1185
f 1063/1510/1189 1064/1509/1188 1061/1507/1186 1060/1508/1187
f 1066/1512/1191 1067/1511/1190 1064/1509/1188 1063/1510/1189
f 1069/1514/1193 1070/1513/1192 1067/1511/1190 1066/1512/1191
f 1072/1516/1195 1073/1515/1194 1070/1513/1192 1069/1514/1193
f 1075/1518/1197 1076/1517/1196 1073/1515/1194 1072/1516/1195
f 1049/1499/1178 1050/1520/1199 1047/1519/1198 1046/1498/1177
f 1052/1501/1180 1053/1521/1200 1050/1520/1199 1049/1499/1178
f 1055/1503/1182 1056/1522/1201 1053/1521/1200 1052/1501/1180
f 1058/1505/1184 1059/1523/1202 1056/1522/1201 1055/1503/1182
f 1061/1507/1186 1062/1524/1203 1059/1523/1202 1058/1505/1184
f 1064/1509/1188 1065/1525/1204 1062/1524/1203 1061/1507/1186
f 1067/1511/1190 1068/1526/1205 1065/1525/1204 1064/1509/1188
f 1070/1513/1192 1071/1527/1206 1068/1526/1205 1067/1511/1190
f 1073/1515/1194 1074/1528/1207 1071/1527/1206 1070/1513/1192
f 1076/1517/1196 1077/1529/1208 1074/1528/1207 1073/1515/1194
f 1078/1533/1209 1079/1532/1209 1076/1531/1209 1075/1530/1209
f 1081/1535/1209 1082/1534/1209 1079/1532/1209 1078/1533/1209
f 1084/1537/1209 1085/1536/1209 1082/1534/1209 1081/1535/1209
f 1079/1532/1209 1080/1539/1209 1077/1538/1209 1076/1531/1209
f 1082/1534/1209 1083/1540/1209 1080/1539/1209 1079/1532/1209
f 1085/1536/1209 1086/1541/1209 1083/1540/1209 1082/1534/1209
f 1087/1545/1213 1088/1544/1212 1085/1543/1211 1084/1542/1210
f 1090/1547/1215 1091/1546/1214 1088/1544/1212 1087/1545/1213
f 1093/1549/1217 1094/1548/1216 1091/1546/1214 1090/1547/1215
f 1096/1551/1219 1097/1550/1218 1094/1548/1216 1093/1549/1217
f 1099/1553/1221 1100/1552/1220 1097/1550/1218 1096/1551/1219
f 1102/1555/1223 1103/1554/1222 1100/1552/1220 1099/1553/1221
f 1105/1557/1225 1106/1556/1224 1103/1554/1222 1102/1555/1223
f 1108/1559/1227 1109/1558/1226 1106/1556/1224 1105/1557/1225
f 1111/1561/1229 1112/1560/1228 1109/1558/1226 1108/1559/1227
f 1114/1563/1231 1115/1562/1230 1112/1560/1228 1111/1561/1229
f 1088/1544/1212 1089/1565/1233 1086/1564/1232 1085/1543/1211
f 1091/1546/1214 1092/1566/1234 1089/1565/1233 1088/1544/1212
f 1094/1548/1216 1095/1567/1235 1092/1566/1234 1091/1546/1214
f 1097/1550/1218 1098/1568/1236 1095/1567/1235 1094/1548/1216
f 1100/1552/1220 1101/1569/1237 1098/1568/1236 1097/1550/1218
f 1103/1554/1222 1104/1570/1238 1101/1569/1237 1100/1552/1220
f 1106/1556/1224 1107/1571/1239 1104/1570/1238 1103/1554/1222
f 1109/1558/1226 1110/1572/1240 1107/1571/1239 1106/1556/1224
f 1112/1560/1228 1113/1573/1241 1110/1572/1240 1109/1558/1226
f 1115/1562/1230 1116/1574/1242 1113/1573/1241 1112/1560/1228
f 1117/1578/1243 1118/1577/1244 1115/1576/1244 1114/1575/1243
f 1120/1580/1243 1121/1579/1244 1118/1577/1244 1117/1578/1243
f 1045/1582/1244 1046/1581/1244 1121/1579/1244 1120/1580/1243
f 1118/1577/1244 1119/1584/1244 1116/1583/1244 1115/1576/1244
f 1121/1579/1244 1122/1585/1244 1119/1584/1244 1118/1577/1244
f 1046/1581/1244 1047/1586/1244 1122/1585/1244 1121/1579/1244
f 1050/1590/1248 1123/1589/1247 1122/1588/1246 1047/1587/1245
f 1053/1592/1250 1125/1591/1249 1123/1589/1247 1050/1590/1248
f 1056/1594/1252 1127/1593/1251 1125/1591/1249 1053/1592/1250
f 1059/1596/1254 1129/1595/1253 1127/1593/1251 1056/1594/1252
f 1062/1598/1256 1131/1597/1255 1129/1595/1253 1059/1596/1254
f 1065/1600/1258 1133/1599/1257 1131/1597/1255 1062/1598/1256
f 1068/1602/1260 1135/1601/1259 1133/1599/1257 1065/1600/1258
f 1071/1604/1262 1137/1603/1261 1135/1601/1259 1068/1602/1260
f 1074/1606/1264 1139/1605/1263 1137/1603/1261 1071/1604/1262
f 1077/1608/1266 1080/1607/1265 1139/1605/1263 1074/1606/1264
f 1123/1589/1247 1124/1610/1268 1119/1609/1267 1122/1588/1246
f 1125/1591/1249 1126/1611/1269 1124/1610/1268 1123/1589/1247
f 1127/1593/1251 1128/1612/1270 1126/1611/1269 1125/1591/1249
f 1129/1595/1253 1130/1613/1271 1128/1612/1270 1127/1593/1251
f 1131/1597/1255 1132/1614/1272 1130/1613/1271 1129/1595/1253
f 1133/1599/1257 1134/1615/1273 1132/1614/1272 1131/1597/1255
f 1135/1601/1259 1136/1616/1274 1134/1615/1273 1133/1599/1257
f 1137/1603/1261 1138/1617/1275 1136/1616/1274 1135/1601/1259
f 1139/1605/1263 1140/1618/1276 1138/1617/1275 1137/1603/1261
f 1080/1607/1265 1083/1619/1277 1140/1618/1276 1139/1605/1263
f 1124/1610/1268 1113/1621/1279 1116/1620/1278 1119/1609/1267
f 1126/1611/1269 1110/1622/1280 1113/1621/1279 1124/1610/1268
f 1128/1612/1270 1107/1623/1281 1110/1622/1280 1126/1611/1269
f 1130/1613/1271 1104/1624/1282 1107/1623/1281 1128/1612/1270
f 1132/1614/1272 1101/1625/1283 1104/1624/1282 1130/1613/1271
f 1134/1615/1273 1098/1626/1284 1101/1625/1283 1132/1614/1272
f 1136/1616/1274 1095/1627/1285 1098/1626/1284 1134/1615/1273
f 1138/1617/1275 1092/1628/1286 1095/1627/1285 1136/1616/1274
f 1140/1618/1276 1089/1629/1287 1092/1628/1286 1138/1617/1275
f 1083/1619/1277 1086/1630/1288 1089/1629/1287 1140/1618/1276
f 1111/1634/1292 1141/1633/1291 1117/1632/1290 1114/1631/1289
f 1108/1636/1294 1143/1635/1293 1141/1633/1291 1111/1634/1292
f 1105/1638/1296 1145/1637/1295 1143/1635/1293 1108/1636/1294
f 1102/1640/1298 1147/1639/1297 1145/1637/1295 1105/1638/1296
f 1099/1642/1300 1149/1641/1299 1147/1639/1297 1102/1640/1298
f 1096/1644/1302 1151/1643/1301 1149/1641/1299 1099/1642/1300
f 1093/1646/1304 1153/1645/1303 1151/1643/1301 1096/1644/1302
f 1090/1648/1306 1155/1647/1305 1153/1645/1303 1093/1646/1304
f 1087/1650/1308 1157/1649/1307 1155/1647/1305 1090/1648/1306
f 1084/1652/1310 1081/1651/1309 1157/1649/1307 1087/1650/1308
f 1141/1633/1291 1142/1654/1312 1120/1653/1311 1117/1632/1290
f 1143/1635/1293 1144/1655/1313 1142/1654/1312 1141/1633/1291
f 1145/1637/1295 1146/1656/1314 1144/1655/1313 1143/1635/1293
f 1147/1639/1297 1148/1657/1315 1146/1656/1314 1145/1637/1295
f 1149/1641/1299 1150/1658/1316 1148/1657/1315 1147/1639/1297
f 1151/1643/1301 1152/1659/1317 1150/1658/1316 1149/1641/1299
f 1153/1645/1303 1154/1660/1318 1152/1659/1317 1151/1643/1301
f 1155/1647/1305 1156/1661/1319 1154/1660/1318 1153/1645/1303
f 1157/1649/1307 1158/1662/1320 1156/1661/1319 1155/1647/1305
f 1081/1651/1309 1078/1663/1321 1158/1662/1320 1157/1649/1307
f 1142/1654/1312 1048/1665/1323 1045/1664/1322 1120/1653/1311
f 1144/1655/1313 1051/1666/1324 1048/1665/1323 1142/1654/1312
f 1146/1656/1314 1054/1667/1325 1051/1666/1324 1144/1655/1313
f 1148/1657/1315 1057/1668/1326 1054/1667/1325 1146/1656/1314
f 1150/1658/1316 1060/1669/1327 1057/1668/1326 1148/1657/1315
f 1152/1659/1317 1063/1670/1328 1060/1669/1327 1150/1658/1316
f 1154/1660/1318 1066/1671/1329 1063/1670/1328 1152/1659/1317
f 1156/1661/1319 1069/1672/1330 1066/1671/1329 1154/1660/1318
f 1158/1662/1320 1072/1673/1331 1069/1672/1330 1156/1661/1319
f 1078/1663/1321 1075/1674/1332 1072/1673/1331 1158/1662/1320
f 1162/1678/1336 1163/1677/1335 1160/1676/1334 1159/1675/1333
f 1165/1680/1338 1166/1679/1337 1163/1677/1335 1162/1678/1336
f 1168/1682/1340 1169/1681/1339 1166/1679/1337 1165/1680/1338
f 1171/1684/1342 1172/1683/1341 1169/1681/1339 1168/1682/1340
f 1174/1686/1344 1175/1685/1343 1172/1683/1341 1171/1684/1342
f 1177/1688/1346 1178/1687/1345 1175/1685/1343 1174/1686/1344
f 1180/1690/1348 1181/1689/1347 1178/1687/1345 1177/1688/1346
f 1183/1692/1350 1184/1691/1349 1181/1689/1347 1180/1690/1348
f 1186/1694/1352 1187/1693/1351 1184/1691/1349 1183/1692/1350
f 1189/1696/1354 1190/1695/1353 1187/1693/1351 1186/1694/1352
f 1163/1677/1335 1164/1698/1356 1161/1697/1355 1160/1676/1334
f 1166/1679/1337 1167/1699/1357 1164/1698/1356 1163/1677/1335
f 1169/1681/1339 1170/1700/1358 1167/1699/1357 1166/1679/1337
f 1172/1683/1341 1173/1701/1359 1170/1700/1358 1169/1681/1339
f 1175/1685/1343 1176/1702/1360 1173/1701/1359 1172/1683/1341
f 1178/1687/1345 1179/1703/1361 1176/1702/1360 1175/1685/1343
f 1181/1689/1347 1182/1704/1362 1179/1703/1361 1178/1687/1345
f 1184/1691/1349 1185/1705/1363 1182/1704/1362 1181/1689/1347
f 1187/1693/1351 1188/1706/1364 1185/1705/1363 1184/1691/1349
f 1190/1695/1353 1191/1707/1365 1188/1706/1364 1187/1693/1351
f 1192/1711/1366 1193/1710/1366 1190/1709/1366 1189/1708/1366
f 1195/1713/1366 1196/1712/1366 1193/1710/1366 1192/1711/1366
f 1198/1715/1366 1199/1714/1366 1196/1712/1366 1195/1713/1366
f 1193/1710/1366 1194/1717/1366 1191/1716/1366 1190/1709/1366
f 1196/1712/1366 1197/1718/1366 1194/1717/1366 1193/1710/1366
f 1199/1714/1366 1200/1719/1366 1197/1718/1366 1196/1712/1366
f 1201/1723/1370 1202/1722/1369 1199/1721/1368 1198/1720/1367
f 1204/1725/1372 1205/1724/1371 1202/1722/1369 1201/1723/1370
f 1207/1727/1374 1208/1726/1373 1205/1724/1371 1204/1725/1372
f 1210/1729/1376 1211/1728/1375 1208/1726/1373 1207/1727/1374
f 1213/1731/1378 1214/1730/1377 1211/1728/1375 1210/1729/1376
f 1216/1733/1380 1217/1732/1379 1214/1730/1377 1213/1731/1378
f 1219/1735/1382 1220/1734/1381 1217/1732/1379 1216/1733/1380
f 1222/1737/1384 1223/1736/1383 1220/1734/1381 1219/1735/1382
f 1225/1739/1386 1226/1738/1385 1223/1736/1383 1222/1737/1384
f 1228/1741/1388 1229/1740/1387 1226/1738/1385 1225/1739/1386
f 1202/1722/1369 1203/1743/1390 1200/1742/1389 1199/1721/1368
f 1205/1724/1371 1206/1744/1391 1203/1743/1390 1202/1722/1369
f 1208/1726/1373 1209/1745/1392 1206/1744/1391 1205/1724/1371
f 1211/1728/1375 1212/1746/1393 1209/1745/1392 1208/1726/1373
f 1214/1730/1377 1215/1747/1394 1212/1746/1393 1211/1728/1375
f 1217/1732/1379 1218/1748/1395 1215/1747/1394 1214/1730/1377
f 1220/1734/1381 1221/1749/1396 1218/1748/1395 1217/1732/1379
f 1223/1736/1383 1224/1750/1397 1221/1749/1396 1220/1734/1381
f 1226/1738/1385 1227/1751/1398 1224/1750/1397 1223/1736/1383
f 1229/1740/1387 1230/1752/1399 1227/1751/1398 1226/1738/1385
f 1231/1756/1400 1232/1755/1400 1229/1754/1400 1228/1753/1400
f 1234/1758/1400 1235/1757/1401 1232/1755/1400 1231/1756/1400
f 1159/1760/1402 1160/1759/1401 1235/1757/1401 1234/1758/1400
f 1232/1755/1400 1233/1762/1400 1230/1761/1400 1229/1754/1400
f 1235/1757/1401 1236/1763/1401 1233/1762/1400 1232/1755/1400
f 1160/1759/1401 1161/1764/1403 1236/1763/1401 1235/1757/1401
f 1164/1768/1407 1237/1767/1406 1236/1766/1405 1161/1765/1404
f 1167/1770/1409 1239/1769/1408 1237/1767/1406 1164/1768/1407
f 1170/1772/1411 1241/1771/1410 1239/1769/1408 1167/1770/1409
f 1173/1774/1413 1243/1773/1412 1241/1771/1410 1170/1772/1411
f 1176/1776/1415 1245/1775/1414 1243/1773/1412 1173/1774/1413
f 1179/1778/1417 1247/1777/1416 1245/1775/1414 1176/1776/1415
f 1182/1780/1419 1249/1779/1418 1247/1777/1416 1179/1778/1417
f 1185/1782/1421 1251/1781/1420 1249/1779/1418 1182/1780/1419
f 1188/1784/1423 1253/1783/1422 1251/1781/1420 1185/1782/1421
f 1191/1786/1425 1194/1785/1424 1253/1783/1422 1188/1784/1423
f 1237/1767/1406 1238/1788/1427 1233/1787/1426 1236/1766/1405
f 1239/1769/1408 1240/1789/1428 1238/1788/1427 1237/1767/1406
f 1241/1771/1410 1242/1790/1429 1240/1789/1428 1239/1769/1408
f 1243/1773/1412 1244/1791/1430 1242/1790/1429 1241/1771/1410
f 1245/1775/1414 1246/1792/1431 1244/1791/1430 1243/1773/1412
f 1247/1777/1416 1248/1793/1432 1246/1792/1431 1245/1775/1414
f 1249/1779/1418 1250/1794/1433 1248/1793/1432 1247/1777/1416
f 1251/1781/1420 1252/1795/1434 1250/1794/1433 1249/1779/1418
f 1253/1783/1422 1254/1796/1435 1252/1795/1434 1251/1781/1420
f 1194/1785/1424 1197/1797/1436 1254/1796/1435 1253/1783/1422
f 1238/1788/1427 1227/1799/1438 1230/1798/1437 1233/1787/1426
f 1240/1789/1428 1224/1800/1439 1227/1799/1438 1238/1788/1427
f 1242/1790/1429 1221/1801/1440 1224/1800/1439 1240/1789/1428
f 1244/1791/1430 1218/1802/1441 1221/1801/1440 1242/1790/1429
f 1246/1792/1431 1215/1803/1442 1218/1802/1441 1244/1791/1430
f 1248/1793/1432 1212/1804/1443 1215/1803/1442 1246/1792/1431
f 1250/1794/1433 1209/1805/1444 1212/1804/1443 1248/1793/1432
f 1252/1795/1434 1206/1806/1445 1209/1805/1444 1250/1794/1433
f 1254/1796/1435 1203/1807/1446 1206/1806/1445 1252/1795/1434
f 1197/1797/1436 1200/1808/1447 1203/1807/1446 1254/1796/1435
f 1225/1812/1451 1255/1811/1450 1231/1810/1449 1228/1809/1448
f 1222/1814/1453 1257/1813/1452 1255/1811/1450 1225/1812/1451
f 1219/1816/1455 1259/1815/1454 1257/1813/1452 1222/1814/1453
f 1216/1818/1457 1261/1817/1456 1259/1815/1454 1219/1816/1455
f 1213/1820/1459 1263/1819/1458 1261/1817/1456 1216/1818/1457
f 1210/1822/1461 1265/1821/1460 1263/1819/1458 1213/1820/1459
f 1207/1824/1463 1267/1823/1462 1265/1821/1460 1210/1822/1461
f 1204/1826/1465 1269/1825/1464 1267/1823/1462 1207/1824/1463
f 1201/1828/1467 1271/1827/1466 1269/1825/1464 1204/1826/1465
f 1198/1830/1469 1195/1829/1468 1271/1827/1466 1201/1828/1467
f 1255/1811/1450 1256/1832/1471 1234/1831/1470 1231/1810/1449
f 1257/1813/1452 1258/1833/1472 1256/1832/1471 1255/1811/1450
f 1259/1815/1454 1260/1834/1473 1258/1833/1472 1257/1813/1452
f 1261/1817/1456 1262/1835/1474 1260/1834/1473 1259/1815/1454
f 1263/1819/1458 1264/1836/1475 1262/1835/1474 1261/1817/1456
f 1265/1821/1460 1266/1837/1476 1264/1836/1475 1263/1819/1458
f 1267/1823/1462 1268/1838/1477 1266/1837/1476 1265/1821/1460
f 1269/1825/1464 1270/1839/1478 1268/1838/1477 1267/1823/1462
f 1271/1827/1466 1272/1840/1479 1270/1839/1478 1269/1825/1464
f 1195/1829/1468 1192/1841/1480 1272/1840/1479 1271/1827/1466
f 1256/1832/1471 1162/1843/1482 1159/1842/1481 1234/1831/1470
f 1258/1833/1472 1165/1844/1483 1162/1843/1482 1256/1832/1471
f 1260/1834/1473 1168/1845/1484 1165/1844/1483 1258/1833/1472
f 1262/1835/1474 1171/1846/1485 1168/1845/1484 1260/1834/1473
f 1264/1836/1475 1174/1847/1486 1171/1846/1485 1262/1835/1474
f 1266/1837/1476 1177/1848/1487 1174/1847/1486 1264/1836/1475
f 1268/1838/1477 1180/1849/1488 1177/1848/1487 1266/1837/1476
f 1270/1839/1478 1183/1850/1489 1180/1849/1488 1268/1838/1477
f 1272/1840/1479 1186/1851/1490 1183/1850/1489 1270/1839/1478
f 1192/1841/1480 1189/1852/1491 1186/1851/1490 1272/1840/1479
f 1276/1856/1495 1277/1855/1494 1274/1854/1493 1273/1853/1492
f 1279/1858/1497 1280/1857/1496 1277/1855/1494 1276/1856/1495
f 1282/1860/1499 1283/1859/1498 1280/1857/1496 1279/1858/1497
f 1285/1862/1501 1286/1861/1500 1283/1859/1498 1282/1860/1499
f 1288/1864/1503 1289/1863/1502 1286/1861/1500 1285/1862/1501
f 1291/1866/1505 1292/1865/1504 1289/1863/1502 1288/1864/1503
f 1294/1868/1507 1295/1867/1506 1292/1865/1504 1291/1866/1505
f 1297/1870/1509 1298/1869/1508 1295/1867/1506 1294/1868/1507
f 1300/1872/1511 1301/1871/1510 1298/1869/1508 1297/1870/1509
f 1303/1874/1513 1304/1873/1512 1301/1871/1510 1300/1872/1511
f 1277/1855/1494 1278/1876/1515 1275/1875/1514 1274/1854/1493
f 1280/1857/1496 1281/1877/1516 1278/1876/1515 1277/1855/1494
f 1283/1859/1498 1284/1878/1517 1281/1877/1516 1280/1857/1496
f 1286/1861/1500 1287/1879/1518 1284/1878/1517 1283/1859/1498
f 1289/1863/1502 1290/1880/1519 1287/1879/1518 1286/1861/1500
f 1292/1865/1504 1293/1881/1520 1290/1880/1519 1289/1863/1502
f 1295/1867/1506 1296/1882/1521 1293/1881/1520 1292/1865/1504
f 1298/1869/1508 1299/1883/1522 1296/1882/1521 1295/1867/1506
f 1301/1871/1510 1302/1884/1523 1299/1883/1522 1298/1869/1508
f 1304/1873/1512 1305/1885/1524 1302/1884/1523 1301/1871/1510
f 1306/1889/1525 1307/1888/1525 1304/1887/1525 1303/1886/1525
f 1309/1891/1525 1310/1890/1525 1307/1888/1525 1306/1889/1525
f 1312/1893/1525 1313/1892/1525 1310/1890/1525 1309/1891/1525
f 1307/1888/1525 1308/1895/1525 1305/1894/1525 1304/1887/1525
f 1310/1890/1525 1311/1896/1525 1308/1895/1525 1307/1888/1525
f 1313/1892/1525 1314/1897/1525 1311/1896/1525 1310/1890/1525
f 1315/1901/1529 1316/1900/1528 1313/1899/1527 1312/1898/1526
f 1318/1903/1531 1319/1902/1530 1316/1900/1528 1315/1901/1529
f 1321/1905/1533 1322/1904/1532 1319/1902/1530 1318/1903/1531
f 1324/1907/1535 1325/1906/1534 1322/1904/1532 1321/1905/1533
f 1327/1909/1537 1328/1908/1536 1325/1906/1534 1324/1907/1535
f 1330/1911/1539 1331/1910/1538 1328/1908/1536 1327/1909/1537
f 1333/1913/1541 1334/1912/1540 1331/1910/1538 1330/1911/1539
f 1336/1915/1543 1337/1914/1542 1334/1912/1540 1333/1913/1541
f 1339/1917/1545 1340/1916/1544 1337/1914/1542 1336/1915/1543
f 1342/1919/1547 1343/1918/1546 1340/1916/1544 1339/1917/1545
f 1316/1900/1528 1317/1921/1549 1314/1920/1548 1313/1899/1527
f 1319/1902/1530 1320/1922/1550 1317/1921/1549 1316/1900/1528
f 1322/1904/1532 1323/1923/1551 1320/1922/1550 1319/1902/1530
f 1325/1906/1534 1326/1924/1552 1323/1923/1551 1322/1904/1532
f 1328/1908/1536 1329/1925/1553 1326/1924/1552 1325/1906/1534
f 1331/1910/1538 1332/1926/1554 1329/1925/1553 1328/1908/1536
f 1334/1912/1540 1335/1927/1555 1332/1926/1554 1331/1910/1538
f 1337/1914/1542 1338/1928/1556 1335/1927/1555 1334/1912/1540
f 1340/1916/1544 1341/1929/1557 1338/1928/1556 1337/1914/1542
f 1343/1918/1546 1344/1930/1558 1341/1929/1557 1340/1916/1544
f 1345/1934/1559 1346/1933/1559 1343/1932/1559 1342/1931/1559
f 1348/1936/1559 1349/1935/1559 1346/1933/1559 1345/1934/1559
f 1273/1938/1559 1274/1937/1559 1349/1935/1559 1348/1936/1559
f 1346/1933/1559 1347/1940/1560 1344/1939/1560 1343/1932/1559
f 1349/1935/1559 1350/1941/1559 1347/1940/1560 1346/1933/1559
f 1274/1937/1559 1275/1942/1559 1350/1941/1559 1349/1935/1559
f 1278/1946/1564 1351/1945/1563 1350/1944/1562 1275/1943/1561
f 1281/1948/1566 1353/1947/1565 1351/1945/1563 1278/1946/1564
f 1284/1950/1568 1355/1949/1567 1353/1947/1565 1281/1948/1566
f 1287/1952/1570 1357/1951/1569 1355/1949/1567 1284/1950/1568
f 1290/1954/1572 1359/1953/1571 1357/1951/1569 1287/1952/1570
f 1293/1956/1574 1361/1955/1573 1359/1953/1571 1290/1954/1572
f 1296/1958/1576 1363/1957/1575 1361/1955/1573 1293/1956/1574
f 1299/1960/1578 1365/1959/1577 1363/1957/1575 1296/1958/1576
f 1302/1962/1580 1367/1961/1579 1365/1959/1577 1299/1960/1578
f 1305/1964/1582 1308/1963/1581 1367/1961/1579 1302/1962/1580
f 1351/1945/1563 1352/1966/1584 1347/1965/1583 1350/1944/1562
f 1353/1947/1565 1354/1967/1585 1352/1966/1584 1351/1945/1563
f 1355/1949/1567 1356/1968/1586 1354/1967/1585 1353/1947/1565
f 1357/1951/1569 1358/1969/1587 1356/1968/1586 1355/1949/1567
f 1359/1953/1571 1360/1970/1588 1358/1969/1587 1357/1951/1569
f 1361/1955/1573 1362/1971/1589 1360/1970/1588 1359/1953/1571
f 1363/1957/1575 1364/1972/1590 1362/1971/1589 1361/1955/1573
f 1365/1959/1577 1366/1973/1591 1364/1972/1590 1363/1957/1575
f 1367/1961/1579 1368/1974/1592 1366/1973/1591 1365/1959/1577
f 1308/1963/1581 1311/1975/1593 1368/1974/1592 1367/1961/1579
f 1352/1966/1584 1341/1977/1595 1344/1976/1594 1347/1965/1583
f 1354/1967/1585 1338/1978/1596 1341/1977/1595 1352/1966/1584
f 1356/1968/1586 1335/1979/1597 1338/1978/1596 1354/1967/1585
f 1358/1969/1587 1332/1980/1598 1335/1979/1597 1356/1968/1586
f 1360/1970/1588 1329/1981/1599 1332/1980/1598 1358/1969/1587
f 1362/1971/1589 1326/1982/1600 1329/1981/1599 1360/1970/1588
f 1364/1972/1590 1323/1983/1601 1326/1982/1600 1362/1971/1589
f 1366/1973/1591 1320/1984/1602 1323/1983/1601 1364/1972/1590
f 1368/1974/1592 1317/1985/1603 1320/1984/1602 1366/1973/1591
f 1311/1975/1593 1314/1986/1604 1317/1985/1603 1368/1974/1592
f 1339/1990/1608 1369/1989/1607 1345/1988/1606 1342/1987/1605
f 1336/1992/1610 1371/1991/1609 1369/1989/1607 1339/1990/1608
f 1333/1994/1612 1373/1993/1611 1371/1991/1609 1336/1992/1610
f 1330/1996/1614 1375/1995/1613 1373/1993/1611 1333/1994/1612
f 1327/1998/1616 1377/1997/1615 1375/1995/1613 1330/1996/1614
f 1324/2000/1618 1379/1999/1617 1377/1997/1615 1327/1998/1616
f 1321/2002/1620 1381/2001/1619 1379/1999/1617 1324/2000/1618
f 1318/2004/1622 1383/2003/1621 1381/2001/1619 1321/2002/1620
f 1315/2006/1624 1385/2005/1623 1383/2003/1621 1318/2004/1622
f 1312/2008/1626 1309/2007/1625 1385/2005/1623 1315/2006/1624
f 1369/1989/1607 1370/2010/1628 1348/2009/1627 1345/1988/1606
f 1371/1991/1609 1372/2011/1629 1370/2010/1628 1369/1989/1607
f 1373/1993/1611 1374/2012/1630 1372/2011/1629 1371/1991/1609
f 1375/1995/1613 1376/2013/1631 1374/2012/1630 1373/1993/1611
f 1377/1997/1615 1378/2014/1632 1376/2013/1631 1375/1995/1613
f 1379/1999/1617 1380/2015/1633 1378/2014/1632 1377/1997/1615
f 1381/2001/1619 1382/2016/1634 1380/2015/1633 1379/1999/1617
f 1383/2003/1621 1384/2017/1635 1382/2016/1634 1381/2001/1619
f 1385/2005/1623 1386/2018/1636 1384/2017/1635 1383/2003/1621
f 1309/2007/1625 1306/2019/1637 1386/2018/1636 1385/2005/1623
f 1370/2010/1628 1276/2021/1639 1273/2020/1638 1348/2009/1627
f 1372/2011/1629 1279/2022/1640 1276/2021/1639 1370/2010/1628
f 1374/2012/1630 1282/2023/1641 1279/2022/1640 1372/2011/1629
f 1376/2013/1631 1285/2024/1642 1282/2023/1641 1374/2012/1630
f 1378/2014/1632 1288/2025/1643 1285/2024/1642 1376/2013/1631
f 1380/2015/1633 1291/2026/1644 1288/2025/1643 1378/2014/1632
f 1382/2016/1634 1294/2027/1645 1291/2026/1644 1380/2015/1633
f 1384/2017/1635 1297/2028/1646 1294/2027/1645 1382/2016/1634
f 1386/2018/1636 1300/2029/1647 1297/2028/1646 1384/2017/1635
f 1306/2019/1637 1303/2030/1648 1300/2029/1647 1386/2018/1636
f 1390/2034/1652 1391/2033/1651 1388/2032/1650 1387/2031/1649
f 1393/2036/1654 1394/2035/1653 1391/2033/1651 1390/2034/1652
f 1396/2038/1656 1397/2037/1655 1394/2035/1653 1393/2036/1654
f 1399/2040/1658 1400/2039/1657 1397/2037/1655 1396/2038/1656
f 1402/2042/1660 1403/2041/1659 1400/2039/1657 1399/2040/1658
f 1405/2044/1662 1406/2043/1661 1403/2041/1659 1402/2042/1660
f 1408/2046/1664 1409/2045/1663 1406/2043/1661 1405/2044/1662
f 1411/2048/1666 1412/2047/1665 1409/2045/1663 1408/2046/1664
f 1414/2050/1668 1415/2049/1667 1412/2047/1665 1411/2048/1666
f 1417/2052/1670 1418/2051/1669 1415/2049/1667 1414/2050/1668
f 1391/2033/1651 1392/2054/1672 1389/2053/1671 1388/2032/1650
f 1394/2035/1653 1395/2055/1673 1392/2054/1672 1391/2033/1651
f 1397/2037/1655 1398/2056/1674 1395/2055/1673 1394/2035/1653
f 1400/2039/1657 1401/2057/1675 1398/2056/1674 1397/2037/1655
f 1403/2041/1659 1404/2058/1676 1401/2057/1675 1400/2039/1657
f 1406/2043/1661 1407/2059/1677 1404/2058/1676 1403/2041/1659
f 1409/2045/1663 1410/2060/1678 1407/2059/1677 1406/2043/1661
f 1412/2047/1665 1413/2061/1679 1410/2060/1678 1409/2045/1663
f 1415/2049/1667 1416/2062/1680 1413/2061/1679 1412/2047/1665
f 1418/2051/1669 1419/2063/1681 1416/2062/1680 1415/2049/1667
f 1420/2067/1682 1421/2066/1682 1418/2065/1682 1417/2064/1682
f 1423/2069/1682 1424/2068/1682 1421/2066/1682 1420/2067/1682
f 1426/2071/1682 1427/2070/1682 1424/2068/1682 1423/2069/1682
f 1421/2066/1682 1422/2073/1682 1419/2072/1682 1418/2065/1682
f 1424/2068/1682 1425/2074/1682 1422/2073/1682 1421/2066/1682
f 1427/2070/1682 1428/2075/1682 1425/2074/1682 1424/2068/1682
f 1429/2079/1686 1430/2078/1685 1427/2077/1684 1426/2076/1683
f 1432/2081/1688 1433/2080/1687 1430/2078/1685 1429/2079/1686
f 1435/2083/1690 1436/2082/1689 1433/2080/1687 1432/2081/1688
f 1438/2085/1692 1439/2084/1691 1436/2082/1689 1435/2083/1690
f 1441/2087/1694 1442/2086/1693 1439/2084/1691 1438/2085/1692
f 1444/2089/1696 1445/2088/1695 1442/2086/1693 1441/2087/1694
f 1447/2091/1698 1448/2090/1697 1445/2088/1695 1444/2089/1696
f 1450/2093/1700 1451/2092/1699 1448/2090/1697 1447/2091/1698
f 1453/2095/1702 1454/2094/1701 1451/2092/1699 1450/2093/1700
f 1456/2097/1704 1457/2096/1703 1454/2094/1701 1453/2095/1702
f 1430/2078/1685 1431/2099/1706 1428/2098/1705 1427/2077/1684
f 1433/2080/1687 1434/2100/1707 1431/2099/1706 1430/2078/1685
f 1436/2082/1689 1437/2101/1708 1434/2100/1707 1433/2080/1687
f 1439/2084/1691 1440/2102/1709 1437/2101/1708 1436/2082/1689
f 1442/2086/1693 1443/2103/1710 1440/2102/1709 1439/2084/1691
f 1445/2088/1695 1446/2104/1711 1443/2103/1710 1442/2086/1693
f 1448/2090/1697 1449/2105/1712 1446/2104/1711 1445/2088/1695
f 1451/2092/1699 1452/2106/1713 1449/2105/1712 1448/2090/1697
f 1454/2094/1701 1455/2107/1714 1452/2106/1713 1451/2092/1699
f 1457/2096/1703 1458/2108/1715 1455/2107/1714 1454/2094/1701
f 1459/2110/1717 1460/2109/1717 1457/2096/1717 1456/2097/1716
f 1462/2112/1717 1463/2111/1717 1460/2109/1717 1459/2110/1717
f 1387/2114/1718 1388/2113/1717 1463/2111/1717 1462/2112/1717
f 1460/2109/1717 1461/2115/1717 1458/2108/1717 1457/2096/1717
f 1463/2111/1717 1464/2116/1717 1461/2115/1717 1460/2109/1717
f 1388/2113/1717 1389/2117/1716 1464/2116/1717 1463/2111/1717
f 1392/2121/1722 1465/2120/1721 1464/2119/1720 1389/2118/1719
f 1395/2123/1724 1467/2122/1723 1465/2120/1721 1392/2121/1722
f 1398/2125/1726 1469/2124/1725 1467/2122/1723 1395/2123/1724
f 1401/2127/1728 1471/2126/1727 1469/2124/1725 1398/2125/1726
f 1404/2129/1730 1473/2128/1729 1471/2126/1727 1401/2127/1728
f 1407/2131/1732 1475/2130/1731 1473/2128/1729 1404/2129/1730
f 1410/2133/1734 1477/2132/1733 1475/2130/1731 1407/2131/1732
f 1413/2135/1736 1479/2134/1735 1477/2132/1733 1410/2133/1734
f 1416/2137/1738 1481/2136/1737 1479/2134/1735 1413/2135/1736
f 1419/2139/1740 1422/2138/1739 1481/2136/1737 1416/2137/1738
f 1465/2120/1721 1466/2141/1742 1461/2140/1741 1464/2119/1720
f 1467/2122/1723 1468/2142/1743 1466/2141/1742 1465/2120/1721
f 1469/2124/1725 1470/2143/1744 1468/2142/1743 1467/2122/1723
f 1471/2126/1727 1472/2144/1745 1470/2143/1744 1469/2124/1725
f 1473/2128/1729 1474/2145/1746 1472/2144/1745 1471/2126/1727
f 1475/2130/1731 1476/2146/1747 1474/2145/1746 1473/2128/1729
f 1477/2132/1733 1478/2147/1748 1476/2146/1747 1475/2130/1731
f 1479/2134/1735 1480/2148/1749 1478/2147/1748 1477/2132/1733
f 1481/2136/1737 1482/2149/1750 1480/2148/1749 1479/2134/1735
f 1422/2138/1739 1425/2150/1751 1482/2149/1750 1481/2136/1737
f 1466/2141/1742 1455/2152/1753 1458/2151/1752 1461/2140/1741
f 1468/2142/1743 1452/2153/1754 1455/2152/1753 1466/2141/1742
f 1470/2143/1744 1449/2154/1755 1452/2153/1754 1468/2142/1743
f 1472/2144/1745 1446/2155/1756 1449/2154/1755 1470/2143/1744
f 1474/2145/1746 1443/2156/1757 1446/2155/1756 1472/2144/1745
f 1476/2146/1747 1440/2157/1758 1443/2156/1757 1474/2145/1746
f 1478/2147/1748 1437/2158/1759 1440/2157/1758 1476/2146/1747
f 1480/2148/1749 1434/2159/1760 1437/2158/1759 1478/2147/1748
f 1482/2149/1750 1431/2160/1761 1434/2159/1760 1480/2148/1749
f 1425/2150/1751 1428/2161/1762 1431/2160/1761 1482/2149/1750
f 1453/2165/1766 1483/2164/1765 1459/2163/1764 1456/2162/1763
f 1450/2167/1768 1485/2166/1767 1483/2164/1765 1453/2165/1766
f 1447/2169/1770 1487/2168/1769 1485/2166/1767 1450/2167/1768
f 1444/2171/1772 1489/2170/1771 1487/2168/1769 1447/2169/1770
f 1441/2173/1774 1491/2172/1773 1489/2170/1771 1444/2171/1772
f 1438/2175/1776 1493/2174/1775 1491/2172/1773 1441/2173/1774
f 1435/2177/1778 1495/2176/1777 1493/2174/1775 1438/2175/1776
f 1432/2179/1780 1497/2178/1779 1495/2176/1777 1435/2177/1778
f 1429/2181/1782 1499/2180/1781 1497/2178/1779 1432/2179/1780
f 1426/2183/1784 1423/2182/1783 1499/2180/1781 1429/2181/1782
f 1483/2164/1765 1484/2185/1786 1462/2184/1785 1459/2163/1764
f 1485/2166/1767 1486/2186/1787 1484/2185/1786 1483/2164/1765
f 1487/2168/1769 1488/2187/1788 1486/2186/1787 1485/2166/1767
f 1489/2170/1771 1490/2188/1789 1488/2187/1788 1487/2168/1769
f 1491/2172/1773 1492/2189/1790 1490/2188/1789 1489/2170/1771
f 1493/2174/1775 1494/2190/1791 1492/2189/1790 1491/2172/1773
f 1495/2176/1777 1496/2191/1792 1494/2190/1791 1493/2174/1775
f 1497/2178/1779 1498/2192/1793 1496/2191/1792 1495/2176/1777
f 1499/2180/1781 1500/2193/1794 1498/2192/1793 1497/2178/1779
f 1423/2182/1783 1420/2194/1795 1500/2193/1794 1499/2180/1781
f 1484/2185/1786 1390/2196/1797 1387/2195/1796 1462/2184/1785
f 1486/2186/1787 1393/2197/1798 1390/2196/1797 1484/2185/1786
f 1488/2187/1788 1396/2198/1799 1393/2197/1798 1486/2186/1787
f 1490/2188/1789 1399/2199/1800 1396/2198/1799 1488/2187/1788
f 1492/2189/1790 1402/2200/1801 1399/2199/1800 1490/2188/1789
f 1494/2190/1791 1405/2201/1802 1402/2200/1801 1492/2189/1790
f 1496/2191/1792 1408/2202/1803 1405/2201/1802 1494/2190/1791
f 1498/2192/1793 1411/2203/1804 1408/2202/1803 1496/2191/1792
f 1500/2193/1794 1414/2204/1805 1411/2203/1804 1498/2192/1793
f 1420/2194/1795 1417/2205/1806 1414/2204/1805 1500/2193/1794
f 1503/2209/1810 1527/2208/1809 1526/2207/1808 1502/2206/1807
f 1504/2211/1812 1528/2210/1811 1527/2208/1809 1503/2209/1810
f 1505/2213/1814 1529/2212/1813 1528/2210/1811 1504/2211/1812
f 1506/2216/1816 1530/2215/1815 1529/2214/1813 1505/2213/1814
f 1507/2218/1818 1531/2217/1817 1530/2215/1815 1506/2216/1816
f 1508/2220/1820 1532/2219/1819 1531/2217/1817 1507/2218/1818
f 1509/2222/1822 1533/2221/1821 1532/2219/1819 1508/2220/1820
f 1510/2224/1824 1534/2223/1823 1533/2221/1821 1509/2222/1822
f 1511/2226/1826 1535/2225/1825 1534/2223/1823 1510/2224/1824
f 1512/2228/1828 1536/2227/1827 1535/2225/1825 1511/2226/1826
f 1513/2230/1830 1537/2229/1829 1536/2227/1827 1512/2228/1828
f 1514/2232/1832 1538/2231/1831 1537/2229/1829 1513/2230/1830
f 1515/2234/1834 1539/2233/1833 1538/2231/1831 1514/2232/1832
f 1516/2236/1836 1540/2235/1835 1539/2233/1833 1515/2234/1834
f 1517/2238/1838 1541/2237/1837 1540/2235/1835 1516/2236/1836
f 1518/2240/1840 1542/2239/1839 1541/2237/1837 1517/2238/1838
f 1519/2242/1842 1543/2241/1841 1542/2239/1839 1518/2240/1840
f 1520/2244/1844 1544/2243/1843 1543/2241/1841 1519/2242/1842
f 1521/2246/1846 1545/2245/1845 1544/2243/1843 1520/2244/1844
f 1522/2248/1848 1546/2247/1847 1545/2245/1845 1521/2246/1846
f 1523/2250/1850 1547/2249/1849 1546/2247/1847 1522/2248/1848
f 1524/2252/1852 1548/2251/1851 1547/2249/1849 1523/2250/1850
f 1525/2254/1854 1549/2253/1853 1548/2251/1851 1524/2252/1852
f 1502/2206/1807 1526/2207/1808 1549/2253/1853 1525/2254/1854
f 1527/2258/1809 1551/2257/1856 1550/2256/1855 1526/2255/1808
f 1528/2260/1811 1552/2259/1857 1551/2257/1856 1527/2258/1809
f 1529/2262/1813 1553/2261/1858 1552/2259/1857 1528/2260/1811
f 1530/2264/1815 1554/2263/1859 1553/2261/1858 1529/2262/1813
f 1531/2266/1817 1555/2265/1860 1554/2263/1859 1530/2264/1815
f 1532/2268/1819 1556/2267/1861 1555/2265/1860 1531/2266/1817
f 1533/2270/1821 1557/2269/1862 1556/2267/1861 1532/2268/1819
f 1534/2272/1823 1558/2271/1863 1557/2269/1862 1533/2270/1821
f 1535/2274/1825 1559/2273/1864 1558/2271/1863 1534/2272/1823
f 1536/2276/1827 1560/2275/1865 1559/2273/1864 1535/2274/1825
f 1537/2278/1829 1561/2277/1866 1560/2275/1865 1536/2276/1827
f 1538/2280/1831 1562/2279/1867 1561/2277/1866 1537/2278/1829
f 1539/2282/1833 1563/2281/1868 1562/2279/1867 1538/2280/1831
f 1540/2284/1835 1564/2283/1869 1563/2281/1868 1539/2282/1833
f 1541/2286/1837 1565/2285/1870 1564/2283/1869 1540/2284/1835
f 1542/2288/1839 1566/2287/1871 1565/2285/1870 1541/2286/1837
f 1543/2290/1841 1567/2289/1872 1566/2287/1871 1542/2288/1839
f 1544/2292/1843 1568/2291/1873 1567/2289/1872 1543/2290/1841
f 1545/2294/1845 1569/2293/1874 1568/2291/1873 1544/2292/1843
f 1546/2296/1847 1570/2295/1875 1569/2293/1874 1545/2294/1845
f 1547/2298/1849 1571/2297/1876 1570/2295/1875 1546/2296/1847
f 1548/2300/1851 1572/2299/1877 1571/2297/1876 1547/2298/1849
f 1549/2302/1853 1573/2301/1878 1572/2299/1877 1548/2300/1851
f 1526/2255/1808 1550/2256/1855 1573/2301/1878 1549/2302/1853
f 1501/2303/1 1550/2256/1855 1551/2257/1856
f 1501/2303/1 1551/2257/1856 1552/2259/1857
f 1501/2303/1 1552/2259/1857 1553/2261/1858
f 1501/2303/1 1553/2261/1858 1554/2263/1859
f 1501/2303/1 1554/2263/1859 1555/2265/1860
f 1501/2303/1 1555/2265/1860 1556/2267/1861
f 1501/2303/1 1556/2267/1861 1557/2269/1862
f 1501/2303/1 1557/2269/1862 1558/2271/1863
f 1501/2303/1 1558/2271/1863 1559/2273/1864
f 1501/2303/1 1559/2273/1864 1560/2275/1865
f 1501/2303/1 1560/2275/1865 1561/2277/1866
f 1501/2303/1 1561/2277/1866 1562/2279/1867
f 1501/2303/1 1562/2279/1867 1563/2281/1868
f 1501/2303/1 1563/2281/1868 1564/2283/1869
f 1501/2303/1 1564/2283/1869 1565/2285/1870
f 1501/2303/1 1565/2285/1870 1566/2287/1871
f 1501/2303/1 1566/2287/1871 1567/2289/1872
f 1501/2303/1 1567/2289/1872 1568/2291/1873
f 1501/2303/1 1568/2291/1873 1569/2293/1874
f 1501/2303/1 1569/2293/1874 1570/2295/1875
f 1501/2303/1 1570/2295/1875 1571/2297/1876
f 1501/2303/1 1571/2297/1876 1572/2299/1877
f 1501/2303/1 1572/2299/1877 1573/2301/1878
f 1501/2303/1 1573/2301/1878 1550/2256/1855
f 1523/2250/4 1522/2248/4 1521/2246/4
f 1518/2240/4 1523/2250/4 1521/2246/4 1520/2244/4
f 1502/2206/4 1524/2252/4 1523/2250/4 1507/2218/4
f 1516/2236/4 1507/2218/4 1523/2250/4 1518/2240/4
f 1502/2206/4 1525/2254/4 1524/2252/4
f 1507/2218/4 1505/2213/4 1503/2209/4 1502/2206/4
f 1505/2213/4 1504/2211/4 1503/2209/4
f 1507/2218/4 1506/2216/4 1505/2213/4
f 1509/2222/4 1508/2220/4 1507/2218/4
f 1513/2230/4 1510/2224/4 1509/2222/4 1507/2218/4
f 1516/2236/4 1514/2232/4 1513/2230/4 1507/2218/4
f 1512/2228/4 1511/2226/4 1510/2224/4 1513/2230/4
f 1516/2236/4 1515/2234/4 1514/2232/4
f 1518/2240/4 1517/2238/4 1516/2236/4
f 1520/2244/4 1519/2242/4 1518/2240/4
f 1576/2307/1846 1600/2306/1845 1599/2305/1843 1575/2304/1844
f 1577/2309/1848 1601/2308/1847 1600/2306/1845 1576/2307/1846
f 1578/2311/1850 1602/2310/1849 1601/2308/1847 1577/2309/1848
f 1579/2313/1852 1603/2312/1851 1602/2310/1849 1578/2311/1850
f 1580/2315/1854 1604/2314/1853 1603/2312/1851 1579/2313/1852
f 1581/2317/1807 1605/2316/1808 1604/2314/1853 1580/2315/1854
f 1582/2319/1810 1606/2318/1809 1605/2316/1808 1581/2317/1807
f 1583/2321/1812 1607/2320/1811 1606/2318/1809 1582/2319/1810
f 1584/2323/1814 1608/2322/1813 1607/2320/1811 1583/2321/1812
f 1585/2325/1816 1609/2324/1879 1608/2322/1813 1584/2323/1814
f 1586/2327/1818 1610/2326/1817 1609/2324/1879 1585/2325/1816
f 1587/2329/1820 1611/2328/1819 1610/2326/1817 1586/2327/1818
f 1588/2331/1822 1612/2330/1821 1611/2328/1819 1587/2329/1820
f 1589/2333/1824 1613/2332/1823 1612/2330/1821 1588/2331/1822
f 1590/2335/1826 1614/2334/1825 1613/2332/1823 1589/2333/1824
f 1591/2337/1828 1615/2336/1880 1614/2334/1825 1590/2335/1826
f 1592/2339/1830 1616/2338/1829 1615/2336/1880 1591/2337/1828
f 1593/2341/1832 1617/2340/1831 1616/2338/1829 1592/2339/1830
f 1594/2343/1834 1618/2342/1833 1617/2340/1831 1593/2341/1832
f 1595/2345/1836 1619/2344/1835 1618/2342/1833 1594/2343/1834
f 1596/2347/1838 1620/2346/1837 1619/2344/1835 1595/2345/1836
f 1597/2349/1840 1621/2348/1839 1620/2346/1837 1596/2347/1838
f 1598/2351/1842 1622/2350/1841 1621/2348/1839 1597/2349/1840
f 1575/2304/1844 1599/2305/1843 1622/2350/1841 1598/2351/1842
f 1600/2355/1845 1624/2354/1881 1623/2353/1873 1599/2352/1843
f 1601/2357/1847 1625/2356/1875 1624/2354/1881 1600/2355/1845
f 1602/2359/1849 1626/2358/1876 1625/2356/1875 1601/2357/1847
f 1603/2361/1851 1627/2360/1877 1626/2358/1876 1602/2359/1849
f 1604/2363/1853 1628/2362/1878 1627/2360/1877 1603/2361/1851
f 1605/2365/1808 1629/2364/1855 1628/2362/1878 1604/2363/1853
f 1606/2367/1809 1630/2366/1882 1629/2364/1855 1605/2365/1808
f 1607/2369/1811 1631/2368/1857 1630/2366/1882 1606/2367/1809
f 1608/2371/1813 1632/2370/1858 1631/2368/1857 1607/2369/1811
f 1609/2373/1879 1633/2372/1859 1632/2370/1858 1608/2371/1813
f 1610/2375/1817 1634/2374/1860 1633/2372/1859 1609/2373/1879
f 1611/2377/1819 1635/2376/1861 1634/2374/1860 1610/2375/1817
f 1612/2379/1821 1636/2378/1862 1635/2376/1861 1611/2377/1819
f 1613/2381/1823 1637/2380/1863 1636/2378/1862 1612/2379/1821
f 1614/2383/1825 1638/2382/1864 1637/2380/1863 1613/2381/1823
f 1615/2385/1880 1639/2384/1865 1638/2382/1864 1614/2383/1825
f 1616/2387/1829 1640/2386/1866 1639/2384/1865 1615/2385/1880
f 1617/2389/1831 1641/2388/1867 1640/2386/1866 1616/2387/1829
f 1618/2391/1833 1642/2390/1868 1641/2388/1867 1617/2389/1831
f 1619/2393/1835 1643/2392/1869 1642/2390/1868 1618/2391/1833
f 1620/2395/1837 1644/2394/1870 1643/2392/1869 1619/2393/1835
f 1621/2397/1839 1645/2396/1871 1644/2394/1870 1620/2395/1837
f 1622/2399/1841 1646/2398/1872 1645/2396/1871 1621/2397/1839
f 1599/2352/1843 1623/2353/1873 1646/2398/1872 1622/2399/1841
f 1574/2400/1 1623/2353/1873 1624/2354/1881
f 1574/2400/1 1624/2354/1881 1625/2356/1875
f 1574/2400/1 1625/2356/1875 1626/2358/1876
f 1574/2400/1 1626/2358/1876 1627/2360/1877
f 1574/2400/1 1627/2360/1877 1628/2362/1878
f 1574/2400/1 1628/2362/1878 1629/2364/1855
f 1574/2400/1 1629/2364/1855 1630/2366/1882
f 1574/2400/1 1630/2366/1882 1631/2368/1857
f 1574/2400/1 1631/2368/1857 1632/2370/1858
f 1574/2400/1 1632/2370/1858 1633/2372/1859
f 1574/2400/1 1633/2372/1859 1634/2374/1860
f 1574/2400/1 1634/2374/1860 1635/2376/1861
f 1574/2400/1 1635/2376/1861 1636/2378/1862
f 1574/2400/1 1636/2378/1862 1637/2380/1863
f 1574/2400/1 1637/2380/1863 1638/2382/1864
f 1574/2400/1 1638/2382/1864 1639/2384/1865
f 1574/2400/1 1639/2384/1865 1640/2386/1866
f 1574/2400/1 1640/2386/1866 1641/2388/1867
f 1574/2400/1 1641/2388/1867 1642/2390/1868
f 1574/2400/1 1642/2390/1868 1643/2392/1869
f 1574/2400/1 1643/2392/1869 1644/2394/1870
f 1574/2400/1 1644/2394/1870 1645/2396/1871
f 1574/2400/1 1645/2396/1871 1646/2398/1872
f 1574/2400/1 1646/2398/1872 1623/2353/1873
f 1596/2347/4 1595/2345/4 1594/2343/4
f 1591/2337/4 1596/2347/4 1594/2343/4 1593/2341/4
f 1575/2304/4 1597/2349/4 1596/2347/4 1580/2315/4
f 1589/2333/4 1580/2315/4 1596/2347/4 1591/2337/4
f 1575/2304/4 1598/2351/4 1597/2349/4
f 1580/2315/4 1578/2311/4 1576/2307/4 1575/2304/4
f 1578/2311/4 1577/2309/4 1576/2307/4
f 1580/2315/4 1579/2313/4 1578/2311/4
f 1582/2319/4 1581/2317/4 1580/2315/4
f 1586/2327/4 1583/2321/4 1582/2319/4 1580/2315/4
f 1589/2333/4 1587/2329/4 1586/2327/4 1580/2315/4
f 1585/2325/4 1584/2323/4 1583/2321/4 1586/2327/4
f 1589/2333/4 1588/2331/4 1587/2329/4
f 1591/2337/4 1590/2335/4 1589/2333/4
f 1593/2341/4 1592/2339/4 1591/2337/4
f 1649/2404/1834 1673/2403/1833 1672/2402/1831 1648/2401/1832
f 1650/2406/1836 1674/2405/1835 1673/2403/1833 1649/2404/1834
f 1651/2408/1838 1675/2407/1837 1674/2405/1835 1650/2406/1836
f 1652/2410/1840 1676/2409/1839 1675/2407/1837 1651/2408/1838
f 1653/2412/1842 1677/2411/1841 1676/2409/1839 1652/2410/1840
f 1654/2414/1844 1678/2413/1843 1677/2411/1841 1653/2412/1842
f 1655/2416/1846 1679/2415/1845 1678/2413/1843 1654/2414/1844
f 1656/2418/1848 1680/2417/1847 1679/2415/1845 1655/2416/1846
f 1657/2420/1850 1681/2419/1849 1680/2417/1847 1656/2418/1848
f 1658/2422/1852 1682/2421/1883 1681/2419/1849 1657/2420/1850
f 1659/2424/1854 1683/2423/1853 1682/2421/1883 1658/2422/1852
f 1660/2426/1807 1684/2425/1808 1683/2423/1853 1659/2424/1854
f 1661/2428/1810 1685/2427/1809 1684/2425/1808 1660/2426/1807
f 1662/2430/1812 1686/2429/1811 1685/2427/1809 1661/2428/1810
f 1663/2432/1814 1687/2431/1813 1686/2429/1811 1662/2430/1812
f 1664/2434/1816 1688/2433/1815 1687/2431/1813 1663/2432/1814
f 1665/2436/1818 1689/2435/1817 1688/2433/1815 1664/2434/1816
f 1666/2438/1820 1690/2437/1819 1689/2435/1817 1665/2436/1818
f 1667/2440/1822 1691/2439/1821 1690/2437/1819 1666/2438/1820
f 1668/2442/1824 1692/2441/1823 1691/2439/1821 1667/2440/1822
f 1669/2444/1826 1693/2443/1825 1692/2441/1823 1668/2442/1824
f 1670/2446/1828 1694/2445/1880 1693/2443/1825 1669/2444/1826
f 1671/2448/1830 1695/2447/1829 1694/2445/1880 1670/2446/1828
f 1648/2401/1832 1672/2402/1831 1695/2447/1829 1671/2448/1830
f 1673/2452/1833 1697/2451/1884 1696/2450/1867 1672/2449/1831
f 1674/2454/1835 1698/2453/1869 1697/2451/1884 1673/2452/1833
f 1675/2456/1837 1699/2455/1870 1698/2453/1869 1674/2454/1835
f 1676/2458/1839 1700/2457/1871 1699/2455/1870 1675/2456/1837
f 1677/2460/1841 1701/2459/1872 1700/2457/1871 1676/2458/1839
f 1678/2462/1843 1702/2461/1873 1701/2459/1872 1677/2460/1841
f 1679/2464/1845 1703/2463/1874 1702/2461/1873 1678/2462/1843
f 1680/2466/1847 1704/2465/1875 1703/2463/1874 1679/2464/1845
f 1681/2468/1849 1705/2467/1876 1704/2465/1875 1680/2466/1847
f 1682/2470/1883 1706/2469/1877 1705/2467/1876 1681/2468/1849
f 1683/2472/1853 1707/2471/1878 1706/2469/1877 1682/2470/1883
f 1684/2474/1808 1708/2473/1855 1707/2471/1878 1683/2472/1853
f 1685/2476/1809 1709/2475/1882 1708/2473/1855 1684/2474/1808
f 1686/2478/1811 1710/2477/1857 1709/2475/1882 1685/2476/1809
f 1687/2480/1813 1711/2479/1858 1710/2477/1857 1686/2478/1811
f 1688/2482/1815 1712/2481/1859 1711/2479/1858 1687/2480/1813
f 1689/2484/1817 1713/2483/1860 1712/2481/1859 1688/2482/1815
f 1690/2486/1819 1714/2485/1861 1713/2483/1860 1689/2484/1817
f 1691/2488/1821 1715/2487/1862 1714/2485/1861 1690/2486/1819
f 1692/2490/1823 1716/2489/1863 1715/2487/1862 1691/2488/1821
f 1693/2492/1825 1717/2491/1864 1716/2489/1863 1692/2490/1823
f 1694/2494/1880 1718/2493/1865 1717/2491/1864 1693/2492/1825
f 1695/2496/1829 1719/2495/1866 1718/2493/1865 1694/2494/1880
f 1672/2449/1831 1696/2450/1867 1719/2495/1866 1695/2496/1829
f 1647/2497/1 1696/2450/1867 1697/2451/1884
f 1647/2497/1 1697/2451/1884 1698/2453/1869
f 1647/2497/1 1698/2453/1869 1699/2455/1870
f 1647/2497/1 1699/2455/1870 1700/2457/1871
f 1647/2497/1 1700/2457/1871 1701/2459/1872
f 1647/2497/1 1701/2459/1872 1702/2461/1873
f 1647/2497/1 1702/2461/1873 1703/2463/1874
f 1647/2497/1 1703/2463/1874 1704/2465/1875
f 1647/2497/1 1704/2465/1875 1705/2467/1876
f 1647/2497/1 1705/2467/1876 1706/2469/1877
f 1647/2497/1 1706/2469/1877 1707/2471/1878
f 1647/2497/1 1707/2471/1878 1708/2473/1855
f 1647/2497/1 1708/2473/1855 1709/2475/1882
f 1647/2497/1 1709/2475/1882 1710/2477/1857
f 1647/2497/1 1710/2477/1857 1711/2479/1858
f 1647/2497/1 1711/2479/1858 1712/2481/1859
f 1647/2497/1 1712/2481/1859 1713/2483/1860
f 1647/2497/1 1713/2483/1860 1714/2485/1861
f 1647/2497/1 1714/2485/1861 1715/2487/1862
f 1647/2497/1 1715/2487/1862 1716/2489/1863
f 1647/2497/1 1716/2489/1863 1717/2491/1864
f 1647/2497/1 1717/2491/1864 1718/2493/1865
f 1647/2497/1 1718/2493/1865 1719/2495/1866
f 1647/2497/1 1719/2495/1866 1696/2450/1867
f 1669/2444/4 1668/2442/4 1667/2440/4
f 1664/2434/4 1669/2444/4 1667/2440/4 1666/2438/4
f 1648/2401/4 1670/2446/4 1669/2444/4 1653/2412/4
f 1662/2430/4 1653/2412/4 1669/2444/4 1664/2434/4
f 1648/2401/4 1671/2448/4 1670/2446/4
f 1653/2412/4 1651/2408/4 1649/2404/4 1648/2401/4
f 1651/2408/4 1650/2406/4 1649/2404/4
f 1653/2412/4 1652/2410/4 1651/2408/4
f 1655/2416/4 1654/2414/4 1653/2412/4
f 1659/2424/4 1656/2418/4 1655/2416/4 1653/2412/4
f 1662/2430/4 1660/2426/4 1659/2424/4 1653/2412/4
f 1658/2422/4 1657/2420/4 1656/2418/4 1659/2424/4
f 1662/2430/4 1661/2428/4 1660/2426/4
f 1664/2434/4 1663/2432/4 1662/2430/4
f 1666/2438/4 1665/2436/4 1664/2434/4
f 1722/2501/1822 1746/2500/1821 1745/2499/1819 1721/2498/1820
f 1723/2503/1824 1747/2502/1823 1746/2500/1821 1722/2501/1822
f 1724/2505/1826 1748/2504/1825 1747/2502/1823 1723/2503/1824
f 1725/2507/1828 1749/2506/1880 1748/2504/1825 1724/2505/1826
f 1726/2509/1830 1750/2508/1829 1749/2506/1880 1725/2507/1828
f 1727/2511/1832 1751/2510/1831 1750/2508/1829 1726/2509/1830
f 1728/2513/1834 1752/2512/1833 1751/2510/1831 1727/2511/1832
f 1729/2515/1836 1753/2514/1835 1752/2512/1833 1728/2513/1834
f 1730/2517/1838 1754/2516/1837 1753/2514/1835 1729/2515/1836
f 1731/2519/1840 1755/2518/1885 1754/2516/1837 1730/2517/1838
f 1732/2521/1842 1756/2520/1841 1755/2518/1885 1731/2519/1840
f 1733/2523/1844 1757/2522/1843 1756/2520/1841 1732/2521/1842
f 1734/2525/1846 1758/2524/1845 1757/2522/1843 1733/2523/1844
f 1735/2527/1848 1759/2526/1847 1758/2524/1845 1734/2525/1846
f 1736/2529/1850 1760/2528/1849 1759/2526/1847 1735/2527/1848
f 1737/2531/1852 1761/2530/1851 1760/2528/1849 1736/2529/1850
f 1738/2533/1854 1762/2532/1853 1761/2530/1851 1737/2531/1852
f 1739/2535/1807 1763/2534/1808 1762/2532/1853 1738/2533/1854
f 1740/2537/1810 1764/2536/1809 1763/2534/1808 1739/2535/1807
f 1741/2539/1812 1765/2538/1811 1764/2536/1809 1740/2537/1810
f 1742/2541/1814 1766/2540/1813 1765/2538/1811 1741/2539/1812
f 1743/2543/1816 1767/2542/1815 1766/2540/1813 1742/2541/1814
f 1744/2545/1818 1768/2544/1817 1767/2542/1815 1743/2543/1816
f 1721/2498/1820 1745/2499/1819 1768/2544/1817 1744/2545/1818
f 1746/2549/1821 1770/2548/1886 1769/2547/1861 1745/2546/1819
f 1747/2551/1823 1771/2550/1863 1770/2548/1886 1746/2549/1821
f 1748/2553/1825 1772/2552/1864 1771/2550/1863 1747/2551/1823
f 1749/2555/1880 1773/2554/1865 1772/2552/1864 1748/2553/1825
f 1750/2557/1829 1774/2556/1866 1773/2554/1865 1749/2555/1880
f 1751/2559/1831 1775/2558/1867 1774/2556/1866 1750/2557/1829
f 1752/2561/1833 1776/2560/1868 1775/2558/1867 1751/2559/1831
f 1753/2563/1835 1777/2562/1869 1776/2560/1868 1752/2561/1833
f 1754/2565/1837 1778/2564/1870 1777/2562/1869 1753/2563/1835
f 1755/2567/1885 1779/2566/1871 1778/2564/1870 1754/2565/1837
f 1756/2569/1841 1780/2568/1872 1779/2566/1871 1755/2567/1885
f 1757/2571/1843 1781/2570/1873 1780/2568/1872 1756/2569/1841
f 1758/2573/1845 1782/2572/1874 1781/2570/1873 1757/2571/1843
f 1759/2575/1847 1783/2574/1875 1782/2572/1874 1758/2573/1845
f 1760/2577/1849 1784/2576/1876 1783/2574/1875 1759/2575/1847
f 1761/2579/1851 1785/2578/1877 1784/2576/1876 1760/2577/1849
f 1762/2581/1853 1786/2580/1878 1785/2578/1877 1761/2579/1851
f 1763/2583/1808 1787/2582/1855 1786/2580/1878 1762/2581/1853
f 1764/2585/1809 1788/2584/1882 1787/2582/1855 1763/2583/1808
f 1765/2587/1811 1789/2586/1857 1788/2584/1882 1764/2585/1809
f 1766/2589/1813 1790/2588/1858 1789/2586/1857 1765/2587/1811
f 1767/2591/1815 1791/2590/1859 1790/2588/1858 1766/2589/1813
f 1768/2593/1817 1792/2592/1860 1791/2590/1859 1767/2591/1815
f 1745/2546/1819 1769/2547/1861 1792/2592/1860 1768/2593/1817
f 1720/2594/1 1769/2547/1861 1770/2548/1886
f 1720/2594/1 1770/2548/1886 1771/2550/1863
f 1720/2594/1 1771/2550/1863 1772/2552/1864
f 1720/2594/1 1772/2552/1864 1773/2554/1865
f 1720/2594/1 1773/2554/1865 1774/2556/1866
f 1720/2594/1 1774/2556/1866 1775/2558/1867
f 1720/2594/1 1775/2558/1867 1776/2560/1868
f 1720/2594/1 1776/2560/1868 1777/2562/1869
f 1720/2594/1 1777/2562/1869 1778/2564/1870
f 1720/2594/1 1778/2564/1870 1779/2566/1871
f 1720/2594/1 1779/2566/1871 1780/2568/1872
f 1720/2594/1 1780/2568/1872 1781/2570/1873
f 1720/2594/1 1781/2570/1873 1782/2572/1874
f 1720/2594/1 1782/2572/1874 1783/2574/1875
f 1720/2594/1 1783/2574/1875 1784/2576/1876
f 1720/2594/1 1784/2576/1876 1785/2578/1877
f 1720/2594/1 1785/2578/1877 1786/2580/1878
f 1720/2594/1 1786/2580/1878 1787/2582/1855
f 1720/2594/1 1787/2582/1855 1788/2584/1882
f 1720/2594/1 1788/2584/1882 1789/2586/1857
f 1720/2594/1 1789/2586/1857 1790/2588/1858
f 1720/2594/1 1790/2588/1858 1791/2590/1859
f 1720/2594/1 1791/2590/1859 1792/2592/1860
f 1720/2594/1 1792/2592/1860 1769/2547/1861
f 1742/2541/4 1741/2539/4 1740/2537/4
f 1737/2531/4 1742/2541/4 1740/2537/4 1739/2535/4
f 1721/2498/4 1743/2543/4 1742/2541/4 1726/2509/4
f 1735/2527/4 1726/2509/4 1742/2541/4 1737/2531/4
f 1721/2498/4 1744/2545/4 1743/2543/4
f 1726/2509/4 1724/2505/4 1722/2501/4 1721/2498/4
f 1724/2505/4 1723/2503/4 1722/2501/4
f 1726/2509/4 1725/2507/4 1724/2505/4
f 1728/2513/4 1727/2511/4 1726/2509/4
f 1732/2521/4 1729/2515/4 1728/2513/4 1726/2509/4
f 1735/2527/4 1733/2523/4 1732/2521/4 1726/2509/4
f 1731/2519/4 1730/2517/4 1729/2515/4 1732/2521/4
f 1735/2527/4 1734/2525/4 1733/2523/4
f 1737/2531/4 1736/2529/4 1735/2527/4
f 1739/2535/4 1738/2533/4 1737/2531/4
f 1794/2598/1890 1798/2597/1889 1797/2596/1888 1793/2595/1887
f 1798/2597/1889 1814/2600/1892 1813/2599/1891 1797/2596/1888
f 1814/2604/1892 1830/2603/1894 1829/2602/1893 1813/2601/1891
f 1830/2603/1894 1846/2606/1896 1845/2605/1895 1829/2602/1893
f 1846/2606/1896 1862/2608/1898 1861/2607/1897 1845/2605/1895
f 1862/2612/1898 1878/2611/1900 1877/2610/1899 1861/2609/1897
f 1878/2611/1900 1894/2614/1902 1893/2613/1901 1877/2610/1899
f 1799/2615/1903 1798/2597/1889 1794/2598/1890
f 1799/2615/1903 1815/2616/1904 1814/2600/1892 1798/2597/1889
f 1815/2618/1904 1831/2617/1905 1830/2603/1894 1814/2604/1892
f 1831/2617/1905 1847/2619/1906 1846/2606/1896 1830/2603/1894
f 1847/2619/1906 1863/2620/1907 1862/2608/1898 1846/2606/1896
f 1863/2622/1907 1879/2621/1908 1878/2611/1900 1862/2612/1898
f 1879/2621/1908 1894/2614/1902 1878/2611/1900
f 1800/2625/1909 1799/2624/1903 1794/2623/1890
f 1800/2625/1909 1816/2627/1910 1815/2626/1904 1799/2624/1903
f 1816/2627/1910 1832/2629/1911 1831/2628/1905 1815/2626/1904
f 1832/2629/1911 1848/2631/1912 1847/2630/1906 1831/2628/1905
f 1848/2631/1912 1864/2633/1913 1863/2632/1907 1847/2630/1906
f 1864/2635/1913 1880/2634/1914 1879/2621/1908 1863/2622/1907
f 1880/2634/1914 1894/2614/1902 1879/2621/1908
f 1801/2636/1915 1800/2625/1909 1794/2623/1890
f 1801/2636/1915 1817/2637/1916 1816/2627/1910 1800/2625/1909
f 1817/2637/1916 1833/2638/1917 1832/2629/1911 1816/2627/1910
f 1833/2638/1917 1849/2639/1918 1848/2631/1912 1832/2629/1911
f 1849/2639/1918 1865/2640/1919 1864/2633/1913 1848/2631/1912
f 1865/2642/1919 1881/2641/1920 1880/2634/1914 1864/2635/1913
f 1881/2641/1920 1894/2614/1902 1880/2634/1914
f 1795/2644/1922 1802/2643/1921 1801/2636/1915 1794/2623/1890
f 1802/2643/1921 1818/2645/1923 1817/2637/1916 1801/2636/1915
f 1818/2645/1923 1834/2646/1924 1833/2638/1917 1817/2637/1916
f 1834/2646/1924 1850/2647/1925 1849/2639/1918 1833/2638/1917
f 1850/2647/1925 1866/2648/1926 1865/2640/1919 1849/2639/1918
f 1866/2650/1926 1882/2649/1927 1881/2641/1920 1865/2642/1919
f 1882/2649/1927 1895/2651/1928 1894/2614/1902 1881/2641/1920
f 1803/2652/1929 1802/2643/1921 1795/2644/1922
f 1803/2652/1929 1819/2653/1930 1818/2645/1923 1802/2643/1921
f 1819/2653/1930 1835/2654/1931 1834/2646/1924 1818/2645/1923
f 1835/2654/1931 1851/2655/1932 1850/2647/1925 1834/2646/1924
f 1851/2655/1932 1867/2656/1933 1866/2648/1926 1850/2647/1925
f 1867/2658/1933 1883/2657/1934 1882/2649/1927 1866/2650/1926
f 1883/2657/1934 1895/2651/1928 1882/2649/1927
f 1804/2659/1935 1803/2652/1929 1795/2644/1922
f 1804/2659/1935 1820/2660/1936 1819/2653/1930 1803/2652/1929
f 1820/2660/1936 1836/2661/1937 1835/2654/1931 1819/2653/1930
f 1836/2661/1937 1852/2662/1938 1851/2655/1932 1835/2654/1931
f 1852/2662/1938 1868/2663/1939 1867/2656/1933 1851/2655/1932
f 1868/2665/1939 1884/2664/1940 1883/2657/1934 1867/2658/1933
f 1884/2664/1940 1895/2651/1928 1883/2657/1934
f 1805/2666/1941 1804/2659/1935 1795/2644/1922
f 1805/2666/1941 1821/2667/1942 1820/2660/1936 1804/2659/1935
f 1821/2667/1942 1837/2668/1943 1836/2661/1937 1820/2660/1936
f 1837/2668/1943 1853/2669/1944 1852/2662/1938 1836/2661/1937
f 1853/2669/1944 1869/2670/1945 1868/2663/1939 1852/2662/1938
f 1869/2672/1945 1885/2671/1946 1884/2664/1940 1868/2665/1939
f 1885/2671/1946 1895/2651/1928 1884/2664/1940
f 1796/2676/1948 1806/2675/1947 1805/2674/1941 1795/2673/1922
f 1806/2675/1947 1822/2678/1949 1821/2677/1942 1805/2674/1941
f 1822/2682/1949 1838/2681/1950 1837/2680/1943 1821/2679/1942
f 1838/2681/1950 1854/2684/1951 1853/2683/1944 1837/2680/1943
f 1854/2684/1951 1870/2686/1952 1869/2685/1945 1853/2683/1944
f 1870/2688/1952 1886/2687/1953 1885/2671/1946 1869/2672/1945
f 1886/2687/1953 1896/2689/1954 1895/2651/1928 1885/2671/1946
f 1807/2692/1955 1806/2691/1947 1796/2690/1948
f 1807/2692/1955 1823/2694/1956 1822/2693/1949 1806/2691/1947
f 1823/2694/1956 1839/2696/1957 1838/2695/1950 1822/2693/1949
f 1839/2696/1957 1855/2698/1958 1854/2697/1951 1838/2695/1950
f 1855/2698/1958 1871/2700/1959 1870/2699/1952 1854/2697/1951
f 1871/2702/1959 1887/2701/1960 1886/2687/1953 1870/2688/1952
f 1887/2701/1960 1896/2689/1954 1886/2687/1953
f 1808/2703/1961 1807/2692/1955 1796/2690/1948
f 1808/2703/1961 1824/2704/1962 1823/2694/1956 1807/2692/1955
f 1824/2704/1962 1840/2705/1963 1839/2696/1957 1823/2694/1956
f 1840/2705/1963 1856/2706/1964 1855/2698/1958 1839/2696/1957
f 1856/2706/1964 1872/2707/1965 1871/2700/1959 1855/2698/1958
f 1872/2709/1965 1888/2708/1966 1887/2701/1960 1871/2702/1959
f 1888/2708/1966 1896/2689/1954 1887/2701/1960
f 1809/2710/1967 1808/2703/1961 1796/2690/1948
f 1809/2710/1967 1825/2711/1968 1824/2704/1962 1808/2703/1961
f 1825/2711/1968 1841/2712/1969 1840/2705/1963 1824/2704/1962
f 1841/2712/1969 1857/2713/1970 1856/2706/1964 1840/2705/1963
f 1857/2713/1970 1873/2714/1971 1872/2707/1965 1856/2706/1964
f 1873/2716/1971 1889/2715/1972 1888/2708/1966 1872/2709/1965
f 1889/2715/1972 1896/2689/1954 1888/2708/1966
f 1793/2718/1887 1810/2717/1973 1809/2710/1967 1796/2690/1948
f 1810/2717/1973 1826/2719/1974 1825/2711/1968 1809/2710/1967
f 1826/2719/1974 1842/2720/1975 1841/2712/1969 1825/2711/1968
f 1842/2720/1975 1858/2721/1976 1857/2713/1970 1841/2712/1969
f 1858/2721/1976 1874/2722/1977 1873/2714/1971 1857/2713/1970
f 1874/2724/1977 1890/2723/1978 1889/2715/1972 1873/2716/1971
f 1890/2723/1978 1893/2613/1901 1896/2689/1954 1889/2715/1972
f 1811/2725/1979 1810/2717/1973 1793/2718/1887
f 1811/2725/1979 1827/2726/1980 1826/2719/1974 1810/2717/1973
f 1827/2726/1980 1843/2727/1981 1842/2720/1975 1826/2719/1974
f 1843/2727/1981 1859/2728/1982 1858/2721/1976 1842/2720/1975
f 1859/2728/1982 1875/2729/1983 1874/2722/1977 1858/2721/1976
f 1875/2731/1983 1891/2730/1984 1890/2723/1978 1874/2724/1977
f 1891/2730/1984 1893/2613/1901 1890/2723/1978
f 1812/2732/1985 1811/2725/1979 1793/2718/1887
f 1812/2732/1985 1828/2733/1986 1827/2726/1980 1811/2725/1979
f 1828/2733/1986 1844/2734/1987 1843/2727/1981 1827/2726/1980
f 1844/2734/1987 1860/2735/1988 1859/2728/1982 1843/2727/1981
f 1860/2735/1988 1876/2736/1989 1875/2729/1983 1859/2728/1982
f 1876/2738/1989 1892/2737/1990 1891/2730/1984 1875/2731/1983
f 1892/2737/1990 1893/2613/1901 1891/2730/1984
f 1797/2596/1888 1812/2739/1985 1793/2595/1887
f 1797/2596/1888 1813/2599/1891 1828/2740/1986 1812/2739/1985
f 1813/2601/1891 1829/2602/1893 1844/2742/1987 1828/2741/1986
f 1829/2602/1893 1845/2605/1895 1860/2743/1988 1844/2742/1987
f 1845/2605/1895 1861/2607/1897 1876/2744/1989 1860/2743/1988
f 1861/2609/1897 1877/2610/1899 1892/2737/1990 1876/2738/1989
f 1877/2610/1899 1893/2613/1901 1892/2737/1990
f 1894/2614/1902 1895/2651/1928 1896/2689/1954 1893/2613/1901
f 1796/2676/1948 1795/2673/1922 1794/2598/1890 1793/2595/1887
f 1898/2748/1994 1902/2747/1993 1901/2746/1992 1897/2745/1991
f 1902/2747/1993 1918/2750/1996 1917/2749/1995 1901/2746/1992
f 1918/2754/1996 1934/2753/1998 1933/2752/1997 1917/2751/1995
f 1934/2753/1998 1950/2756/2000 1949/2755/1999 1933/2752/1997
f 1950/2756/2000 1966/2758/2002 1965/2757/2001 1949/2755/1999
f 1966/2762/2002 1982/2761/2004 1981/2760/2003 1965/2759/2001
f 1982/2761/2004 1998/2764/2006 1997/2763/2005 1981/2760/2003
f 1903/2765/2007 1902/2747/1993 1898/2748/1994
f 1903/2765/2007 1919/2766/2008 1918/2750/1996 1902/2747/1993
f 1919/2768/2008 1935/2767/2009 1934/2753/1998 1918/2754/1996
f 1935/2767/2009 1951/2769/2010 1950/2756/2000 1934/2753/1998
f 1951/2769/2010 1967/2770/2011 1966/2758/2002 1950/2756/2000
f 1967/2772/2011 1983/2771/2012 1982/2761/2004 1966/2762/2002
f 1983/2771/2012 1998/2764/2006 1982/2761/2004
f 1904/2773/1979 1903/2765/2007 1898/2748/1994
f 1904/2773/1979 1920/2774/1980 1919/2766/2008 1903/2765/2007
f 1920/2778/1980 1936/2777/1981 1935/2776/2009 1919/2775/2008
f 1936/2777/1981 1952/2780/1982 1951/2779/2010 1935/2776/2009
f 1952/2780/1982 1968/2782/1983 1967/2781/2011 1951/2779/2010
f 1968/2784/1983 1984/2783/1984 1983/2771/2012 1967/2772/2011
f 1984/2783/1984 1998/2764/2006 1983/2771/2012
f 1905/2785/2013 1904/2773/1979 1898/2748/1994
f 1905/2785/2013 1921/2786/2014 1920/2774/1980 1904/2773/1979
f 1921/2788/2014 1937/2787/2015 1936/2777/1981 1920/2778/1980
f 1937/2787/2015 1953/2789/2016 1952/2780/1982 1936/2777/1981
f 1953/2789/2016 1969/2790/2017 1968/2782/1983 1952/2780/1982
f 1969/2792/2017 1985/2791/2018 1984/2783/1984 1968/2784/1983
f 1985/2791/2018 1998/2764/2006 1984/2783/1984
f 1899/2794/2020 1906/2793/2019 1905/2785/2013 1898/2748/1994
f 1906/2793/2019 1922/2795/2021 1921/2786/2014 1905/2785/2013
f 1922/2797/2021 1938/2796/2022 1937/2787/2015 1921/2788/2014
f 1938/2796/2022 1954/2798/2023 1953/2789/2016 1937/2787/2015
f 1954/2798/2023 1970/2799/2024 1969/2790/2017 1953/2789/2016
f 1970/2801/2024 1986/2800/2025 1985/2791/2018 1969/2792/2017
f 1986/2800/2025 1999/2802/2026 1998/2764/2006 1985/2791/2018
f 1907/2803/2027 1906/2793/2019 1899/2794/2020
f 1907/2803/2027 1923/2804/2028 1922/2795/2021 1906/2793/2019
f 1923/2806/2028 1939/2805/2029 1938/2796/2022 1922/2797/2021
f 1939/2805/2029 1955/2807/2030 1954/2798/2023 1938/2796/2022
f 1955/2807/2030 1971/2808/2031 1970/2799/2024 1954/2798/2023
f 1971/2810/2031 1987/2809/2032 1986/2800/2025 1970/2801/2024
f 1987/2809/2032 1999/2802/2026 1986/2800/2025
f 1908/2811/2033 1907/2803/2027 1899/2794/2020
f 1908/2811/2033 1924/2812/2034 1923/2804/2028 1907/2803/2027
f 1924/2814/2034 1940/2813/2035 1939/2805/2029 1923/2806/2028
f 1940/2813/2035 1956/2815/2036 1955/2807/2030 1939/2805/2029
f 1956/2815/2036 1972/2816/2037 1971/2808/2031 1955/2807/2030
f 1972/2818/2037 1988/2817/2038 1987/2809/2032 1971/2810/2031
f 1988/2817/2038 1999/2802/2026 1987/2809/2032
f 1909/2819/2039 1908/2811/2033 1899/2794/2020
f 1909/2819/2039 1925/2820/2040 1924/2812/2034 1908/2811/2033
f 1925/2824/2040 1941/2823/2041 1940/2822/2035 1924/2821/2034
f 1941/2823/2041 1957/2826/2042 1956/2825/2036 1940/2822/2035
f 1957/2826/2042 1973/2828/2043 1972/2827/2037 1956/2825/2036
f 1973/2830/2043 1989/2829/2044 1988/2817/2038 1972/2818/2037
f 1989/2829/2044 1999/2802/2026 1988/2817/2038
f 1900/2832/2046 1910/2831/2045 1909/2819/2039 1899/2794/2020
f 1910/2831/2045 1926/2833/2047 1925/2820/2040 1909/2819/2039
f 1926/2835/2047 1942/2834/2048 1941/2823/2041 1925/2824/2040
f 1942/2834/2048 1958/2836/2049 1957/2826/2042 1941/2823/2041
f 1958/2836/2049 1974/2837/2050 1973/2828/2043 1957/2826/2042
f 1974/2839/2050 1990/2838/2051 1989/2829/2044 1973/2830/2043
f 1990/2838/2051 2000/2840/2052 1999/2802/2026 1989/2829/2044
f 1911/2843/2053 1910/2842/2045 1900/2841/2046
f 1911/2843/2053 1927/2845/2054 1926/2844/2047 1910/2842/2045
f 1927/2845/2054 1943/2847/2055 1942/2846/2048 1926/2844/2047
f 1943/2847/2055 1959/2849/2056 1958/2848/2049 1942/2846/2048
f 1959/2849/2056 1975/2851/2057 1974/2850/2050 1958/2848/2049
f 1975/2853/2057 1991/2852/2058 1990/2838/2051 1974/2839/2050
f 1991/2852/2058 2000/2840/2052 1990/2838/2051
f 1912/2854/1929 1911/2843/2053 1900/2841/2046
f 1912/2854/1929 1928/2855/2059 1927/2845/2054 1911/2843/2053
f 1928/2855/2059 1944/2856/2060 1943/2847/2055 1927/2845/2054
f 1944/2856/2060 1960/2857/2061 1959/2849/2056 1943/2847/2055
f 1960/2857/2061 1976/2858/2062 1975/2851/2057 1959/2849/2056
f 1976/2860/2062 1992/2859/1934 1991/2852/2058 1975/2853/2057
f 1992/2859/1934 2000/2840/2052 1991/2852/2058
f 1913/2861/2063 1912/2854/1929 1900/2841/2046
f 1913/2861/2063 1929/2862/2064 1928/2855/2059 1912/2854/1929
f 1929/2862/2064 1945/2863/2065 1944/2856/2060 1928/2855/2059
f 1945/2863/2065 1961/2864/2066 1960/2857/2061 1944/2856/2060
f 1961/2864/2066 1977/2865/2067 1976/2858/2062 1960/2857/2061
f 1977/2867/2067 1993/2866/2068 1992/2859/1934 1976/2860/2062
f 1993/2866/2068 2000/2840/2052 1992/2859/1934
f 1897/2869/1991 1914/2868/2069 1913/2861/2063 1900/2841/2046
f 1914/2868/2069 1930/2870/2070 1929/2862/2064 1913/2861/2063
f 1930/2870/2070 1946/2871/2071 1945/2863/2065 1929/2862/2064
f 1946/2871/2071 1962/2872/2072 1961/2864/2066 1945/2863/2065
f 1962/2872/2072 1978/2873/2073 1977/2865/2067 1961/2864/2066
f 1978/2875/2073 1994/2874/2074 1993/2866/2068 1977/2867/2067
f 1994/2874/2074 1997/2763/2005 2000/2840/2052 1993/2866/2068
f 1915/2876/2075 1914/2868/2069 1897/2869/1991
f 1915/2876/2075 1931/2877/2076 1930/2870/2070 1914/2868/2069
f 1931/2877/2076 1947/2878/2077 1946/2871/2071 1930/2870/2070
f 1947/2878/2077 1963/2879/2078 1962/2872/2072 1946/2871/2071
f 1963/2879/2078 1979/2880/2079 1978/2873/2073 1962/2872/2072
f 1979/2882/2079 1995/2881/2080 1994/2874/2074 1978/2875/2073
f 1995/2881/2080 1997/2763/2005 1994/2874/2074
f 1916/2883/2081 1915/2876/2075 1897/2869/1991
f 1916/2883/2081 1932/2884/2082 1931/2877/2076 1915/2876/2075
f 1932/2884/2082 1948/2885/2083 1947/2878/2077 1931/2877/2076
f 1948/2885/2083 1964/2886/1958 1963/2879/2078 1947/2878/2077
f 1964/2886/1958 1980/2887/2084 1979/2880/2079 1963/2879/2078
f 1980/2889/2084 1996/2888/2085 1995/2881/2080 1979/2882/2079
f 1996/2888/2085 1997/2763/2005 1995/2881/2080
f 1901/2890/1992 1916/2883/2081 1897/2869/1991
f 1901/2890/1992 1917/2891/1995 1932/2884/2082 1916/2883/2081
f 1917/2891/1995 1933/2892/1997 1948/2885/2083 1932/2884/2082
f 1933/2892/1997 1949/2893/1999 1964/2886/1958 1948/2885/2083
f 1949/2893/1999 1965/2894/2001 1980/2887/2084 1964/2886/1958
f 1965/2759/2001 1981/2760/2003 1996/2888/2085 1980/2889/2084
f 1981/2760/2003 1997/2763/2005 1996/2888/2085
f 1998/2764/2006 1999/2802/2026 2000/2840/2052 1997/2763/2005
f 1900/2832/2046 1899/2794/2020 1898/2748/1994 1897/2745/1991
f 2002/2898/2089 2006/2897/2088 2005/2896/2087 2001/2895/2086
f 2006/2902/2088 2022/2901/2091 2021/2900/2090 2005/2899/2087
f 2022/2901/2091 2038/2904/2093 2037/2903/2092 2021/2900/2090
f 2038/2904/2093 2054/2906/2095 2053/2905/2094 2037/2903/2092
f 2054/2906/2095 2070/2908/2097 2069/2907/2096 2053/2905/2094
f 2070/2912/2097 2086/2911/2099 2085/2910/2098 2069/2909/2096
f 2086/2911/2099 2102/2914/2101 2101/2913/2100 2085/2910/2098
f 2007/2915/2102 2006/2897/2088 2002/2898/2089
f 2007/2917/2102 2023/2916/2103 2022/2901/2091 2006/2902/2088
f 2023/2916/2103 2039/2918/2104 2038/2904/2093 2022/2901/2091
f 2039/2918/2104 2055/2919/1938 2054/2906/2095 2038/2904/2093
f 2055/2919/1938 2071/2920/2105 2070/2908/2097 2054/2906/2095
f 2071/2922/2105 2087/2921/2106 2086/2911/2099 2070/2912/2097
f 2087/2921/2106 2102/2914/2101 2086/2911/2099
f 2008/2923/2075 2007/2915/2102 2002/2898/2089
f 2008/2927/2075 2024/2926/2076 2023/2925/2103 2007/2924/2102
f 2024/2926/2076 2040/2929/2077 2039/2928/2104 2023/2925/2103
f 2040/2929/2077 2056/2931/2078 2055/2930/1938 2039/2928/2104
f 2056/2931/2078 2072/2933/2079 2071/2932/2105 2055/2930/1938
f 2072/2935/2079 2088/2934/2080 2087/2921/2106 2071/2922/2105
f 2088/2934/2080 2102/2914/2101 2087/2921/2106
f 2009/2936/2107 2008/2923/2075 2002/2898/2089
f 2009/2938/2107 2025/2937/2108 2024/2926/2076 2008/2927/2075
f 2025/2937/2108 2041/2939/2109 2040/2929/2077 2024/2926/2076
f 2041/2939/2109 2057/2940/2110 2056/2931/2078 2040/2929/2077
f 2057/2940/2110 2073/2941/2111 2072/2933/2079 2056/2931/2078
f 2073/2943/2111 2089/2942/2112 2088/2934/2080 2072/2935/2079
f 2089/2942/2112 2102/2914/2101 2088/2934/2080
f 2003/2945/2114 2010/2944/2113 2009/2936/2107 2002/2898/2089
f 2010/2947/2113 2026/2946/2115 2025/2937/2108 2009/2938/2107
f 2026/2946/2115 2042/2948/2116 2041/2939/2109 2025/2937/2108
f 2042/2948/2116 2058/2949/2117 2057/2940/2110 2041/2939/2109
f 2058/2949/2117 2074/2950/2118 2073/2941/2111 2057/2940/2110
f 2074/2952/2118 2090/2951/2119 2089/2942/2112 2073/2943/2111
f 2090/2951/2119 2103/2953/2120 2102/2914/2101 2089/2942/2112
f 2011/2954/1961 2010/2944/2113 2003/2945/2114
f 2011/2956/1961 2027/2955/2121 2026/2946/2115 2010/2947/2113
f 2027/2955/2121 2043/2957/2122 2042/2948/2116 2026/2946/2115
f 2043/2957/2122 2059/2958/2123 2058/2949/2117 2042/2948/2116
f 2059/2958/2123 2075/2959/2124 2074/2950/2118 2058/2949/2117
f 2075/2961/2124 2091/2960/1966 2090/2951/2119 2074/2952/2118
f 2091/2960/1966 2103/2953/2120 2090/2951/2119
f 2012/2962/2125 2011/2954/1961 2003/2945/2114
f 2012/2964/2125 2028/2963/2126 2027/2955/2121 2011/2956/1961
f 2028/2963/2126 2044/2965/2127 2043/2957/2122 2027/2955/2121
f 2044/2965/2127 2060/2966/2128 2059/2958/2123 2043/2957/2122
f 2060/2966/2128 2076/2967/2129 2075/2959/2124 2059/2958/2123
f 2076/2969/2129 2092/2968/2130 2091/2960/1966 2075/2961/2124
f 2092/2968/2130 2103/2953/2120 2091/2960/1966
f 2013/2970/2131 2012/2962/2125 2003/2945/2114
f 2013/2972/2131 2029/2971/2132 2028/2963/2126 2012/2964/2125
f 2029/2971/2132 2045/2973/2133 2044/2965/2127 2028/2963/2126
f 2045/2973/2133 2061/2974/2134 2060/2966/2128 2044/2965/2127
f 2061/2974/2134 2077/2975/2135 2076/2967/2129 2060/2966/2128
f 2077/2977/2135 2093/2976/2136 2092/2968/2130 2076/2969/2129
f 2093/2976/2136 2103/2953/2120 2092/2968/2130
f 2004/2979/2138 2014/2978/2137 2013/2970/2131 2003/2945/2114
f 2014/2981/2137 2030/2980/2139 2029/2971/2132 2013/2972/2131
f 2030/2980/2139 2046/2982/2140 2045/2973/2133 2029/2971/2132
f 2046/2982/2140 2062/2983/2141 2061/2974/2134 2045/2973/2133
f 2062/2983/2141 2078/2984/2142 2077/2975/2135 2061/2974/2134
f 2078/2986/2142 2094/2985/2143 2093/2976/2136 2077/2977/2135
f 2094/2985/2143 2104/2987/2144 2103/2953/2120 2093/2976/2136
f 2015/2990/2145 2014/2989/2137 2004/2988/2138
f 2015/2990/2145 2031/2992/2146 2030/2991/2139 2014/2989/2137
f 2031/2992/2146 2047/2994/2147 2046/2993/2140 2030/2991/2139
f 2047/2994/2147 2063/2996/2148 2062/2995/2141 2046/2993/2140
f 2063/2996/2148 2079/2998/2149 2078/2997/2142 2062/2995/2141
f 2079/3000/2149 2095/2999/2150 2094/2985/2143 2078/2986/2142
f 2095/2999/2150 2104/2987/2144 2094/2985/2143
f 2016/3001/2027 2015/2990/2145 2004/2988/2138
f 2016/3001/2027 2032/3002/2028 2031/2992/2146 2015/2990/2145
f 2032/3002/2028 2048/3003/2029 2047/2994/2147 2031/2992/2146
f 2048/3003/2029 2064/3004/2030 2063/2996/2148 2047/2994/2147
f 2064/3004/2030 2080/3005/2031 2079/2998/2149 2063/2996/2148
f 2080/3007/2031 2096/3006/2032 2095/2999/2150 2079/3000/2149
f 2096/3006/2032 2104/2987/2144 2095/2999/2150
f 2017/3008/2151 2016/3001/2027 2004/2988/2138
f 2017/3008/2151 2033/3009/2152 2032/3002/2028 2016/3001/2027
f 2033/3009/2152 2049/3010/2153 2048/3003/2029 2032/3002/2028
f 2049/3010/2153 2065/3011/2154 2064/3004/2030 2048/3003/2029
f 2065/3011/2154 2081/3012/2155 2080/3005/2031 2064/3004/2030
f 2081/3014/2155 2097/3013/2156 2096/3006/2032 2080/3007/2031
f 2097/3013/2156 2104/2987/2144 2096/3006/2032
f 2001/3016/2086 2018/3015/2157 2017/3008/2151 2004/2988/2138
f 2018/3015/2157 2034/3017/2158 2033/3009/2152 2017/3008/2151
f 2034/3017/2158 2050/3018/2159 2049/3010/2153 2033/3009/2152
f 2050/3018/2159 2066/3019/2160 2065/3011/2154 2049/3010/2153
f 2066/3019/2160 2082/3020/2161 2081/3012/2155 2065/3011/2154
f 2082/3022/2161 2098/3021/2162 2097/3013/2156 2081/3014/2155
f 2098/3021/2162 2101/2913/2100 2104/2987/2144 2097/3013/2156
f 2019/3023/1909 2018/3015/2157 2001/3016/2086
f 2019/3023/1909 2035/3024/1910 2034/3017/2158 2018/3015/2157
f 2035/3024/1910 2051/3025/1911 2050/3018/2159 2034/3017/2158
f 2051/3025/1911 2067/3026/1912 2066/3019/2160 2050/3018/2159
f 2067/3026/1912 2083/3027/1913 2082/3020/2161 2066/3019/2160
f 2083/3029/1913 2099/3028/1914 2098/3021/2162 2082/3022/2161
f 2099/3028/1914 2101/2913/2100 2098/3021/2162
f 2020/3030/2163 2019/3023/1909 2001/3016/2086
f 2020/3030/2163 2036/3031/2164 2035/3024/1910 2019/3023/1909
f 2036/3031/2164 2052/3032/2165 2051/3025/1911 2035/3024/1910
f 2052/3032/2165 2068/3033/2166 2067/3026/1912 2051/3025/1911
f 2068/3033/2166 2084/3034/2167 2083/3027/1913 2067/3026/1912
f 2084/3036/2167 2100/3035/2168 2099/3028/1914 2083/3029/1913
f 2100/3035/2168 2101/2913/2100 2099/3028/1914
f 2005/2896/2087 2020/3037/2163 2001/2895/2086
f 2005/2899/2087 2021/2900/2090 2036/3039/2164 2020/3038/2163
f 2021/2900/2090 2037/2903/2092 2052/3040/2165 2036/3039/2164
f 2037/2903/2092 2053/2905/2094 2068/3041/2166 2052/3040/2165
f 2053/2905/2094 2069/2907/2096 2084/3042/2167 2068/3041/2166
f 2069/2909/2096 2085/2910/2098 2100/3035/2168 2084/3036/2167
f 2085/2910/2098 2101/2913/2100 2100/3035/2168
f 2102/2914/2101 2103/2953/2120 2104/2987/2144 2101/2913/2100
f 2004/2979/2138 2003/2945/2114 2002/2898/2089 2001/2895/2086
f 2109/3045/4 2107/3044/4 2105/3043/4
f 2217/3049/770 2218/3048/770 2216/3047/5 2215/3046/5
f 2180/3052/1 2106/3051/1 2179/3050/1
f 2111/3053/4 2109/3045/4 2105/3043/4
f 2219/3055/2169 2220/3054/2169 2218/3048/770 2217/3049/770
f 2181/3056/1 2106/3051/1 2180/3052/1
f 2113/3057/4 2111/3053/4 2105/3043/4
f 2221/3059/1366 2222/3058/1366 2220/3054/2169 2219/3055/2169
f 2182/3060/1 2106/3051/1 2181/3056/1
f 2115/3061/4 2113/3057/4 2105/3043/4
f 2223/3063/2170 2224/3062/2170 2222/3058/1366 2221/3059/1366
f 2183/3064/1 2106/3051/1 2182/3060/1
f 2117/3065/4 2115/3061/4 2105/3043/4
f 2225/3067/613 2226/3066/613 2224/3062/2170 2223/3063/2170
f 2184/3068/1 2106/3051/1 2183/3064/1
f 2119/3069/4 2117/3065/4 2105/3043/4
f 2227/3071/2171 2228/3070/2171 2226/3066/613 2225/3067/613
f 2185/3072/1 2106/3051/1 2184/3068/1
f 2121/3073/4 2119/3069/4 2105/3043/4
f 2229/3075/1209 2230/3074/1209 2228/3070/2171 2227/3071/2171
f 2186/3076/1 2106/3051/1 2185/3072/1
f 2123/3077/4 2121/3073/4 2105/3043/4
f 2231/3079/2172 2232/3078/2172 2230/3074/1209 2229/3075/1209
f 2187/3080/1 2106/3051/1 2186/3076/1
f 2125/3081/4 2123/3077/4 2105/3043/4
f 2233/3083/456 2234/3082/456 2232/3078/2172 2231/3079/2172
f 2188/3084/1 2106/3051/1 2187/3080/1
f 2127/3085/4 2125/3081/4 2105/3043/4
f 2235/3087/2173 2236/3086/2173 2234/3082/456 2233/3083/456
f 2189/3088/1 2106/3051/1 2188/3084/1
f 2129/3089/4 2127/3085/4 2105/3043/4
f 2237/3091/1052 2238/3090/1052 2236/3086/2173 2235/3087/2173
f 2190/3092/1 2106/3051/1 2189/3088/1
f 2131/3093/4 2129/3089/4 2105/3043/4
f 2239/3095/10 2240/3094/10 2238/3090/1052 2237/3091/1052
f 2191/3096/1 2106/3051/1 2190/3092/1
f 2133/3097/4 2131/3093/4 2105/3043/4
f 2241/3099/1717 2242/3098/1717 2240/3094/10 2239/3095/10
f 2192/3100/1 2106/3051/1 2191/3096/1
f 2135/3101/4 2133/3097/4 2105/3043/4
f 2243/3103/2174 2244/3102/2174 2242/3098/1717 2241/3099/1717
f 2193/3104/1 2106/3051/1 2192/3100/1
f 2137/3105/4 2135/3101/4 2105/3043/4
f 2245/3107/893 2246/3106/893 2244/3102/2174 2243/3103/2174
f 2194/3108/1 2106/3051/1 2193/3104/1
f 2139/3109/4 2137/3105/4 2105/3043/4
f 2247/3111/2175 2248/3110/2175 2246/3106/893 2245/3107/893
f 2195/3112/1 2106/3051/1 2194/3108/1
f 2141/3113/4 2139/3109/4 2105/3043/4
f 2249/3115/1559 2250/3114/1559 2248/3110/2175 2247/3111/2175
f 2196/3116/1 2106/3051/1 2195/3112/1
f 2143/3117/4 2141/3113/4 2105/3043/4
f 2251/3119/2176 2252/3118/2176 2250/3114/1559 2249/3115/1559
f 2197/3120/1 2106/3051/1 2196/3116/1
f 2145/3121/4 2143/3117/4 2105/3043/4
f 2253/3123/736 2254/3122/736 2252/3118/2176 2251/3119/2176
f 2198/3124/1 2106/3051/1 2197/3120/1
f 2147/3125/4 2145/3121/4 2105/3043/4
f 2255/3129/2177 2256/3128/2177 2254/3127/736 2253/3126/736
f 2199/3130/1 2106/3051/1 2198/3124/1
f 2149/3131/4 2147/3125/4 2105/3043/4
f 2257/3133/1401 2258/3132/1401 2256/3128/2177 2255/3129/2177
f 2200/3134/1 2106/3051/1 2199/3130/1
f 2151/3135/4 2149/3131/4 2105/3043/4
f 2259/3137/2178 2260/3136/2178 2258/3132/1401 2257/3133/1401
f 2201/3138/1 2106/3051/1 2200/3134/1
f 2153/3139/4 2151/3135/4 2105/3043/4
f 2261/3141/578 2262/3140/578 2260/3136/2178 2259/3137/2178
f 2202/3142/1 2106/3051/1 2201/3138/1
f 2155/3143/4 2153/3139/4 2105/3043/4
f 2263/3145/15 2264/3144/15 2262/3140/578 2261/3141/578
f 2203/3146/1 2106/3051/1 2202/3142/1
f 2157/3147/4 2155/3143/4 2105/3043/4
f 2265/3149/1244 2266/3148/1244 2264/3144/15 2263/3145/15
f 2204/3150/1 2106/3051/1 2203/3146/1
f 2159/3151/4 2157/3147/4 2105/3043/4
f 2267/3153/2179 2268/3152/2179 2266/3148/1244 2265/3149/1244
f 2205/3154/1 2106/3051/1 2204/3150/1
f 2161/3155/4 2159/3151/4 2105/3043/4
f 2269/3157/422 2270/3156/422 2268/3152/2179 2267/3153/2179
f 2206/3158/1 2106/3051/1 2205/3154/1
f 2163/3159/4 2161/3155/4 2105/3043/4
f 2271/3161/2180 2272/3160/2180 2270/3156/422 2269/3157/422
f 2207/3162/1 2106/3051/1 2206/3158/1
f 2165/3163/4 2163/3159/4 2105/3043/4
f 2273/3165/1086 2274/3164/1086 2272/3160/2180 2271/3161/2180
f 2208/3166/1 2106/3051/1 2207/3162/1
f 2167/3167/4 2165/3163/4 2105/3043/4
f 2275/3169/2181 2276/3168/2181 2274/3164/1086 2273/3165/1086
f 2209/3170/1 2106/3051/1 2208/3166/1
f 2169/3171/4 2167/3167/4 2105/3043/4
f 2277/3173/1682 2278/3172/1682 2276/3168/2181 2275/3169/2181
f 2210/3174/1 2106/3051/1 2209/3170/1
f 2171/3175/4 2169/3171/4 2105/3043/4
f 2279/3177/2182 2280/3176/2182 2278/3172/1682 2277/3173/1682
f 2211/3178/1 2106/3051/1 2210/3174/1
f 2173/3179/4 2171/3175/4 2105/3043/4
f 2281/3181/928 2282/3180/928 2280/3176/2182 2279/3177/2182
f 2212/3182/1 2106/3051/1 2211/3178/1
f 2175/3183/4 2173/3179/4 2105/3043/4
f 2283/3185/2183 2284/3184/2183 2282/3180/928 2281/3181/928
f 2213/3186/1 2106/3051/1 2212/3182/1
f 2177/3187/4 2175/3183/4 2105/3043/4
f 2285/3189/1525 2286/3188/1525 2284/3184/2183 2283/3185/2183
f 2214/3190/1 2106/3051/1 2213/3186/1
f 2107/3044/4 2177/3187/4 2105/3043/4
f 2215/3046/5 2216/3047/5 2286/3188/1525 2285/3189/1525
f 2179/3050/1 2106/3051/1 2214/3190/1
f 2110/3194/2185 2180/3193/2185 2179/3192/2184 2108/3191/2184
f 2112/3196/2186 2181/3195/2186 2180/3193/2185 2110/3194/2185
f 2114/3198/2187 2182/3197/2187 2181/3195/2186 2112/3196/2186
f 2116/3200/2188 2183/3199/2188 2182/3197/2187 2114/3198/2187
f 2118/3202/2189 2184/3201/2189 2183/3199/2188 2116/3200/2188
f 2120/3204/2190 2185/3203/2190 2184/3201/2189 2118/3202/2189
f 2122/3206/2191 2186/3205/2191 2185/3203/2190 2120/3204/2190
f 2124/3208/2192 2187/3207/2192 2186/3205/2191 2122/3206/2191
f 2126/3210/2193 2188/3209/2193 2187/3207/2192 2124/3208/2192
f 2128/3212/2194 2189/3211/2194 2188/3209/2193 2126/3210/2193
f 2130/3214/2195 2190/3213/2195 2189/3211/2194 2128/3212/2194
f 2132/3216/2196 2191/3215/2196 2190/3213/2195 2130/3214/2195
f 2134/3218/2197 2192/3217/2197 2191/3215/2196 2132/3216/2196
f 2136/3220/2198 2193/3219/2198 2192/3217/2197 2134/3218/2197
f 2138/3222/2199 2194/3221/2199 2193/3219/2198 2136/3220/2198
f 2140/3224/2200 2195/3223/2200 2194/3221/2199 2138/3222/2199
f 2142/3226/2201 2196/3225/2201 2195/3223/2200 2140/3224/2200
f 2144/3228/2202 2197/3227/2202 2196/3225/2201 2142/3226/2201
f 2146/3230/2203 2198/3229/2203 2197/3227/2202 2144/3228/2202
f 2148/3234/2204 2199/3233/2204 2198/3232/2203 2146/3231/2203
f 2150/3236/2205 2200/3235/2205 2199/3233/2204 2148/3234/2204
f 2152/3238/2206 2201/3237/2206 2200/3235/2205 2150/3236/2205
f 2154/3240/2207 2202/3239/2207 2201/3237/2206 2152/3238/2206
f 2156/3242/2208 2203/3241/2208 2202/3239/2207 2154/3240/2207
f 2158/3244/2209 2204/3243/2209 2203/3241/2208 2156/3242/2208
f 2160/3246/2210 2205/3245/2210 2204/3243/2209 2158/3244/2209
f 2162/3248/2211 2206/3247/2211 2205/3245/2210 2160/3246/2210
f 2164/3250/2212 2207/3249/2212 2206/3247/2211 2162/3248/2211
f 2166/3252/2213 2208/3251/2213 2207/3249/2212 2164/3250/2212
f 2168/3254/2214 2209/3253/2214 2208/3251/2213 2166/3252/2213
f 2170/3256/2215 2210/3255/2215 2209/3253/2214 2168/3254/2214
f 2172/3258/2216 2211/3257/2216 2210/3255/2215 2170/3256/2215
f 2174/3260/2217 2212/3259/2217 2211/3257/2216 2172/3258/2216
f 2176/3262/2218 2213/3261/2218 2212/3259/2217 2174/3260/2217
f 2178/3264/2219 2214/3263/2219 2213/3261/2218 2176/3262/2218
f 2108/3191/2184 2179/3192/2184 2214/3263/2219 2178/3264/2219
f 2109/3045/4 2217/3266/4 2215/3265/4 2107/3044/4
f 2108/3191/1 2216/3268/1 2218/3267/1 2110/3194/1
f 2111/3053/4 2219/3269/4 2217/3266/4 2109/3045/4
f 2110/3194/1 2218/3267/1 2220/3270/1 2112/3196/1
f 2113/3057/4 2221/3271/4 2219/3269/4 2111/3053/4
f 2112/3196/1 2220/3270/1 2222/3272/1 2114/3198/1
f 2115/3061/4 2223/3273/4 2221/3271/4 2113/3057/4
f 2114/3198/1 2222/3272/1 2224/3274/1 2116/3200/1
f 2117/3065/4 2225/3275/4 2223/3273/4 2115/3061/4
f 2116/3200/1 2224/3274/1 2226/3276/1 2118/3202/1
f 2119/3069/4 2227/3277/4 2225/3275/4 2117/3065/4
f 2118/3202/1 2226/3276/1 2228/3278/1 2120/3204/1
f 2121/3073/4 2229/3279/4 2227/3277/4 2119/3069/4
f 2120/3204/1 2228/3278/1 2230/3280/1 2122/3206/1
f 2123/3077/4 2231/3281/4 2229/3279/4 2121/3073/4
f 2122/3206/1 2230/3280/1 2232/3282/1 2124/3208/1
f 2125/3081/4 2233/3283/4 2231/3281/4 2123/3077/4
f 2124/3208/1 2232/3282/1 2234/3284/1 2126/3210/1
f 2127/3085/4 2235/3285/4 2233/3283/4 2125/3081/4
f 2126/3210/1 2234/3284/1 2236/3286/1 2128/3212/1
f 2129/3089/4 2237/3287/4 2235/3285/4 2127/3085/4
f 2128/3212/1 2236/3286/1 2238/3288/1 2130/3214/1
f 2131/3093/4 2239/3289/4 2237/3287/4 2129/3089/4
f 2130/3214/1 2238/3288/1 2240/3290/1 2132/3216/1
f 2133/3097/4 2241/3291/4 2239/3289/4 2131/3093/4
f 2132/3216/1 2240/3290/1 2242/3292/1 2134/3218/1
f 2135/3101/4 2243/3293/4 2241/3291/4 2133/3097/4
f 2134/3218/1 2242/3292/1 2244/3294/1 2136/3220/1
f 2137/3105/4 2245/3295/4 2243/3293/4 2135/3101/4
f 2136/3220/1 2244/3294/1 2246/3296/1 2138/3222/1
f 2139/3109/4 2247/3297/4 2245/3295/4 2137/3105/4
f 2138/3222/1 2246/3296/1 2248/3298/1 2140/3224/1
f 2141/3113/4 2249/3299/4 2247/3297/4 2139/3109/4
f 2140/3224/1 2248/3298/1 2250/3300/1 2142/3226/1
f 2143/3117/4 2251/3301/4 2249/3299/4 2141/3113/4
f 2142/3226/1 2250/3300/1 2252/3302/1 2144/3228/1
f 2145/3121/4 2253/3303/4 2251/3301/4 2143/3117/4
f 2144/3228/1 2252/3302/1 2254/3304/1 2146/3230/1
f 2147/3125/4 2255/3305/4 2253/3303/4 2145/3121/4
f 2146/3231/1 2254/3307/1 2256/3306/1 2148/3234/1
f 2149/3131/4 2257/3308/4 2255/3305/4 2147/3125/4
f 2148/3234/1 2256/3306/1 2258/3309/1 2150/3236/1
f 2151/3135/4 2259/3310/4 2257/3308/4 2149/3131/4
f 2150/3236/1 2258/3309/1 2260/3311/1 2152/3238/1
f 2153/3139/4 2261/3312/4 2259/3310/4 2151/3135/4
f 2152/3238/1 2260/3311/1 2262/3313/1 2154/3240/1
f 2155/3143/4 2263/3314/4 2261/3312/4 2153/3139/4
f 2154/3240/1 2262/3313/1 2264/3315/1 2156/3242/1
f 2157/3147/4 2265/3316/4 2263/3314/4 2155/3143/4
f 2156/3242/1 2264/3315/1 2266/3317/1 2158/3244/1
f 2159/3151/4 2267/3318/4 2265/3316/4 2157/3147/4
f 2158/3244/1 2266/3317/1 2268/3319/1 2160/3246/1
f 2161/3155/4 2269/3320/4 2267/3318/4 2159/3151/4
f 2160/3246/1 2268/3319/1 2270/3321/1 2162/3248/1
f 2163/3159/4 2271/3322/4 2269/3320/4 2161/3155/4
f 2162/3248/1 2270/3321/1 2272/3323/1 2164/3250/1
f 2165/3163/4 2273/3324/4 2271/3322/4 2163/3159/4
f 2164/3250/1 2272/3323/1 2274/3325/1 2166/3252/1
f 2167/3167/4 2275/3326/4 2273/3324/4 2165/3163/4
f 2166/3252/1 2274/3325/1 2276/3327/1 2168/3254/1
f 2169/3171/4 2277/3328/4 2275/3326/4 2167/3167/4
f 2168/3254/1 2276/3327/1 2278/3329/1 2170/3256/1
f 2171/3175/4 2279/3330/4 2277/3328/4 2169/3171/4
f 2170/3256/1 2278/3329/1 2280/3331/1 2172/3258/1
f 2173/3179/4 2281/3332/4 2279/3330/4 2171/3175/4
f 2172/3258/1 2280/3331/1 2282/3333/1 2174/3260/1
f 2175/3183/4 2283/3334/4 2281/3332/4 2173/3179/4
f 2174/3260/1 2282/3333/1 2284/3335/1 2176/3262/1
f 2177/3187/4 2285/3336/4 2283/3334/4 2175/3183/4
f 2176/3262/1 2284/3335/1 2286/3337/1 2178/3264/1
f 2107/3044/4 2215/3265/4 2285/3336/4 2177/3187/4
f 2178/3264/1 2286/3337/1 2216/3268/1 2108/3191/1
f 2291/3340/4 2289/3339/4 2287/3338/4
f 2291/3344/770 2292/3343/770 2290/3342/5 2289/3341/5
f 2292/3347/1 2288/3346/1 2290/3345/1
f 2293/3348/4 2291/3340/4 2287/3338/4
f 2293/3350/2169 2294/3349/2169 2292/3343/770 2291/3344/770
f 2294/3351/1 2288/3346/1 2292/3347/1
f 2295/3352/4 2293/3348/4 2287/3338/4
f 2295/3354/2220 2296/3353/2220 2294/3349/2169 2293/3350/2169
f 2296/3355/1 2288/3346/1 2294/3351/1
f 2297/3356/4 2295/3352/4 2287/3338/4
f 2297/3358/2170 2298/3357/2170 2296/3353/2220 2295/3354/2220
f 2298/3359/1 2288/3346/1 2296/3355/1
f 2299/3360/4 2297/3356/4 2287/3338/4
f 2299/3362/613 2300/3361/613 2298/3357/2170 2297/3358/2170
f 2300/3363/1 2288/3346/1 2298/3359/1
f 2301/3364/4 2299/3360/4 2287/3338/4
f 2301/3366/2221 2302/3365/2221 2300/3361/613 2299/3362/613
f 2302/3367/1 2288/3346/1 2300/3363/1
f 2303/3368/4 2301/3364/4 2287/3338/4
f 2303/3370/1209 2304/3369/1209 2302/3365/2221 2301/3366/2221
f 2304/3371/1 2288/3346/1 2302/3367/1
f 2305/3372/4 2303/3368/4 2287/3338/4
f 2305/3374/2172 2306/3373/2172 2304/3369/1209 2303/3370/1209
f 2306/3375/1 2288/3346/1 2304/3371/1
f 2307/3376/4 2305/3372/4 2287/3338/4
f 2307/3378/456 2308/3377/456 2306/3373/2172 2305/3374/2172
f 2308/3379/1 2288/3346/1 2306/3375/1
f 2309/3380/4 2307/3376/4 2287/3338/4
f 2309/3382/2173 2310/3381/2173 2308/3377/456 2307/3378/456
f 2310/3383/1 2288/3346/1 2308/3379/1
f 2311/3384/4 2309/3380/4 2287/3338/4
f 2311/3386/1052 2312/3385/1052 2310/3381/2173 2309/3382/2173
f 2312/3387/1 2288/3346/1 2310/3383/1
f 2313/3388/4 2311/3384/4 2287/3338/4
f 2313/3390/2222 2314/3389/2222 2312/3385/1052 2311/3386/1052
f 2314/3391/1 2288/3346/1 2312/3387/1
f 2315/3392/4 2313/3388/4 2287/3338/4
f 2315/3394/1717 2316/3393/1717 2314/3389/2222 2313/3390/2222
f 2316/3395/1 2288/3346/1 2314/3391/1
f 2317/3396/4 2315/3392/4 2287/3338/4
f 2317/3398/2174 2318/3397/2174 2316/3393/1717 2315/3394/1717
f 2318/3399/1 2288/3346/1 2316/3395/1
f 2319/3400/4 2317/3396/4 2287/3338/4
f 2319/3402/2223 2320/3401/2223 2318/3397/2174 2317/3398/2174
f 2320/3403/1 2288/3346/1 2318/3399/1
f 2321/3404/4 2319/3400/4 2287/3338/4
f 2321/3406/2175 2322/3405/2175 2320/3401/2223 2319/3402/2223
f 2322/3407/1 2288/3346/1 2320/3403/1
f 2323/3408/4 2321/3404/4 2287/3338/4
f 2323/3410/1559 2324/3409/1559 2322/3405/2175 2321/3406/2175
f 2324/3411/1 2288/3346/1 2322/3407/1
f 2325/3412/4 2323/3408/4 2287/3338/4
f 2325/3414/2176 2326/3413/2176 2324/3409/1559 2323/3410/1559
f 2326/3415/1 2288/3346/1 2324/3411/1
f 2327/3416/4 2325/3412/4 2287/3338/4
f 2327/3418/736 2328/3417/736 2326/3413/2176 2325/3414/2176
f 2328/3419/1 2288/3346/1 2326/3415/1
f 2329/3420/4 2327/3416/4 2287/3338/4
f 2329/3424/2177 2330/3423/2177 2328/3422/736 2327/3421/736
f 2330/3425/1 2288/3346/1 2328/3419/1
f 2331/3426/4 2329/3420/4 2287/3338/4
f 2331/3428/1400 2332/3427/1400 2330/3423/2177 2329/3424/2177
f 2332/3429/1 2288/3346/1 2330/3425/1
f 2333/3430/4 2331/3426/4 2287/3338/4
f 2333/3432/2178 2334/3431/2178 2332/3427/1400 2331/3428/1400
f 2334/3433/1 2288/3346/1 2332/3429/1
f 2335/3434/4 2333/3430/4 2287/3338/4
f 2335/3436/578 2336/3435/578 2334/3431/2178 2333/3432/2178
f 2336/3437/1 2288/3346/1 2334/3433/1
f 2337/3438/4 2335/3434/4 2287/3338/4
f 2337/3440/2224 2338/3439/2224 2336/3435/578 2335/3436/578
f 2338/3441/1 2288/3346/1 2336/3437/1
f 2339/3442/4 2337/3438/4 2287/3338/4
f 2339/3444/1244 2340/3443/1244 2338/3439/2224 2337/3440/2224
f 2340/3445/1 2288/3346/1 2338/3441/1
f 2341/3446/4 2339/3442/4 2287/3338/4
f 2341/3448/2179 2342/3447/2179 2340/3443/1244 2339/3444/1244
f 2342/3449/1 2288/3346/1 2340/3445/1
f 2343/3450/4 2341/3446/4 2287/3338/4
f 2343/3452/422 2344/3451/422 2342/3447/2179 2341/3448/2179
f 2344/3453/1 2288/3346/1 2342/3449/1
f 2345/3454/4 2343/3450/4 2287/3338/4
f 2345/3456/2180 2346/3455/2180 2344/3451/422 2343/3452/422
f 2346/3457/1 2288/3346/1 2344/3453/1
f 2347/3458/4 2345/3454/4 2287/3338/4
f 2347/3460/1086 2348/3459/1086 2346/3455/2180 2345/3456/2180
f 2348/3461/1 2288/3346/1 2346/3457/1
f 2349/3462/4 2347/3458/4 2287/3338/4
f 2349/3464/2225 2350/3463/2225 2348/3459/1086 2347/3460/1086
f 2350/3465/1 2288/3346/1 2348/3461/1
f 2351/3466/4 2349/3462/4 2287/3338/4
f 2351/3468/1682 2352/3467/1682 2350/3463/2225 2349/3464/2225
f 2352/3469/1 2288/3346/1 2350/3465/1
f 2353/3470/4 2351/3466/4 2287/3338/4
f 2353/3472/2182 2354/3471/2182 2352/3467/1682 2351/3468/1682
f 2354/3473/1 2288/3346/1 2352/3469/1
f 2355/3474/4 2353/3470/4 2287/3338/4
f 2355/3476/929 2356/3475/929 2354/3471/2182 2353/3472/2182
f 2356/3477/1 2288/3346/1 2354/3473/1
f 2357/3478/4 2355/3474/4 2287/3338/4
f 2357/3480/2183 2358/3479/2183 2356/3475/929 2355/3476/929
f 2358/3481/1 2288/3346/1 2356/3477/1
f 2359/3482/4 2357/3478/4 2287/3338/4
f 2359/3484/1525 2360/3483/1525 2358/3479/2183 2357/3480/2183
f 2360/3485/1 2288/3346/1 2358/3481/1
f 2289/3339/4 2359/3482/4 2287/3338/4
f 2289/3341/5 2290/3342/5 2360/3483/1525 2359/3484/1525
f 2290/3345/1 2288/3346/1 2360/3485/1
f 2521/3489/2229 2382/3488/2228 2402/3487/2227 2401/3486/2226
f 2382/3488/2228 2523/3491/2231 2363/3490/2230 2402/3487/2227
f 2523/3491/2231 2524/3493/2233 2404/3492/2232 2363/3490/2230
f 2524/3493/2233 2525/3495/2235 2365/3494/2234 2404/3492/2232
f 2525/3495/2235 2386/3497/2237 2366/3496/2236 2365/3494/2234
f 2386/3497/2237 2387/3499/2239 2367/3498/2238 2366/3496/2236
f 2387/3499/2239 2388/3501/2241 2408/3500/2240 2367/3498/2238
f 2388/3501/2241 2389/3503/2243 2369/3502/2242 2408/3500/2240
f 2389/3503/2243 2530/3505/2245 2410/3504/2244 2369/3502/2242
f 2530/3505/2245 2391/3507/2247 2411/3506/2246 2410/3504/2244
f 2391/3507/2247 2532/3509/2249 2372/3508/2248 2411/3506/2246
f 2532/3509/2249 2533/3511/2251 2373/3510/2250 2372/3508/2248
f 2533/3511/2251 2534/3513/2253 2414/3512/2252 2373/3510/2250
f 2534/3513/2253 2395/3515/2255 2375/3514/2254 2414/3512/2252
f 2395/3515/2255 2396/3517/2257 2416/3516/2256 2375/3514/2254
f 2396/3517/2257 2537/3519/2259 2417/3518/2258 2416/3516/2256
f 2537/3519/2259 2538/3521/2261 2418/3520/2260 2417/3518/2258
f 2538/3521/2261 2399/3523/2263 2419/3522/2262 2418/3520/2260
f 2399/3527/2265 2540/3526/2265 2420/3525/2264 2419/3524/2264
f 2540/3526/2267 2521/3529/2267 2401/3528/2266 2420/3525/2266
f 2402/3487/2227 2422/3531/2269 2421/3530/2268 2401/3486/2226
f 2363/3490/2230 2423/3532/2270 2422/3531/2269 2402/3487/2227
f 2404/3492/2232 2424/3533/2271 2423/3532/2270 2363/3490/2230
f 2365/3494/2234 2425/3534/2272 2424/3533/2271 2404/3492/2232
f 2366/3496/2236 2426/3535/2273 2425/3534/2272 2365/3494/2234
f 2367/3498/2238 2427/3536/2274 2426/3535/2273 2366/3496/2236
f 2408/3500/2240 2428/3537/2275 2427/3536/2274 2367/3498/2238
f 2369/3502/2242 2429/3538/2276 2428/3537/2275 2408/3500/2240
f 2410/3504/2244 2430/3539/2277 2429/3538/2276 2369/3502/2242
f 2411/3506/2246 2431/3540/2278 2430/3539/2277 2410/3504/2244
f 2372/3508/2248 2432/3541/2279 2431/3540/2278 2411/3506/2246
f 2373/3510/2250 2433/3542/2280 2432/3541/2279 2372/3508/2248
f 2414/3512/2252 2434/3543/2281 2433/3542/2280 2373/3510/2250
f 2375/3514/2254 2435/3544/2282 2434/3543/2281 2414/3512/2252
f 2416/3516/2256 2436/3545/2283 2435/3544/2282 2375/3514/2254
f 2417/3518/2258 2437/3546/2284 2436/3545/2283 2416/3516/2256
f 2418/3520/2260 2438/3547/2285 2437/3546/2284 2417/3518/2258
f 2419/3522/2262 2439/3548/2286 2438/3547/2285 2418/3520/2260
f 2420/3525/2264 2440/3550/2287 2439/3549/2287 2419/3524/2264
f 2401/3528/2266 2421/3551/2288 2440/3550/2288 2420/3525/2266
f 2422/3531/2269 2442/3553/2290 2441/3552/2289 2421/3530/2268
f 2423/3532/2270 2443/3554/2291 2442/3553/2290 2422/3531/2269
f 2424/3533/2271 2444/3555/2292 2443/3554/2291 2423/3532/2270
f 2425/3534/2272 2445/3556/2293 2444/3555/2292 2424/3533/2271
f 2426/3535/2273 2446/3557/2294 2445/3556/2293 2425/3534/2272
f 2427/3536/2274 2447/3558/2295 2446/3557/2294 2426/3535/2273
f 2428/3537/2275 2448/3559/2296 2447/3558/2295 2427/3536/2274
f 2429/3538/2276 2449/3560/2297 2448/3559/2296 2428/3537/2275
f 2430/3539/2277 2450/3561/2298 2449/3560/2297 2429/3538/2276
f 2431/3540/2278 2451/3562/2299 2450/3561/2298 2430/3539/2277
f 2432/3541/2279 2452/3563/2300 2451/3562/2299 2431/3540/2278
f 2433/3542/2280 2453/3564/2301 2452/3563/2300 2432/3541/2279
f 2434/3543/2281 2454/3565/2302 2453/3564/2301 2433/3542/2280
f 2435/3544/2282 2455/3566/2303 2454/3565/2302 2434/3543/2281
f 2436/3545/2283 2456/3567/2304 2455/3566/2303 2435/3544/2282
f 2437/3546/2284 2457/3568/2305 2456/3567/2304 2436/3545/2283
f 2438/3547/2285 2458/3569/2306 2457/3568/2305 2437/3546/2284
f 2439/3548/2286 2459/3570/2307 2458/3569/2306 2438/3547/2285
f 2440/3550/2287 2460/3572/2308 2459/3571/2308 2439/3549/2287
f 2421/3551/2288 2441/3573/2309 2460/3572/2309 2440/3550/2288
f 2442/3577/2290 2462/3576/2311 2461/3575/2310 2441/3574/2289
f 2443/3579/2291 2463/3578/2312 2462/3576/2311 2442/3577/2290
f 2444/3581/2292 2464/3580/2313 2463/3578/2312 2443/3579/2291
f 2445/3583/2293 2465/3582/2314 2464/3580/2313 2444/3581/2292
f 2446/3585/2294 2466/3584/2315 2465/3582/2314 2445/3583/2293
f 2447/3587/2295 2467/3586/2316 2466/3584/2315 2446/3585/2294
f 2448/3589/2296 2468/3588/2317 2467/3586/2316 2447/3587/2295
f 2449/3591/2297 2469/3590/2318 2468/3588/2317 2448/3589/2296
f 2450/3593/2298 2470/3592/2319 2469/3590/2318 2449/3591/2297
f 2451/3595/2299 2471/3594/2320 2470/3592/2319 2450/3593/2298
f 2452/3597/2300 2472/3596/2321 2471/3594/2320 2451/3595/2299
f 2453/3599/2301 2473/3598/2322 2472/3596/2321 2452/3597/2300
f 2454/3601/2302 2474/3600/2323 2473/3598/2322 2453/3599/2301
f 2455/3603/2303 2475/3602/2324 2474/3600/2323 2454/3601/2302
f 2456/3605/2304 2476/3604/2325 2475/3602/2324 2455/3603/2303
f 2457/3607/2305 2477/3606/2326 2476/3604/2325 2456/3605/2304
f 2458/3609/2306 2478/3608/2327 2477/3606/2326 2457/3607/2305
f 2459/3611/2307 2479/3610/2328 2478/3608/2327 2458/3609/2306
f 2460/3613/2308 2480/3612/2329 2479/3610/2329 2459/3611/2308
f 2441/3574/2309 2461/3575/2330 2480/3612/2330 2460/3613/2309
f 2462/3576/2311 2482/3615/2332 2501/3614/2331 2461/3575/2310
f 2463/3578/2312 2503/3616/2333 2482/3615/2332 2462/3576/2311
f 2464/3580/2313 2504/3617/2334 2503/3616/2333 2463/3578/2312
f 2465/3582/2314 2505/3618/2335 2504/3617/2334 2464/3580/2313
f 2466/3584/2315 2486/3619/2336 2505/3618/2335 2465/3582/2314
f 2467/3586/2316 2487/3620/2337 2486/3619/2336 2466/3584/2315
f 2468/3588/2317 2508/3621/2338 2487/3620/2337 2467/3586/2316
f 2469/3590/2318 2509/3622/2339 2508/3621/2338 2468/3588/2317
f 2470/3592/2319 2490/3623/2340 2509/3622/2339 2469/3590/2318
f 2471/3594/2320 2491/3624/2341 2490/3623/2340 2470/3592/2319
f 2472/3596/2321 2492/3625/2342 2491/3624/2341 2471/3594/2320
f 2473/3598/2322 2513/3626/2343 2492/3625/2342 2472/3596/2321
f 2474/3600/2323 2494/3627/2344 2513/3626/2343 2473/3598/2322
f 2475/3602/2324 2515/3628/2345 2494/3627/2344 2474/3600/2323
f 2476/3604/2325 2496/3629/2346 2515/3628/2345 2475/3602/2324
f 2477/3606/2326 2497/3630/2347 2496/3629/2346 2476/3604/2325
f 2478/3608/2327 2518/3631/2348 2497/3630/2347 2477/3606/2326
f 2479/3610/2328 2499/3632/2349 2518/3631/2348 2478/3608/2327
f 2480/3612/2329 2500/3633/2350 2499/3632/2349 2479/3610/2329
f 2461/3575/2330 2501/3614/2331 2500/3633/2350 2480/3612/2330
f 2518/3631/2348 2499/3632/2349 2500/3633/2350
f 2497/3630/2347 2518/3631/2348 2500/3633/2350
f 2504/3617/2334 2496/3629/2346 2497/3630/2347 2500/3633/2350
f 2490/3623/2340 2491/3624/2341 2492/3625/2342 2508/3621/2338
f 2508/3621/2338 2509/3622/2339 2490/3623/2340
f 2482/3615/2332 2500/3633/2350 2501/3614/2331
f 2503/3616/2333 2504/3617/2334 2500/3633/2350
f 2482/3615/2332 2503/3616/2333 2500/3633/2350
f 2504/3617/2334 2505/3618/2335 2515/3628/2345 2496/3629/2346
f 2505/3618/2335 2486/3619/2336 2494/3627/2344 2515/3628/2345
f 2487/3620/2337 2513/3626/2343 2494/3627/2344 2486/3619/2336
f 2508/3621/2338 2492/3625/2342 2513/3626/2343 2487/3620/2337
f 2541/3635/2352 2542/3634/2351 2382/3488/2228 2521/3489/2229
f 2542/3634/2351 2543/3636/2353 2523/3491/2231 2382/3488/2228
f 2543/3636/2353 2544/3637/2354 2524/3493/2233 2523/3491/2231
f 2544/3637/2354 2545/3638/2355 2525/3495/2235 2524/3493/2233
f 2545/3638/2355 2546/3639/2356 2386/3497/2237 2525/3495/2235
f 2546/3639/2356 2547/3640/2357 2387/3499/2239 2386/3497/2237
f 2547/3640/2357 2548/3641/2358 2388/3501/2241 2387/3499/2239
f 2548/3641/2358 2549/3642/2359 2389/3503/2243 2388/3501/2241
f 2549/3642/2359 2550/3643/2360 2530/3505/2245 2389/3503/2243
f 2550/3643/2360 2551/3644/2361 2391/3507/2247 2530/3505/2245
f 2551/3644/2361 2552/3645/2362 2532/3509/2249 2391/3507/2247
f 2552/3645/2362 2553/3646/2363 2533/3511/2251 2532/3509/2249
f 2553/3646/2363 2554/3647/2364 2534/3513/2253 2533/3511/2251
f 2554/3647/2364 2555/3648/2365 2395/3515/2255 2534/3513/2253
f 2555/3648/2365 2556/3649/2366 2396/3517/2257 2395/3515/2255
f 2556/3649/2366 2557/3650/2367 2537/3519/2259 2396/3517/2257
f 2557/3650/2367 2558/3651/2368 2538/3521/2261 2537/3519/2259
f 2558/3651/2368 2559/3652/2369 2399/3523/2263 2538/3521/2261
f 2559/3654/2370 2560/3653/2370 2540/3526/2265 2399/3527/2265
f 2560/3653/2371 2541/3655/2371 2521/3529/2267 2540/3526/2267
f 2397/3657/2373 2398/3656/2372 2542/3634/2351 2541/3635/2352
f 2398/3656/2372 2400/3658/2374 2543/3636/2353 2542/3634/2351
f 2400/3658/2374 2403/3659/2375 2544/3637/2354 2543/3636/2353
f 2403/3659/2375 2405/3660/2376 2545/3638/2355 2544/3637/2354
f 2405/3660/2376 2406/3661/2377 2546/3639/2356 2545/3638/2355
f 2406/3661/2377 2407/3662/2378 2547/3640/2357 2546/3639/2356
f 2407/3662/2378 2409/3663/2379 2548/3641/2358 2547/3640/2357
f 2409/3663/2379 2412/3664/2380 2549/3642/2359 2548/3641/2358
f 2412/3664/2380 2413/3665/2381 2550/3643/2360 2549/3642/2359
f 2413/3665/2381 2415/3666/2382 2551/3644/2361 2550/3643/2360
f 2415/3666/2382 2481/3667/2383 2552/3645/2362 2551/3644/2361
f 2481/3667/2383 2483/3668/2384 2553/3646/2363 2552/3645/2362
f 2483/3668/2384 2484/3669/2385 2554/3647/2364 2553/3646/2363
f 2484/3669/2385 2485/3670/2386 2555/3648/2365 2554/3647/2364
f 2485/3670/2386 2488/3671/2387 2556/3649/2366 2555/3648/2365
f 2488/3671/2387 2489/3672/2388 2557/3650/2367 2556/3649/2366
f 2489/3672/2388 2493/3673/2389 2558/3651/2368 2557/3650/2367
f 2493/3673/2389 2495/3674/2390 2559/3652/2369 2558/3651/2368
f 2495/3676/2391 2498/3675/2391 2560/3653/2370 2559/3654/2370
f 2498/3675/2392 2397/3677/2392 2541/3655/2371 2560/3653/2371
f 2502/3681/2394 2506/3680/2393 2398/3679/2372 2397/3678/2373
f 2506/3680/2393 2507/3683/2395 2400/3682/2374 2398/3679/2372
f 2507/3683/2395 2510/3685/2396 2403/3684/2375 2400/3682/2374
f 2510/3685/2396 2511/3687/2397 2405/3686/2376 2403/3684/2375
f 2511/3687/2397 2512/3689/2398 2406/3688/2377 2405/3686/2376
f 2512/3689/2398 2514/3691/2399 2407/3690/2378 2406/3688/2377
f 2514/3691/2399 2516/3693/2400 2409/3692/2379 2407/3690/2378
f 2516/3693/2400 2517/3695/2401 2412/3694/2380 2409/3692/2379
f 2517/3695/2401 2519/3697/2402 2413/3696/2381 2412/3694/2380
f 2519/3697/2402 2520/3699/2403 2415/3698/2382 2413/3696/2381
f 2520/3699/2403 2522/3701/2404 2481/3700/2383 2415/3698/2382
f 2522/3701/2404 2526/3703/2405 2483/3702/2384 2481/3700/2383
f 2526/3703/2405 2527/3705/2406 2484/3704/2385 2483/3702/2384
f 2527/3705/2406 2528/3707/2407 2485/3706/2386 2484/3704/2385
f 2528/3707/2407 2529/3709/2408 2488/3708/2387 2485/3706/2386
f 2529/3709/2408 2531/3711/2409 2489/3710/2388 2488/3708/2387
f 2531/3711/2409 2535/3713/2410 2493/3712/2389 2489/3710/2388
f 2535/3713/2410 2536/3715/2411 2495/3714/2390 2493/3712/2389
f 2536/3715/2412 2539/3717/2412 2498/3716/2391 2495/3714/2391
f 2539/3717/2413 2502/3681/2413 2397/3678/2392 2498/3716/2392
f 2361/3719/2415 2362/3718/2414 2506/3680/2393 2502/3681/2394
f 2362/3718/2414 2376/3720/2416 2507/3683/2395 2506/3680/2393
f 2376/3720/2416 2377/3721/2417 2510/3685/2396 2507/3683/2395
f 2377/3721/2417 2378/3722/2418 2511/3687/2397 2510/3685/2396
f 2378/3722/2418 2364/3723/2419 2512/3689/2398 2511/3687/2397
f 2364/3723/2419 2379/3724/2420 2514/3691/2399 2512/3689/2398
f 2379/3724/2420 2380/3725/2421 2516/3693/2400 2514/3691/2399
f 2380/3725/2421 2381/3726/2422 2517/3695/2401 2516/3693/2400
f 2381/3726/2422 2383/3727/2423 2519/3697/2402 2517/3695/2401
f 2383/3727/2423 2368/3728/2424 2520/3699/2403 2519/3697/2402
f 2368/3728/2424 2384/3729/2425 2522/3701/2404 2520/3699/2403
f 2384/3729/2425 2370/3730/2426 2526/3703/2405 2522/3701/2404
f 2370/3730/2426 2385/3731/2427 2527/3705/2406 2526/3703/2405
f 2385/3731/2427 2390/3732/2428 2528/3707/2407 2527/3705/2406
f 2390/3732/2428 2371/3733/2429 2529/3709/2408 2528/3707/2407
f 2371/3733/2429 2392/3734/2430 2531/3711/2409 2529/3709/2408
f 2392/3734/2430 2393/3735/2431 2535/3713/2410 2531/3711/2409
f 2393/3735/2431 2394/3736/2432 2536/3715/2411 2535/3713/2410
f 2394/3736/2432 2374/3737/2433 2539/3717/2412 2536/3715/2412
f 2374/3737/2433 2361/3719/2415 2502/3681/2413 2539/3717/2413
f 2374/3737/2433 2362/3718/2414 2361/3719/2415
f 2374/3737/2433 2376/3720/2416 2362/3718/2414
f 2374/3737/2433 2377/3721/2417 2376/3720/2416
f 2390/3732/2428 2378/3722/2418 2377/3721/2417 2371/3733/2429
f 2384/3729/2425 2368/3728/2424 2383/3727/2423 2380/3725/2421
f 2392/3734/2430 2371/3733/2429 2377/3721/2417 2374/3737/2433
f 2383/3727/2423 2381/3726/2422 2380/3725/2421
f 2385/3731/2427 2364/3723/2419 2378/3722/2418 2390/3732/2428
f 2385/3731/2427 2370/3730/2426 2379/3724/2420 2364/3723/2419
f 2370/3730/2426 2384/3729/2425 2380/3725/2421 2379/3724/2420
f 2374/3737/2433 2393/3735/2431 2392/3734/2430
f 2374/3737/2433 2394/3736/2432 2393/3735/2431
f 2721/3741/2437 2582/3740/2436 2602/3739/2435 2601/3738/2434
f 2582/3740/2436 2723/3743/2439 2563/3742/2438 2602/3739/2435
f 2723/3743/2439 2724/3745/2441 2604/3744/2440 2563/3742/2438
f 2724/3745/2441 2725/3747/2443 2565/3746/2442 2604/3744/2440
f 2725/3747/2443 2586/3749/2445 2566/3748/2444 2565/3746/2442
f 2586/3749/2445 2587/3751/2447 2567/3750/2446 2566/3748/2444
f 2587/3751/2447 2588/3753/2449 2608/3752/2448 2567/3750/2446
f 2588/3753/2449 2589/3755/2451 2569/3754/2450 2608/3752/2448
f 2589/3755/2451 2730/3757/2453 2610/3756/2452 2569/3754/2450
f 2730/3757/2453 2591/3759/2455 2611/3758/2454 2610/3756/2452
f 2591/3759/2455 2732/3761/2457 2572/3760/2456 2611/3758/2454
f 2732/3761/2457 2733/3763/2459 2573/3762/2458 2572/3760/2456
f 2733/3763/2459 2734/3765/2461 2614/3764/2460 2573/3762/2458
f 2734/3765/2461 2595/3767/2463 2575/3766/2462 2614/3764/2460
f 2595/3767/2463 2596/3769/2465 2616/3768/2464 2575/3766/2462
f 2596/3769/2465 2737/3771/2467 2617/3770/2466 2616/3768/2464
f 2737/3771/2467 2738/3773/2469 2618/3772/2468 2617/3770/2466
f 2738/3773/2469 2599/3775/2471 2619/3774/2470 2618/3772/2468
f 2599/3779/2472 2740/3778/2472 2620/3777/2265 2619/3776/2265
f 2740/3778/2474 2721/3781/2474 2601/3780/2473 2620/3777/2473
f 2602/3739/2435 2622/3783/2476 2621/3782/2475 2601/3738/2434
f 2563/3742/2438 2623/3784/2477 2622/3783/2476 2602/3739/2435
f 2604/3744/2440 2624/3785/2478 2623/3784/2477 2563/3742/2438
f 2565/3746/2442 2625/3786/2479 2624/3785/2478 2604/3744/2440
f 2566/3748/2444 2626/3787/2480 2625/3786/2479 2565/3746/2442
f 2567/3750/2446 2627/3788/2481 2626/3787/2480 2566/3748/2444
f 2608/3752/2448 2628/3789/2482 2627/3788/2481 2567/3750/2446
f 2569/3754/2450 2629/3790/2483 2628/3789/2482 2608/3752/2448
f 2610/3756/2452 2630/3791/2484 2629/3790/2483 2569/3754/2450
f 2611/3758/2454 2631/3792/2485 2630/3791/2484 2610/3756/2452
f 2572/3760/2456 2632/3793/2486 2631/3792/2485 2611/3758/2454
f 2573/3762/2458 2633/3794/2487 2632/3793/2486 2572/3760/2456
f 2614/3764/2460 2634/3795/2488 2633/3794/2487 2573/3762/2458
f 2575/3766/2462 2635/3796/2489 2634/3795/2488 2614/3764/2460
f 2616/3768/2464 2636/3797/2490 2635/3796/2489 2575/3766/2462
f 2617/3770/2466 2637/3798/2491 2636/3797/2490 2616/3768/2464
f 2618/3772/2468 2638/3799/2492 2637/3798/2491 2617/3770/2466
f 2619/3774/2470 2639/3800/2493 2638/3799/2492 2618/3772/2468
f 2620/3777/2265 2640/3802/2370 2639/3801/2370 2619/3776/2265
f 2601/3780/2473 2621/3803/2494 2640/3802/2494 2620/3777/2473
f 2622/3783/2476 2642/3805/2496 2641/3804/2495 2621/3782/2475
f 2623/3784/2477 2643/3806/2497 2642/3805/2496 2622/3783/2476
f 2624/3785/2478 2644/3807/2498 2643/3806/2497 2623/3784/2477
f 2625/3786/2479 2645/3808/2499 2644/3807/2498 2624/3785/2478
f 2626/3787/2480 2646/3809/2500 2645/3808/2499 2625/3786/2479
f 2627/3788/2481 2647/3810/2501 2646/3809/2500 2626/3787/2480
f 2628/3789/2482 2648/3811/2502 2647/3810/2501 2627/3788/2481
f 2629/3790/2483 2649/3812/2503 2648/3811/2502 2628/3789/2482
f 2630/3791/2484 2650/3813/2504 2649/3812/2503 2629/3790/2483
f 2631/3792/2485 2651/3814/2505 2650/3813/2504 2630/3791/2484
f 2632/3793/2486 2652/3815/2506 2651/3814/2505 2631/3792/2485
f 2633/3794/2487 2653/3816/2507 2652/3815/2506 2632/3793/2486
f 2634/3795/2488 2654/3817/2508 2653/3816/2507 2633/3794/2487
f 2635/3796/2489 2655/3818/2509 2654/3817/2508 2634/3795/2488
f 2636/3797/2490 2656/3819/2510 2655/3818/2509 2635/3796/2489
f 2637/3798/2491 2657/3820/2511 2656/3819/2510 2636/3797/2490
f 2638/3799/2492 2658/3821/2512 2657/3820/2511 2637/3798/2491
f 2639/3800/2493 2659/3822/2513 2658/3821/2512 2638/3799/2492
f 2640/3802/2370 2660/3824/2391 2659/3823/2391 2639/3801/2370
f 2621/3803/2494 2641/3825/2514 2660/3824/2514 2640/3802/2494
f 2642/3829/2496 2662/3828/2516 2661/3827/2515 2641/3826/2495
f 2643/3831/2497 2663/3830/2517 2662/3828/2516 2642/3829/2496
f 2644/3833/2498 2664/3832/2518 2663/3830/2517 2643/3831/2497
f 2645/3835/2499 2665/3834/2519 2664/3832/2518 2644/3833/2498
f 2646/3837/2500 2666/3836/2520 2665/3834/2519 2645/3835/2499
f 2647/3839/2501 2667/3838/2521 2666/3836/2520 2646/3837/2500
f 2648/3841/2502 2668/3840/2522 2667/3838/2521 2647/3839/2501
f 2649/3843/2503 2669/3842/2523 2668/3840/2522 2648/3841/2502
f 2650/3845/2504 2670/3844/2524 2669/3842/2523 2649/3843/2503
f 2651/3847/2505 2671/3846/2525 2670/3844/2524 2650/3845/2504
f 2652/3849/2506 2672/3848/2526 2671/3846/2525 2651/3847/2505
f 2653/3851/2507 2673/3850/2527 2672/3848/2526 2652/3849/2506
f 2654/3853/2508 2674/3852/2528 2673/3850/2527 2653/3851/2507
f 2655/3855/2509 2675/3854/2529 2674/3852/2528 2654/3853/2508
f 2656/3857/2510 2676/3856/2530 2675/3854/2529 2655/3855/2509
f 2657/3859/2511 2677/3858/2531 2676/3856/2530 2656/3857/2510
f 2658/3861/2512 2678/3860/2532 2677/3858/2531 2657/3859/2511
f 2659/3863/2513 2679/3862/2533 2678/3860/2532 2658/3861/2512
f 2660/3865/2391 2680/3864/2412 2679/3862/2412 2659/3863/2391
f 2641/3826/2514 2661/3827/2534 2680/3864/2534 2660/3865/2514
f 2662/3828/2516 2682/3867/2536 2701/3866/2535 2661/3827/2515
f 2663/3830/2517 2703/3868/2537 2682/3867/2536 2662/3828/2516
f 2664/3832/2518 2704/3869/2538 2703/3868/2537 2663/3830/2517
f 2665/3834/2519 2705/3870/2539 2704/3869/2538 2664/3832/2518
f 2666/3836/2520 2686/3871/2540 2705/3870/2539 2665/3834/2519
f 2667/3838/2521 2687/3872/2541 2686/3871/2540 2666/3836/2520
f 2668/3840/2522 2708/3873/2542 2687/3872/2541 2667/3838/2521
f 2669/3842/2523 2709/3874/2543 2708/3873/2542 2668/3840/2522
f 2670/3844/2524 2690/3875/2544 2709/3874/2543 2669/3842/2523
f 2671/3846/2525 2691/3876/2545 2690/3875/2544 2670/3844/2524
f 2672/3848/2526 2692/3877/2546 2691/3876/2545 2671/3846/2525
f 2673/3850/2527 2713/3878/2547 2692/3877/2546 2672/3848/2526
f 2674/3852/2528 2694/3879/2548 2713/3878/2547 2673/3850/2527
f 2675/3854/2529 2715/3880/2549 2694/3879/2548 2674/3852/2528
f 2676/3856/2530 2696/3881/2550 2715/3880/2549 2675/3854/2529
f 2677/3858/2531 2697/3882/2551 2696/3881/2550 2676/3856/2530
f 2678/3860/2532 2718/3883/2552 2697/3882/2551 2677/3858/2531
f 2679/3862/2533 2699/3884/2553 2718/3883/2552 2678/3860/2532
f 2680/3864/2412 2700/3885/2554 2699/3884/2553 2679/3862/2412
f 2661/3827/2534 2701/3866/2535 2700/3885/2554 2680/3864/2534
f 2718/3883/2552 2699/3884/2553 2700/3885/2554
f 2697/3882/2551 2718/3883/2552 2700/3885/2554
f 2704/3869/2538 2696/3881/2550 2697/3882/2551 2700/3885/2554
f 2690/3875/2544 2691/3876/2545 2692/3877/2546 2708/3873/2542
f 2708/3873/2542 2709/3874/2543 2690/3875/2544
f 2682/3867/2536 2700/3885/2554 2701/3866/2535
f 2703/3868/2537 2704/3869/2538 2700/3885/2554
f 2682/3867/2536 2703/3868/2537 2700/3885/2554
f 2704/3869/2538 2705/3870/2539 2715/3880/2549 2696/3881/2550
f 2705/3870/2539 2686/3871/2540 2694/3879/2548 2715/3880/2549
f 2687/3872/2541 2713/3878/2547 2694/3879/2548 2686/3871/2540
f 2708/3873/2542 2692/3877/2546 2713/3878/2547 2687/3872/2541
f 2741/3887/2556 2742/3886/2555 2582/3740/2436 2721/3741/2437
f 2742/3886/2555 2743/3888/2557 2723/3743/2439 2582/3740/2436
f 2743/3888/2557 2744/3889/2558 2724/3745/2441 2723/3743/2439
f 2744/3889/2558 2745/3890/2559 2725/3747/2443 2724/3745/2441
f 2745/3890/2559 2746/3891/2560 2586/3749/2445 2725/3747/2443
f 2746/3891/2560 2747/3892/2561 2587/3751/2447 2586/3749/2445
f 2747/3892/2561 2748/3893/2562 2588/3753/2449 2587/3751/2447
f 2748/3893/2562 2749/3894/2563 2589/3755/2451 2588/3753/2449
f 2749/3894/2563 2750/3895/2564 2730/3757/2453 2589/3755/2451
f 2750/3895/2564 2751/3896/2565 2591/3759/2455 2730/3757/2453
f 2751/3896/2565 2752/3897/2566 2732/3761/2457 2591/3759/2455
f 2752/3897/2566 2753/3898/2567 2733/3763/2459 2732/3761/2457
f 2753/3898/2567 2754/3899/2568 2734/3765/2461 2733/3763/2459
f 2754/3899/2568 2755/3900/2569 2595/3767/2463 2734/3765/2461
f 2755/3900/2569 2756/3901/2570 2596/3769/2465 2595/3767/2463
f 2756/3901/2570 2757/3902/2571 2737/3771/2467 2596/3769/2465
f 2757/3902/2571 2758/3903/2572 2738/3773/2469 2737/3771/2467
f 2758/3903/2572 2759/3904/2573 2599/3775/2471 2738/3773/2469
f 2759/3906/2287 2760/3905/2287 2740/3778/2472 2599/3779/2472
f 2760/3905/2574 2741/3907/2574 2721/3781/2474 2740/3778/2474
f 2597/3909/2576 2598/3908/2575 2742/3886/2555 2741/3887/2556
f 2598/3908/2575 2600/3910/2577 2743/3888/2557 2742/3886/2555
f 2600/3910/2577 2603/3911/2578 2744/3889/2558 2743/3888/2557
f 2603/3911/2578 2605/3912/2579 2745/3890/2559 2744/3889/2558
f 2605/3912/2579 2606/3913/2580 2746/3891/2560 2745/3890/2559
f 2606/3913/2580 2607/3914/2581 2747/3892/2561 2746/3891/2560
f 2607/3914/2581 2609/3915/2582 2748/3893/2562 2747/3892/2561
f 2609/3915/2582 2612/3916/2583 2749/3894/2563 2748/3893/2562
f 2612/3916/2583 2613/3917/2584 2750/3895/2564 2749/3894/2563
f 2613/3917/2584 2615/3918/2585 2751/3896/2565 2750/3895/2564
f 2615/3918/2585 2681/3919/2586 2752/3897/2566 2751/3896/2565
f 2681/3919/2586 2683/3920/2587 2753/3898/2567 2752/3897/2566
f 2683/3920/2587 2684/3921/2588 2754/3899/2568 2753/3898/2567
f 2684/3921/2588 2685/3922/2589 2755/3900/2569 2754/3899/2568
f 2685/3922/2589 2688/3923/2590 2756/3901/2570 2755/3900/2569
f 2688/3923/2590 2689/3924/2591 2757/3902/2571 2756/3901/2570
f 2689/3924/2591 2693/3925/2592 2758/3903/2572 2757/3902/2571
f 2693/3925/2592 2695/3926/2593 2759/3904/2573 2758/3903/2572
f 2695/3928/2308 2698/3927/2308 2760/3905/2287 2759/3906/2287
f 2698/3927/2594 2597/3929/2594 2741/3907/2574 2760/3905/2574
f 2702/3933/2596 2706/3932/2595 2598/3931/2575 2597/3930/2576
f 2706/3932/2595 2707/3935/2597 2600/3934/2577 2598/3931/2575
f 2707/3935/2597 2710/3937/2598 2603/3936/2578 2600/3934/2577
f 2710/3937/2598 2711/3939/2599 2605/3938/2579 2603/3936/2578
f 2711/3939/2599 2712/3941/2600 2606/3940/2580 2605/3938/2579
f 2712/3941/2600 2714/3943/2601 2607/3942/2581 2606/3940/2580
f 2714/3943/2601 2716/3945/2602 2609/3944/2582 2607/3942/2581
f 2716/3945/2602 2717/3947/2603 2612/3946/2583 2609/3944/2582
f 2717/3947/2603 2719/3949/2604 2613/3948/2584 2612/3946/2583
f 2719/3949/2604 2720/3951/2605 2615/3950/2585 2613/3948/2584
f 2720/3951/2605 2722/3953/2606 2681/3952/2586 2615/3950/2585
f 2722/3953/2606 2726/3955/2607 2683/3954/2587 2681/3952/2586
f 2726/3955/2607 2727/3957/2608 2684/3956/2588 2683/3954/2587
f 2727/3957/2608 2728/3959/2609 2685/3958/2589 2684/3956/2588
f 2728/3959/2609 2729/3961/2610 2688/3960/2590 2685/3958/2589
f 2729/3961/2610 2731/3963/2611 2689/3962/2591 2688/3960/2590
f 2731/3963/2611 2735/3965/2612 2693/3964/2592 2689/3962/2591
f 2735/3965/2612 2736/3967/2613 2695/3966/2593 2693/3964/2592
f 2736/3967/2614 2739/3969/2614 2698/3968/2308 2695/3966/2308
f 2739/3969/2615 2702/3933/2615 2597/3930/2594 2698/3968/2594
f 2561/3971/2617 2562/3970/2616 2706/3932/2595 2702/3933/2596
f 2562/3970/2616 2576/3972/2618 2707/3935/2597 2706/3932/2595
f 2576/3972/2618 2577/3973/2619 2710/3937/2598 2707/3935/2597
f 2577/3973/2619 2578/3974/2620 2711/3939/2599 2710/3937/2598
f 2578/3974/2620 2564/3975/2621 2712/3941/2600 2711/3939/2599
f 2564/3975/2621 2579/3976/2622 2714/3943/2601 2712/3941/2600
f 2579/3976/2622 2580/3977/2623 2716/3945/2602 2714/3943/2601
f 2580/3977/2623 2581/3978/2624 2717/3947/2603 2716/3945/2602
f 2581/3978/2624 2583/3979/2625 2719/3949/2604 2717/3947/2603
f 2583/3979/2625 2568/3980/2626 2720/3951/2605 2719/3949/2604
f 2568/3980/2626 2584/3981/2627 2722/3953/2606 2720/3951/2605
f 2584/3981/2627 2570/3982/2628 2726/3955/2607 2722/3953/2606
f 2570/3982/2628 2585/3983/2629 2727/3957/2608 2726/3955/2607
f 2585/3983/2629 2590/3984/2630 2728/3959/2609 2727/3957/2608
f 2590/3984/2630 2571/3985/2631 2729/3961/2610 2728/3959/2609
f 2571/3985/2631 2592/3986/2632 2731/3963/2611 2729/3961/2610
f 2592/3986/2632 2593/3987/2633 2735/3965/2612 2731/3963/2611
f 2593/3987/2633 2594/3988/2634 2736/3967/2613 2735/3965/2612
f 2594/3988/2634 2574/3989/2635 2739/3969/2614 2736/3967/2614
f 2574/3989/2635 2561/3971/2617 2702/3933/2615 2739/3969/2615
f 2574/3989/2635 2562/3970/2616 2561/3971/2617
f 2574/3989/2635 2576/3972/2618 2562/3970/2616
f 2574/3989/2635 2577/3973/2619 2576/3972/2618
f 2590/3984/2630 2578/3974/2620 2577/3973/2619 2571/3985/2631
f 2584/3981/2627 2568/3980/2626 2583/3979/2625 2580/3977/2623
f 2592/3986/2632 2571/3985/2631 2577/3973/2619 2574/3989/2635
f 2583/3979/2625 2581/3978/2624 2580/3977/2623
f 2585/3983/2629 2564/3975/2621 2578/3974/2620 2590/3984/2630
f 2585/3983/2629 2570/3982/2628 2579/3976/2622 2564/3975/2621
f 2570/3982/2628 2584/3981/2627 2580/3977/2623 2579/3976/2622
f 2574/3989/2635 2593/3987/2633 2592/3986/2632
f 2574/3989/2635 2594/3988/2634 2593/3987/2633
f 2806/3993/2639 2805/3992/2638 2761/3991/2637 2762/3990/2636
f 2807/3995/2641 2806/3993/2639 2762/3990/2636 2763/3994/2640
f 2808/3997/2643 2807/3995/2641 2763/3994/2640 2764/3996/2642
f 2809/3999/2645 2808/3997/2643 2764/3996/2642 2765/3998/2644
f 2810/4001/2647 2809/3999/2645 2765/3998/2644 2766/4000/2646
f 2811/4003/2649 2810/4001/2647 2766/4000/2646 2767/4002/2648
f 2812/4005/2651 2811/4003/2649 2767/4002/2648 2768/4004/2650
f 2813/4007/2653 2812/4005/2651 2768/4004/2650 2769/4006/2652
f 2814/4009/2655 2813/4007/2653 2769/4006/2652 2770/4008/2654
f 2815/4011/2657 2814/4009/2655 2770/4008/2654 2771/4010/2656
f 2816/4013/2659 2815/4011/2657 2771/4010/2656 2772/4012/2658
f 2817/4015/2661 2816/4013/2659 2772/4012/2658 2773/4014/2660
f 2818/4017/2663 2817/4015/2661 2773/4014/2660 2774/4016/2662
f 2819/4019/2665 2818/4017/2663 2774/4016/2662 2775/4018/2664
f 2820/4021/2667 2819/4019/2665 2775/4018/2664 2776/4020/2666
f 2821/4023/2669 2820/4021/2667 2776/4020/2666 2777/4022/2668
f 2822/4025/2671 2821/4023/2669 2777/4022/2668 2778/4024/2670
f 2823/4027/2673 2822/4025/2671 2778/4024/2670 2779/4026/2672
f 2824/4029/2675 2823/4027/2673 2779/4026/2672 2780/4028/2674
f 2825/4031/2677 2824/4029/2675 2780/4028/2674 2781/4030/2676
f 2826/4033/2679 2825/4031/2677 2781/4030/2676 2782/4032/2678
f 2827/4035/2681 2826/4033/2679 2782/4032/2678 2783/4034/2680
f 2828/4037/2683 2827/4035/2681 2783/4034/2680 2784/4036/2682
f 2829/4039/2685 2828/4037/2683 2784/4036/2682 2785/4038/2684
f 2830/4041/2687 2829/4039/2685 2785/4038/2684 2786/4040/2686
f 2831/4043/2689 2830/4041/2687 2786/4040/2686 2787/4042/2688
f 2832/4045/2691 2831/4043/2689 2787/4042/2688 2788/4044/2690
f 2833/4047/2693 2832/4045/2691 2788/4044/2690 2789/4046/2692
f 2834/4049/2695 2833/4047/2693 2789/4046/2692 2790/4048/2694
f 2835/4051/2697 2834/4049/2695 2790/4048/2694 2791/4050/2696
f 2836/4053/2699 2835/4051/2697 2791/4050/2696 2792/4052/2698
f 2837/4057/2701 2836/4056/2699 2792/4055/2698 2793/4054/2700
f 2838/4059/2703 2837/4057/2701 2793/4054/2700 2794/4058/2702
f 2839/4061/2705 2838/4059/2703 2794/4058/2702 2795/4060/2704
f 2840/4063/2707 2839/4061/2705 2795/4060/2704 2796/4062/2706
f 2841/4065/2709 2840/4063/2707 2796/4062/2706 2797/4064/2708
f 2842/4067/2711 2841/4065/2709 2797/4064/2708 2798/4066/2710
f 2843/4069/2713 2842/4067/2711 2798/4066/2710 2799/4068/2712
f 2844/4071/2715 2843/4069/2713 2799/4068/2712 2800/4070/2714
f 2845/4073/2717 2844/4071/2715 2800/4070/2714 2801/4072/2716
f 2846/4075/2719 2845/4073/2717 2801/4072/2716 2802/4074/2718
f 2847/4077/2721 2846/4075/2719 2802/4074/2718 2803/4076/2720
f 2848/4079/2723 2847/4077/2721 2803/4076/2720 2804/4078/2722
f 2805/3992/2638 2848/4079/2723 2804/4078/2722 2761/3991/2637
f 2850/4081/2725 2849/4080/2724 2805/3992/2638 2806/3993/2639
f 2851/4082/2726 2850/4081/2725 2806/3993/2639 2807/3995/2641
f 2852/4083/2727 2851/4082/2726 2807/3995/2641 2808/3997/2643
f 2853/4084/2728 2852/4083/2727 2808/3997/2643 2809/3999/2645
f 2854/4085/2729 2853/4084/2728 2809/3999/2645 2810/4001/2647
f 2855/4086/2730 2854/4085/2729 2810/4001/2647 2811/4003/2649
f 2856/4087/2731 2855/4086/2730 2811/4003/2649 2812/4005/2651
f 2857/4088/2732 2856/4087/2731 2812/4005/2651 2813/4007/2653
f 2858/4089/2733 2857/4088/2732 2813/4007/2653 2814/4009/2655
f 2859/4090/2734 2858/4089/2733 2814/4009/2655 2815/4011/2657
f 2860/4091/2735 2859/4090/2734 2815/4011/2657 2816/4013/2659
f 2861/4092/2736 2860/4091/2735 2816/4013/2659 2817/4015/2661
f 2862/4093/2737 2861/4092/2736 2817/4015/2661 2818/4017/2663
f 2863/4094/2738 2862/4093/2737 2818/4017/2663 2819/4019/2665
f 2864/4095/2739 2863/4094/2738 2819/4019/2665 2820/4021/2667
f 2865/4096/2740 2864/4095/2739 2820/4021/2667 2821/4023/2669
f 2866/4097/2741 2865/4096/2740 2821/4023/2669 2822/4025/2671
f 2867/4098/2742 2866/4097/2741 2822/4025/2671 2823/4027/2673
f 2868/4099/2743 2867/4098/2742 2823/4027/2673 2824/4029/2675
f 2869/4100/2744 2868/4099/2743 2824/4029/2675 2825/4031/2677
f 2870/4101/2745 2869/4100/2744 2825/4031/2677 2826/4033/2679
f 2871/4102/2746 2870/4101/2745 2826/4033/2679 2827/4035/2681
f 2872/4103/2747 2871/4102/2746 2827/4035/2681 2828/4037/2683
f 2873/4104/2748 2872/4103/2747 2828/4037/2683 2829/4039/2685
f 2874/4105/2749 2873/4104/2748 2829/4039/2685 2830/4041/2687
f 2875/4106/2750 2874/4105/2749 2830/4041/2687 2831/4043/2689
f 2876/4107/2751 2875/4106/2750 2831/4043/2689 2832/4045/2691
f 2877/4108/2752 2876/4107/2751 2832/4045/2691 2833/4047/2693
f 2878/4109/2753 2877/4108/2752 2833/4047/2693 2834/4049/2695
f 2879/4110/2754 2878/4109/2753 2834/4049/2695 2835/4051/2697
f 2880/4111/2755 2879/4110/2754 2835/4051/2697 2836/4053/2699
f 2881/4113/2756 2880/4112/2755 2836/4056/2699 2837/4057/2701
f 2882/4114/2757 2881/4113/2756 2837/4057/2701 2838/4059/2703
f 2883/4115/2758 2882/4114/2757 2838/4059/2703 2839/4061/2705
f 2884/4116/2759 2883/4115/2758 2839/4061/2705 2840/4063/2707
f 2885/4117/2760 2884/4116/2759 2840/4063/2707 2841/4065/2709
f 2886/4118/2761 2885/4117/2760 2841/4065/2709 2842/4067/2711
f 2887/4119/2762 2886/4118/2761 2842/4067/2711 2843/4069/2713
f 2888/4120/2763 2887/4119/2762 2843/4069/2713 2844/4071/2715
f 2889/4121/2764 2888/4120/2763 2844/4071/2715 2845/4073/2717
f 2890/4122/2765 2889/4121/2764 2845/4073/2717 2846/4075/2719
f 2891/4123/2766 2890/4122/2765 2846/4075/2719 2847/4077/2721
f 2892/4124/2767 2891/4123/2766 2847/4077/2721 2848/4079/2723
f 2849/4080/2724 2892/4124/2767 2848/4079/2723 2805/3992/2638
f 2894/4126/2769 2893/4125/2768 2849/4080/2724 2850/4081/2725
f 2895/4127/2770 2894/4126/2769 2850/4081/2725 2851/4082/2726
f 2896/4128/2771 2895/4127/2770 2851/4082/2726 2852/4083/2727
f 2897/4129/2772 2896/4128/2771 2852/4083/2727 2853/4084/2728
f 2898/4130/2773 2897/4129/2772 2853/4084/2728 2854/4085/2729
f 2899/4131/2774 2898/4130/2773 2854/4085/2729 2855/4086/2730
f 2900/4132/2775 2899/4131/2774 2855/4086/2730 2856/4087/2731
f 2901/4133/2776 2900/4132/2775 2856/4087/2731 2857/4088/2732
f 2902/4134/2777 2901/4133/2776 2857/4088/2732 2858/4089/2733
f 2903/4135/2778 2902/4134/2777 2858/4089/2733 2859/4090/2734
f 2904/4136/2779 2903/4135/2778 2859/4090/2734 2860/4091/2735
f 2905/4137/2780 2904/4136/2779 2860/4091/2735 2861/4092/2736
f 2906/4138/2781 2905/4137/2780 2861/4092/2736 2862/4093/2737
f 2907/4139/2782 2906/4138/2781 2862/4093/2737 2863/4094/2738
f 2908/4140/2783 2907/4139/2782 2863/4094/2738 2864/4095/2739
f 2909/4141/2784 2908/4140/2783 2864/4095/2739 2865/4096/2740
f 2910/4142/2785 2909/4141/2784 2865/4096/2740 2866/4097/2741
f 2911/4143/2786 2910/4142/2785 2866/4097/2741 2867/4098/2742
f 2912/4144/2787 2911/4143/2786 2867/4098/2742 2868/4099/2743
f 2913/4145/2788 2912/4144/2787 2868/4099/2743 2869/4100/2744
f 2914/4146/2789 2913/4145/2788 2869/4100/2744 2870/4101/2745
f 2915/4147/2790 2914/4146/2789 2870/4101/2745 2871/4102/2746
f 2916/4148/2791 2915/4147/2790 2871/4102/2746 2872/4103/2747
f 2917/4149/2792 2916/4148/2791 2872/4103/2747 2873/4104/2748
f 2918/4150/2793 2917/4149/2792 2873/4104/2748 2874/4105/2749
f 2919/4151/2794 2918/4150/2793 2874/4105/2749 2875/4106/2750
f 2920/4152/2795 2919/4151/2794 2875/4106/2750 2876/4107/2751
f 2921/4153/2796 2920/4152/2795 2876/4107/2751 2877/4108/2752
f 2922/4154/2797 2921/4153/2796 2877/4108/2752 2878/4109/2753
f 2923/4155/2798 2922/4154/2797 2878/4109/2753 2879/4110/2754
f 2924/4156/2799 2923/4155/2798 2879/4110/2754 2880/4111/2755
f 2925/4158/2800 2924/4157/2799 2880/4112/2755 2881/4113/2756
f 2926/4159/2801 2925/4158/2800 2881/4113/2756 2882/4114/2757
f 2927/4160/2802 2926/4159/2801 2882/4114/2757 2883/4115/2758
f 2928/4161/2803 2927/4160/2802 2883/4115/2758 2884/4116/2759
f 2929/4162/2804 2928/4161/2803 2884/4116/2759 2885/4117/2760
f 2930/4163/2805 2929/4162/2804 2885/4117/2760 2886/4118/2761
f 2931/4164/2806 2930/4163/2805 2886/4118/2761 2887/4119/2762
f 2932/4165/2807 2931/4164/2806 2887/4119/2762 2888/4120/2763
f 2933/4166/2808 2932/4165/2807 2888/4120/2763 2889/4121/2764
f 2934/4167/2809 2933/4166/2808 2889/4121/2764 2890/4122/2765
f 2935/4168/2810 2934/4167/2809 2890/4122/2765 2891/4123/2766
f 2936/4169/2811 2935/4168/2810 2891/4123/2766 2892/4124/2767
f 2893/4125/2768 2936/4169/2811 2892/4124/2767 2849/4080/2724
f 2938/4173/2813 2937/4172/2812 2893/4171/2768 2894/4170/2769
f 2939/4175/2814 2938/4173/2813 2894/4170/2769 2895/4174/2770
f 2940/4177/2815 2939/4175/2814 2895/4174/2770 2896/4176/2771
f 2941/4179/2816 2940/4177/2815 2896/4176/2771 2897/4178/2772
f 2942/4181/2817 2941/4179/2816 2897/4178/2772 2898/4180/2773
f 2943/4183/2818 2942/4181/2817 2898/4180/2773 2899/4182/2774
f 2944/4185/2819 2943/4183/2818 2899/4182/2774 2900/4184/2775
f 2945/4187/2820 2944/4185/2819 2900/4184/2775 2901/4186/2776
f 2946/4189/2821 2945/4187/2820 2901/4186/2776 2902/4188/2777
f 2947/4191/2822 2946/4189/2821 2902/4188/2777 2903/4190/2778
f 2948/4193/2823 2947/4191/2822 2903/4190/2778 2904/4192/2779
f 2949/4195/2824 2948/4193/2823 2904/4192/2779 2905/4194/2780
f 2950/4197/2825 2949/4195/2824 2905/4194/2780 2906/4196/2781
f 2951/4199/2826 2950/4197/2825 2906/4196/2781 2907/4198/2782
f 2952/4201/2827 2951/4199/2826 2907/4198/2782 2908/4200/2783
f 2953/4203/2828 2952/4201/2827 2908/4200/2783 2909/4202/2784
f 2954/4205/2829 2953/4203/2828 2909/4202/2784 2910/4204/2785
f 2955/4207/2830 2954/4205/2829 2910/4204/2785 2911/4206/2786
f 2956/4209/2831 2955/4207/2830 2911/4206/2786 2912/4208/2787
f 2957/4211/2832 2956/4209/2831 2912/4208/2787 2913/4210/2788
f 2958/4213/2833 2957/4211/2832 2913/4210/2788 2914/4212/2789
f 2959/4215/2834 2958/4213/2833 2914/4212/2789 2915/4214/2790
f 2960/4217/2835 2959/4215/2834 2915/4214/2790 2916/4216/2791
f 2961/4219/2836 2960/4217/2835 2916/4216/2791 2917/4218/2792
f 2962/4221/2837 2961/4219/2836 2917/4218/2792 2918/4220/2793
f 2963/4223/2838 2962/4221/2837 2918/4220/2793 2919/4222/2794
f 2964/4225/2839 2963/4223/2838 2919/4222/2794 2920/4224/2795
f 2965/4227/2840 2964/4225/2839 2920/4224/2795 2921/4226/2796
f 2966/4229/2841 2965/4227/2840 2921/4226/2796 2922/4228/2797
f 2967/4231/2842 2966/4229/2841 2922/4228/2797 2923/4230/2798
f 2968/4233/2843 2967/4231/2842 2923/4230/2798 2924/4232/2799
f 2969/4237/2844 2968/4236/2843 2924/4235/2799 2925/4234/2800
f 2970/4239/2845 2969/4237/2844 2925/4234/2800 2926/4238/2801
f 2971/4241/2846 2970/4239/2845 2926/4238/2801 2927/4240/2802
f 2972/4243/2847 2971/4241/2846 2927/4240/2802 2928/4242/2803
f 2973/4245/2848 2972/4243/2847 2928/4242/2803 2929/4244/2804
f 2974/4247/2849 2973/4245/2848 2929/4244/2804 2930/4246/2805
f 2975/4249/2850 2974/4247/2849 2930/4246/2805 2931/4248/2806
f 2976/4251/2851 2975/4249/2850 2931/4248/2806 2932/4250/2807
f 2977/4253/2852 2976/4251/2851 2932/4250/2807 2933/4252/2808
f 2978/4255/2853 2977/4253/2852 2933/4252/2808 2934/4254/2809
f 2979/4257/2854 2978/4255/2853 2934/4254/2809 2935/4256/2810
f 2980/4259/2855 2979/4257/2854 2935/4256/2810 2936/4258/2811
f 2937/4172/2812 2980/4259/2855 2936/4258/2811 2893/4171/2768
f 2982/4261/2857 2981/4260/2856 2937/4172/2812 2938/4173/2813
f 2983/4262/2858 2982/4261/2857 2938/4173/2813 2939/4175/2814
f 2984/4263/2859 2983/4262/2858 2939/4175/2814 2940/4177/2815
f 2985/4264/2860 2984/4263/2859 2940/4177/2815 2941/4179/2816
f 2986/4265/2861 2985/4264/2860 2941/4179/2816 2942/4181/2817
f 2987/4266/2862 2986/4265/2861 2942/4181/2817 2943/4183/2818
f 2988/4267/2863 2987/4266/2862 2943/4183/2818 2944/4185/2819
f 2989/4268/2864 2988/4267/2863 2944/4185/2819 2945/4187/2820
f 2990/4269/2865 2989/4268/2864 2945/4187/2820 2946/4189/2821
f 2991/4270/2866 2990/4269/2865 2946/4189/2821 2947/4191/2822
f 2992/4271/2867 2991/4270/2866 2947/4191/2822 2948/4193/2823
f 2993/4272/2868 2992/4271/2867 2948/4193/2823 2949/4195/2824
f 2994/4273/2869 2993/4272/2868 2949/4195/2824 2950/4197/2825
f 2995/4274/2870 2994/4273/2869 2950/4197/2825 2951/4199/2826
f 2996/4275/2871 2995/4274/2870 2951/4199/2826 2952/4201/2827
f 2997/4276/2872 2996/4275/2871 2952/4201/2827 2953/4203/2828
f 2998/4277/2873 2997/4276/2872 2953/4203/2828 2954/4205/2829
f 2999/4278/2874 2998/4277/2873 2954/4205/2829 2955/4207/2830
f 3000/4279/2875 2999/4278/2874 2955/4207/2830 2956/4209/2831
f 3001/4280/2876 3000/4279/2875 2956/4209/2831 2957/4211/2832
f 3002/4281/2877 3001/4280/2876 2957/4211/2832 2958/4213/2833
f 3003/4282/2878 3002/4281/2877 2958/4213/2833 2959/4215/2834
f 3004/4283/2879 3003/4282/2878 2959/4215/2834 2960/4217/2835
f 3005/4284/2880 3004/4283/2879 2960/4217/2835 2961/4219/2836
f 3006/4285/2881 3005/4284/2880 2961/4219/2836 2962/4221/2837
f 3007/4286/2882 3006/4285/2881 2962/4221/2837 2963/4223/2838
f 3008/4287/2883 3007/4286/2882 2963/4223/2838 2964/4225/2839
f 3009/4288/2884 3008/4287/2883 2964/4225/2839 2965/4227/2840
f 3010/4289/2885 3009/4288/2884 2965/4227/2840 2966/4229/2841
f 3011/4290/2886 3010/4289/2885 2966/4229/2841 2967/4231/2842
f 3012/4291/2887 3011/4290/2886 2967/4231/2842 2968/4233/2843
f 3013/4293/2888 3012/4292/2887 2968/4236/2843 2969/4237/2844
f 3014/4294/2889 3013/4293/2888 2969/4237/2844 2970/4239/2845
f 3015/4295/2890 3014/4294/2889 2970/4239/2845 2971/4241/2846
f 3016/4296/2891 3015/4295/2890 2971/4241/2846 2972/4243/2847
f 3017/4297/2892 3016/4296/2891 2972/4243/2847 2973/4245/2848
f 3018/4298/2893 3017/4297/2892 2973/4245/2848 2974/4247/2849
f 3019/4299/2894 3018/4298/2893 2974/4247/2849 2975/4249/2850
f 3020/4300/2895 3019/4299/2894 2975/4249/2850 2976/4251/2851
f 3021/4301/2896 3020/4300/2895 2976/4251/2851 2977/4253/2852
f 3022/4302/2897 3021/4301/2896 2977/4253/2852 2978/4255/2853
f 3023/4303/2898 3022/4302/2897 2978/4255/2853 2979/4257/2854
f 3024/4304/2899 3023/4303/2898 2979/4257/2854 2980/4259/2855
f 2981/4260/2856 3024/4304/2899 2980/4259/2855 2937/4172/2812
f 3026/4306/2901 3025/4305/2900 2981/4260/2856 2982/4261/2857
f 3027/4307/2902 3026/4306/2901 2982/4261/2857 2983/4262/2858
f 3028/4308/2903 3027/4307/2902 2983/4262/2858 2984/4263/2859
f 3029/4309/2904 3028/4308/2903 2984/4263/2859 2985/4264/2860
f 3030/4310/2905 3029/4309/2904 2985/4264/2860 2986/4265/2861
f 3031/4311/2906 3030/4310/2905 2986/4265/2861 2987/4266/2862
f 3032/4312/2907 3031/4311/2906 2987/4266/2862 2988/4267/2863
f 3033/4313/2908 3032/4312/2907 2988/4267/2863 2989/4268/2864
f 3034/4314/2909 3033/4313/2908 2989/4268/2864 2990/4269/2865
f 3035/4315/2910 3034/4314/2909 2990/4269/2865 2991/4270/2866
f 3036/4316/2911 3035/4315/2910 2991/4270/2866 2992/4271/2867
f 3037/4317/2912 3036/4316/2911 2992/4271/2867 2993/4272/2868
f 3038/4318/2913 3037/4317/2912 2993/4272/2868 2994/4273/2869
f 3039/4319/2914 3038/4318/2913 2994/4273/2869 2995/4274/2870
f 3040/4320/2915 3039/4319/2914 2995/4274/2870 2996/4275/2871
f 3041/4321/2916 3040/4320/2915 2996/4275/2871 2997/4276/2872
f 3042/4322/2917 3041/4321/2916 2997/4276/2872 2998/4277/2873
f 3043/4323/2918 3042/4322/2917 2998/4277/2873 2999/4278/2874
f 3044/4324/2919 3043/4323/2918 2999/4278/2874 3000/4279/2875
f 3045/4325/2920 3044/4324/2919 3000/4279/2875 3001/4280/2876
f 3046/4326/2921 3045/4325/2920 3001/4280/2876 3002/4281/2877
f 3047/4327/2922 3046/4326/2921 3002/4281/2877 3003/4282/2878
f 3048/4328/2923 3047/4327/2922 3003/4282/2878 3004/4283/2879
f 3049/4329/2924 3048/4328/2923 3004/4283/2879 3005/4284/2880
f 3050/4330/2925 3049/4329/2924 3005/4284/2880 3006/4285/2881
f 3051/4331/2926 3050/4330/2925 3006/4285/2881 3007/4286/2882
f 3052/4332/2927 3051/4331/2926 3007/4286/2882 3008/4287/2883
f 3053/4333/2928 3052/4332/2927 3008/4287/2883 3009/4288/2884
f 3054/4334/2929 3053/4333/2928 3009/4288/2884 3010/4289/2885
f 3055/4335/2930 3054/4334/2929 3010/4289/2885 3011/4290/2886
f 3056/4336/2931 3055/4335/2930 3011/4290/2886 3012/4291/2887
f 3057/4338/2932 3056/4337/2931 3012/4292/2887 3013/4293/2888
f 3058/4339/2933 3057/4338/2932 3013/4293/2888 3014/4294/2889
f 3059/4340/2934 3058/4339/2933 3014/4294/2889 3015/4295/2890
f 3060/4341/2935 3059/4340/2934 3015/4295/2890 3016/4296/2891
f 3061/4342/2936 3060/4341/2935 3016/4296/2891 3017/4297/2892
f 3062/4343/2937 3061/4342/2936 3017/4297/2892 3018/4298/2893
f 3063/4344/2938 3062/4343/2937 3018/4298/2893 3019/4299/2894
f 3064/4345/2939 3063/4344/2938 3019/4299/2894 3020/4300/2895
f 3065/4346/2940 3064/4345/2939 3020/4300/2895 3021/4301/2896
f 3066/4347/2941 3065/4346/2940 3021/4301/2896 3022/4302/2897
f 3067/4348/2942 3066/4347/2941 3022/4302/2897 3023/4303/2898
f 3068/4349/2943 3067/4348/2942 3023/4303/2898 3024/4304/2899
f 3025/4305/2900 3068/4349/2943 3024/4304/2899 2981/4260/2856
f 3069/4353/2947 3113/4352/2946 3114/4351/2945 3070/4350/2944
f 3070/4350/2944 3114/4351/2945 3115/4355/2949 3071/4354/2948
f 3071/4354/2948 3115/4355/2949 3116/4357/2951 3072/4356/2950
f 3072/4356/2950 3116/4357/2951 3117/4359/2953 3073/4358/2952
f 3073/4358/2952 3117/4359/2953 3118/4361/2955 3074/4360/2954
f 3074/4360/2954 3118/4361/2955 3119/4363/2957 3075/4362/2956
f 3075/4362/2956 3119/4363/2957 3120/4365/2959 3076/4364/2958
f 3076/4364/2958 3120/4365/2959 3121/4367/2961 3077/4366/2960
f 3077/4366/2960 3121/4367/2961 3122/4369/2963 3078/4368/2962
f 3078/4368/2962 3122/4369/2963 3123/4371/2965 3079/4370/2964
f 3079/4370/2964 3123/4371/2965 3124/4373/2967 3080/4372/2966
f 3080/4372/2966 3124/4373/2967 3125/4375/2969 3081/4374/2968
f 3081/4374/2968 3125/4375/2969 3126/4377/2971 3082/4376/2970
f 3082/4376/2970 3126/4377/2971 3127/4379/2973 3083/4378/2972
f 3083/4378/2972 3127/4379/2973 3128/4381/2975 3084/4380/2974
f 3084/4380/2974 3128/4381/2975 3129/4383/2977 3085/4382/2976
f 3085/4382/2976 3129/4383/2977 3130/4385/2979 3086/4384/2978
f 3086/4384/2978 3130/4385/2979 3131/4387/2981 3087/4386/2980
f 3087/4386/2980 3131/4387/2981 3132/4389/2983 3088/4388/2982
f 3088/4388/2982 3132/4389/2983 3133/4391/2985 3089/4390/2984
f 3089/4390/2984 3133/4391/2985 3134/4393/2987 3090/4392/2986
f 3090/4392/2986 3134/4393/2987 3135/4395/2989 3091/4394/2988
f 3091/4394/2988 3135/4395/2989 3136/4397/2991 3092/4396/2990
f 3092/4396/2990 3136/4397/2991 3137/4399/2993 3093/4398/2992
f 3093/4398/2992 3137/4399/2993 3138/4401/2995 3094/4400/2994
f 3094/4400/2994 3138/4401/2995 3139/4403/2997 3095/4402/2996
f 3095/4402/2996 3139/4403/2997 3140/4405/2999 3096/4404/2998
f 3096/4404/2998 3140/4405/2999 3141/4407/3001 3097/4406/3000
f 3097/4406/3000 3141/4407/3001 3142/4409/3003 3098/4408/3002
f 3098/4408/3002 3142/4409/3003 3143/4411/3005 3099/4410/3004
f 3099/4410/3004 3143/4411/3005 3144/4413/3007 3100/4412/3006
f 3100/4417/3006 3144/4416/3007 3145/4415/3009 3101/4414/3008
f 3101/4414/3008 3145/4415/3009 3146/4419/3011 3102/4418/3010
f 3102/4418/3010 3146/4419/3011 3147/4421/3013 3103/4420/3012
f 3103/4420/3012 3147/4421/3013 3148/4423/3015 3104/4422/3014
f 3104/4422/3014 3148/4423/3015 3149/4425/3017 3105/4424/3016
f 3105/4424/3016 3149/4425/3017 3150/4427/3019 3106/4426/3018
f 3106/4426/3018 3150/4427/3019 3151/4429/3021 3107/4428/3020
f 3107/4428/3020 3151/4429/3021 3152/4431/3023 3108/4430/3022
f 3108/4430/3022 3152/4431/3023 3153/4433/3025 3109/4432/3024
f 3109/4432/3024 3153/4433/3025 3154/4435/3027 3110/4434/3026
f 3110/4434/3026 3154/4435/3027 3155/4437/3029 3111/4436/3028
f 3111/4436/3028 3155/4437/3029 3156/4439/3031 3112/4438/3030
f 3112/4438/3030 3156/4439/3031 3113/4352/2946 3069/4353/2947
f 3113/4352/2946 3157/4441/3033 3158/4440/3032 3114/4351/2945
f 3114/4351/2945 3158/4440/3032 3159/4442/3034 3115/4355/2949
f 3115/4355/2949 3159/4442/3034 3160/4443/3035 3116/4357/2951
f 3116/4357/2951 3160/4443/3035 3161/4444/3036 3117/4359/2953
f 3117/4359/2953 3161/4444/3036 3162/4445/3037 3118/4361/2955
f 3118/4361/2955 3162/4445/3037 3163/4446/3038 3119/4363/2957
f 3119/4363/2957 3163/4446/3038 3164/4447/3039 3120/4365/2959
f 3120/4365/2959 3164/4447/3039 3165/4448/3040 3121/4367/2961
f 3121/4367/2961 3165/4448/3040 3166/4449/3041 3122/4369/2963
f 3122/4369/2963 3166/4449/3041 3167/4450/3042 3123/4371/2965
f 3123/4371/2965 3167/4450/3042 3168/4451/3043 3124/4373/2967
f 3124/4373/2967 3168/4451/3043 3169/4452/3044 3125/4375/2969
f 3125/4375/2969 3169/4452/3044 3170/4453/3045 3126/4377/2971
f 3126/4377/2971 3170/4453/3045 3171/4454/3046 3127/4379/2973
f 3127/4379/2973 3171/4454/3046 3172/4455/3047 3128/4381/2975
f 3128/4381/2975 3172/4455/3047 3173/4456/3048 3129/4383/2977
f 3129/4383/2977 3173/4456/3048 3174/4457/3049 3130/4385/2979
f 3130/4385/2979 3174/4457/3049 3175/4458/3050 3131/4387/2981
f 3131/4387/2981 3175/4458/3050 3176/4459/3051 3132/4389/2983
f 3132/4389/2983 3176/4459/3051 3177/4460/3052 3133/4391/2985
f 3133/4391/2985 3177/4460/3052 3178/4461/3053 3134/4393/2987
f 3134/4393/2987 3178/4461/3053 3179/4462/3054 3135/4395/2989
f 3135/4395/2989 3179/4462/3054 3180/4463/3055 3136/4397/2991
f 3136/4397/2991 3180/4463/3055 3181/4464/3056 3137/4399/2993
f 3137/4399/2993 3181/4464/3056 3182/4465/3057 3138/4401/2995
f 3138/4401/2995 3182/4465/3057 3183/4466/3058 3139/4403/2997
f 3139/4403/2997 3183/4466/3058 3184/4467/3059 3140/4405/2999
f 3140/4405/2999 3184/4467/3059 3185/4468/3060 3141/4407/3001
f 3141/4407/3001 3185/4468/3060 3186/4469/3061 3142/4409/3003
f 3142/4409/3003 3186/4469/3061 3187/4470/3062 3143/4411/3005
f 3143/4411/3005 3187/4470/3062 3188/4471/3063 3144/4413/3007
f 3144/4416/3007 3188/4473/3063 3189/4472/3064 3145/4415/3009
f 3145/4415/3009 3189/4472/3064 3190/4474/3065 3146/4419/3011
f 3146/4419/3011 3190/4474/3065 3191/4475/3066 3147/4421/3013
f 3147/4421/3013 3191/4475/3066 3192/4476/3067 3148/4423/3015
f 3148/4423/3015 3192/4476/3067 3193/4477/3068 3149/4425/3017
f 3149/4425/3017 3193/4477/3068 3194/4478/3069 3150/4427/3019
f 3150/4427/3019 3194/4478/3069 3195/4479/3070 3151/4429/3021
f 3151/4429/3021 3195/4479/3070 3196/4480/3071 3152/4431/3023
f 3152/4431/3023 3196/4480/3071 3197/4481/3072 3153/4433/3025
f 3153/4433/3025 3197/4481/3072 3198/4482/3073 3154/4435/3027
f 3154/4435/3027 3198/4482/3073 3199/4483/3074 3155/4437/3029
f 3155/4437/3029 3199/4483/3074 3200/4484/3075 3156/4439/3031
f 3156/4439/3031 3200/4484/3075 3157/4441/3033 3113/4352/2946
f 3157/4441/3033 3201/4486/3077 3202/4485/3076 3158/4440/3032
f 3158/4440/3032 3202/4485/3076 3203/4487/3078 3159/4442/3034
f 3159/4442/3034 3203/4487/3078 3204/4488/3079 3160/4443/3035
f 3160/4443/3035 3204/4488/3079 3205/4489/3080 3161/4444/3036
f 3161/4444/3036 3205/4489/3080 3206/4490/3081 3162/4445/3037
f 3162/4445/3037 3206/4490/3081 3207/4491/3082 3163/4446/3038
f 3163/4446/3038 3207/4491/3082 3208/4492/3083 3164/4447/3039
f 3164/4447/3039 3208/4492/3083 3209/4493/3084 3165/4448/3040
f 3165/4448/3040 3209/4493/3084 3210/4494/3085 3166/4449/3041
f 3166/4449/3041 3210/4494/3085 3211/4495/3086 3167/4450/3042
f 3167/4450/3042 3211/4495/3086 3212/4496/3087 3168/4451/3043
f 3168/4451/3043 3212/4496/3087 3213/4497/3088 3169/4452/3044
f 3169/4452/3044 3213/4497/3088 3214/4498/3089 3170/4453/3045
f 3170/4453/3045 3214/4498/3089 3215/4499/3090 3171/4454/3046
f 3171/4454/3046 3215/4499/3090 3216/4500/3091 3172/4455/3047
f 3172/4455/3047 3216/4500/3091 3217/4501/3092 3173/4456/3048
f 3173/4456/3048 3217/4501/3092 3218/4502/3093 3174/4457/3049
f 3174/4457/3049 3218/4502/3093 3219/4503/3094 3175/4458/3050
f 3175/4458/3050 3219/4503/3094 3220/4504/3095 3176/4459/3051
f 3176/4459/3051 3220/4504/3095 3221/4505/3096 3177/4460/3052
f 3177/4460/3052 3221/4505/3096 3222/4506/3097 3178/4461/3053
f 3178/4461/3053 3222/4506/3097 3223/4507/3098 3179/4462/3054
f 3179/4462/3054 3223/4507/3098 3224/4508/3099 3180/4463/3055
f 3180/4463/3055 3224/4508/3099 3225/4509/3100 3181/4464/3056
f 3181/4464/3056 3225/4509/3100 3226/4510/3101 3182/4465/3057
f 3182/4465/3057 3226/4510/3101 3227/4511/3102 3183/4466/3058
f 3183/4466/3058 3227/4511/3102 3228/4512/3103 3184/4467/3059
f 3184/4467/3059 3228/4512/3103 3229/4513/3104 3185/4468/3060
f 3185/4468/3060 3229/4513/3104 3230/4514/3105 3186/4469/3061
f 3186/4469/3061 3230/4514/3105 3231/4515/3106 3187/4470/3062
f 3187/4470/3062 3231/4515/3106 3232/4516/3107 3188/4471/3063
f 3188/4473/3063 3232/4518/3107 3233/4517/3108 3189/4472/3064
f 3189/4472/3064 3233/4517/3108 3234/4519/3109 3190/4474/3065
f 3190/4474/3065 3234/4519/3109 3235/4520/3110 3191/4475/3066
f 3191/4475/3066 3235/4520/3110 3236/4521/3111 3192/4476/3067
f 3192/4476/3067 3236/4521/3111 3237/4522/3112 3193/4477/3068
f 3193/4477/3068 3237/4522/3112 3238/4523/3113 3194/4478/3069
f 3194/4478/3069 3238/4523/3113 3239/4524/3114 3195/4479/3070
f 3195/4479/3070 3239/4524/3114 3240/4525/3115 3196/4480/3071
f 3196/4480/3071 3240/4525/3115 3241/4526/3116 3197/4481/3072
f 3197/4481/3072 3241/4526/3116 3242/4527/3117 3198/4482/3073
f 3198/4482/3073 3242/4527/3117 3243/4528/3118 3199/4483/3074
f 3199/4483/3074 3243/4528/3118 3244/4529/3119 3200/4484/3075
f 3200/4484/3075 3244/4529/3119 3201/4486/3077 3157/4441/3033
f 3201/4533/3077 3245/4532/3121 3246/4531/3120 3202/4530/3076
f 3202/4530/3076 3246/4531/3120 3247/4535/3122 3203/4534/3078
f 3203/4534/3078 3247/4535/3122 3248/4537/3123 3204/4536/3079
f 3204/4536/3079 3248/4537/3123 3249/4539/3124 3205/4538/3080
f 3205/4538/3080 3249/4539/3124 3250/4541/3125 3206/4540/3081
f 3206/4540/3081 3250/4541/3125 3251/4543/3126 3207/4542/3082
f 3207/4542/3082 3251/4543/3126 3252/4545/3127 3208/4544/3083
f 3208/4544/3083 3252/4545/3127 3253/4547/3128 3209/4546/3084
f 3209/4546/3084 3253/4547/3128 3254/4549/3129 3210/4548/3085
f 3210/4548/3085 3254/4549/3129 3255/4551/3130 3211/4550/3086
f 3211/4550/3086 3255/4551/3130 3256/4553/3131 3212/4552/3087
f 3212/4552/3087 3256/4553/3131 3257/4555/3132 3213/4554/3088
f 3213/4554/3088 3257/4555/3132 3258/4557/3133 3214/4556/3089
f 3214/4556/3089 3258/4557/3133 3259/4559/3134 3215/4558/3090
f 3215/4558/3090 3259/4559/3134 3260/4561/3135 3216/4560/3091
f 3216/4560/3091 3260/4561/3135 3261/4563/3136 3217/4562/3092
f 3217/4562/3092 3261/4563/3136 3262/4565/3137 3218/4564/3093
f 3218/4564/3093 3262/4565/3137 3263/4567/3138 3219/4566/3094
f 3219/4566/3094 3263/4567/3138 3264/4569/3139 3220/4568/3095
f 3220/4568/3095 3264/4569/3139 3265/4571/3140 3221/4570/3096
f 3221/4570/3096 3265/4571/3140 3266/4573/3141 3222/4572/3097
f 3222/4572/3097 3266/4573/3141 3267/4575/3142 3223/4574/3098
f 3223/4574/3098 3267/4575/3142 3268/4577/3143 3224/4576/3099
f 3224/4576/3099 3268/4577/3143 3269/4579/3144 3225/4578/3100
f 3225/4578/3100 3269/4579/3144 3270/4581/3145 3226/4580/3101
f 3226/4580/3101 3270/4581/3145 3271/4583/3146 3227/4582/3102
f 3227/4582/3102 3271/4583/3146 3272/4585/3147 3228/4584/3103
f 3228/4584/3103 3272/4585/3147 3273/4587/3148 3229/4586/3104
f 3229/4586/3104 3273/4587/3148 3274/4589/3149 3230/4588/3105
f 3230/4588/3105 3274/4589/3149 3275/4591/3150 3231/4590/3106
f 3231/4590/3106 3275/4591/3150 3276/4593/3151 3232/4592/3107
f 3232/4597/3107 3276/4596/3151 3277/4595/3152 3233/4594/3108
f 3233/4594/3108 3277/4595/3152 3278/4599/3153 3234/4598/3109
f 3234/4598/3109 3278/4599/3153 3279/4601/3154 3235/4600/3110
f 3235/4600/3110 3279/4601/3154 3280/4603/3155 3236/4602/3111
f 3236/4602/3111 3280/4603/3155 3281/4605/3156 3237/4604/3112
f 3237/4604/3112 3281/4605/3156 3282/4607/3157 3238/4606/3113
f 3238/4606/3113 3282/4607/3157 3283/4609/3158 3239/4608/3114
f 3239/4608/3114 3283/4609/3158 3284/4611/3159 3240/4610/3115
f 3240/4610/3115 3284/4611/3159 3285/4613/3160 3241/4612/3116
f 3241/4612/3116 3285/4613/3160 3286/4615/3161 3242/4614/3117
f 3242/4614/3117 3286/4615/3161 3287/4617/3162 3243/4616/3118
f 3243/4616/3118 3287/4617/3162 3288/4619/3163 3244/4618/3119
f 3244/4618/3119 3288/4619/3163 3245/4532/3121 3201/4533/3077
f 3245/4532/3121 3289/4621/3165 3290/4620/3164 3246/4531/3120
f 3246/4531/3120 3290/4620/3164 3291/4622/3166 3247/4535/3122
f 3247/4535/3122 3291/4622/3166 3292/4623/3167 3248/4537/3123
f 3248/4537/3123 3292/4623/3167 3293/4624/3168 3249/4539/3124
f 3249/4539/3124 3293/4624/3168 3294/4625/3169 3250/4541/3125
f 3250/4541/3125 3294/4625/3169 3295/4626/3170 3251/4543/3126
f 3251/4543/3126 3295/4626/3170 3296/4627/3171 3252/4545/3127
f 3252/4545/3127 3296/4627/3171 3297/4628/3172 3253/4547/3128
f 3253/4547/3128 3297/4628/3172 3298/4629/3173 3254/4549/3129
f 3254/4549/3129 3298/4629/3173 3299/4630/3174 3255/4551/3130
f 3255/4551/3130 3299/4630/3174 3300/4631/3175 3256/4553/3131
f 3256/4553/3131 3300/4631/3175 3301/4632/3176 3257/4555/3132
f 3257/4555/3132 3301/4632/3176 3302/4633/3177 3258/4557/3133
f 3258/4557/3133 3302/4633/3177 3303/4634/3178 3259/4559/3134
f 3259/4559/3134 3303/4634/3178 3304/4635/3179 3260/4561/3135
f 3260/4561/3135 3304/4635/3179 3305/4636/3180 3261/4563/3136
f 3261/4563/3136 3305/4636/3180 3306/4637/3181 3262/4565/3137
f 3262/4565/3137 3306/4637/3181 3307/4638/3182 3263/4567/3138
f 3263/4567/3138 3307/4638/3182 3308/4639/3183 3264/4569/3139
f 3264/4569/3139 3308/4639/3183 3309/4640/3184 3265/4571/3140
f 3265/4571/3140 3309/4640/3184 3310/4641/3185 3266/4573/3141
f 3266/4573/3141 3310/4641/3185 3311/4642/3186 3267/4575/3142
f 3267/4575/3142 3311/4642/3186 3312/4643/3187 3268/4577/3143
f 3268/4577/3143 3312/4643/3187 3313/4644/3188 3269/4579/3144
f 3269/4579/3144 3313/4644/3188 3314/4645/3189 3270/4581/3145
f 3270/4581/3145 3314/4645/3189 3315/4646/3190 3271/4583/3146
f 3271/4583/3146 3315/4646/3190 3316/4647/3191 3272/4585/3147
f 3272/4585/3147 3316/4647/3191 3317/4648/3192 3273/4587/3148
f 3273/4587/3148 3317/4648/3192 3318/4649/3193 3274/4589/3149
f 3274/4589/3149 3318/4649/3193 3319/4650/3194 3275/4591/3150
f 3275/4591/3150 3319/4650/3194 3320/4651/3195 3276/4593/3151
f 3276/4596/3151 3320/4653/3195 3321/4652/3196 3277/4595/3152
f 3277/4595/3152 3321/4652/3196 3322/4654/3197 3278/4599/3153
f 3278/4599/3153 3322/4654/3197 3323/4655/3198 3279/4601/3154
f 3279/4601/3154 3323/4655/3198 3324/4656/3199 3280/4603/3155
f 3280/4603/3155 3324/4656/3199 3325/4657/3200 3281/4605/3156
f 3281/4605/3156 3325/4657/3200 3326/4658/3201 3282/4607/3157
f 3282/4607/3157 3326/4658/3201 3327/4659/3202 3283/4609/3158
f 3283/4609/3158 3327/4659/3202 3328/4660/3203 3284/4611/3159
f 3284/4611/3159 3328/4660/3203 3329/4661/3204 3285/4613/3160
f 3285/4613/3160 3329/4661/3204 3330/4662/3205 3286/4615/3161
f 3286/4615/3161 3330/4662/3205 3331/4663/3206 3287/4617/3162
f 3287/4617/3162 3331/4663/3206 3332/4664/3207 3288/4619/3163
f 3288/4619/3163 3332/4664/3207 3289/4621/3165 3245/4532/3121
f 3289/4621/3165 3333/4666/3209 3334/4665/3208 3290/4620/3164
f 3290/4620/3164 3334/4665/3208 3335/4667/3210 3291/4622/3166
f 3291/4622/3166 3335/4667/3210 3336/4668/3211 3292/4623/3167
f 3292/4623/3167 3336/4668/3211 3337/4669/3212 3293/4624/3168
f 3293/4624/3168 3337/4669/3212 3338/4670/3213 3294/4625/3169
f 3294/4625/3169 3338/4670/3213 3339/4671/3214 3295/4626/3170
f 3295/4626/3170 3339/4671/3214 3340/4672/3215 3296/4627/3171
f 3296/4627/3171 3340/4672/3215 3341/4673/3216 3297/4628/3172
f 3297/4628/3172 3341/4673/3216 3342/4674/3217 3298/4629/3173
f 3298/4629/3173 3342/4674/3217 3343/4675/3218 3299/4630/3174
f 3299/4630/3174 3343/4675/3218 3344/4676/3219 3300/4631/3175
f 3300/4631/3175 3344/4676/3219 3345/4677/3220 3301/4632/3176
f 3301/4632/3176 3345/4677/3220 3346/4678/3221 3302/4633/3177
f 3302/4633/3177 3346/4678/3221 3347/4679/3222 3303/4634/3178
f 3303/4634/3178 3347/4679/3222 3348/4680/3223 3304/4635/3179
f 3304/4635/3179 3348/4680/3223 3349/4681/3224 3305/4636/3180
f 3305/4636/3180 3349/4681/3224 3350/4682/3225 3306/4637/3181
f 3306/4637/3181 3350/4682/3225 3351/4683/3226 3307/4638/3182
f 3307/4638/3182 3351/4683/3226 3352/4684/3227 3308/4639/3183
f 3308/4639/3183 3352/4684/3227 3353/4685/3228 3309/4640/3184
f 3309/4640/3184 3353/4685/3228 3354/4686/3229 3310/4641/3185
f 3310/4641/3185 3354/4686/3229 3355/4687/3230 3311/4642/3186
f 3311/4642/3186 3355/4687/3230 3356/4688/3231 3312/4643/3187
f 3312/4643/3187 3356/4688/3231 3357/4689/3232 3313/4644/3188
f 3313/4644/3188 3357/4689/3232 3358/4690/3233 3314/4645/3189
f 3314/4645/3189 3358/4690/3233 3359/4691/3234 3315/4646/3190
f 3315/4646/3190 3359/4691/3234 3360/4692/3235 3316/4647/3191
f 3316/4647/3191 3360/4692/3235 3361/4693/3236 3317/4648/3192
f 3317/4648/3192 3361/4693/3236 3362/4694/3237 3318/4649/3193
f 3318/4649/3193 3362/4694/3237 3363/4695/3238 3319/4650/3194
f 3319/4650/3194 3363/4695/3238 3364/4696/3239 3320/4651/3195
f 3320/4653/3195 3364/4698/3239 3365/4697/3240 3321/4652/3196
f 3321/4652/3196 3365/4697/3240 3366/4699/3241 3322/4654/3197
f 3322/4654/3197 3366/4699/3241 3367/4700/3242 3323/4655/3198
f 3323/4655/3198 3367/4700/3242 3368/4701/3243 3324/4656/3199
f 3324/4656/3199 3368/4701/3243 3369/4702/3244 3325/4657/3200
f 3325/4657/3200 3369/4702/3244 3370/4703/3245 3326/4658/3201
f 3326/4658/3201 3370/4703/3245 3371/4704/3246 3327/4659/3202
f 3327/4659/3202 3371/4704/3246 3372/4705/3247 3328/4660/3203
f 3328/4660/3203 3372/4705/3247 3373/4706/3248 3329/4661/3204
f 3329/4661/3204 3373/4706/3248 3374/4707/3249 3330/4662/3205
f 3330/4662/3205 3374/4707/3249 3375/4708/3250 3331/4663/3206
f 3331/4663/3206 3375/4708/3250 3376/4709/3251 3332/4664/3207
f 3332/4664/3207 3376/4709/3251 3333/4666/3209 3289/4621/3165
f 3069/4711/2947 3070/4710/2944 2762/3990/2636 2761/3991/2637
f 3070/4710/2944 3071/4712/2948 2763/3994/2640 2762/3990/2636
f 3071/4712/2948 3072/4713/2950 2764/3996/2642 2763/3994/2640
f 3072/4713/2950 3073/4714/2952 2765/3998/2644 2764/3996/2642
f 3073/4714/2952 3074/4715/2954 2766/4000/2646 2765/3998/2644
f 3074/4715/2954 3075/4716/2956 2767/4002/2648 2766/4000/2646
f 3075/4716/2956 3076/4717/2958 2768/4004/2650 2767/4002/2648
f 3076/4717/2958 3077/4718/2960 2769/4006/2652 2768/4004/2650
f 3077/4718/2960 3078/4719/2962 2770/4008/2654 2769/4006/2652
f 3078/4719/2962 3079/4720/2964 2771/4010/2656 2770/4008/2654
f 3079/4720/2964 3080/4721/2966 2772/4012/2658 2771/4010/2656
f 3080/4721/2966 3081/4722/2968 2773/4014/2660 2772/4012/2658
f 3081/4722/2968 3082/4723/2970 2774/4016/2662 2773/4014/2660
f 3082/4723/2970 3083/4724/2972 2775/4018/2664 2774/4016/2662
f 3083/4724/2972 3084/4725/2974 2776/4020/2666 2775/4018/2664
f 3084/4725/2974 3085/4726/2976 2777/4022/2668 2776/4020/2666
f 3085/4726/2976 3086/4727/2978 2778/4024/2670 2777/4022/2668
f 3086/4727/2978 3087/4728/2980 2779/4026/2672 2778/4024/2670
f 3087/4728/2980 3088/4729/2982 2780/4028/2674 2779/4026/2672
f 3088/4729/2982 3089/4730/2984 2781/4030/2676 2780/4028/2674
f 3089/4730/2984 3090/4731/2986 2782/4032/2678 2781/4030/2676
f 3090/4731/2986 3091/4732/2988 2783/4034/2680 2782/4032/2678
f 3091/4732/2988 3092/4733/2990 2784/4036/2682 2783/4034/2680
f 3092/4733/2990 3093/4734/2992 2785/4038/2684 2784/4036/2682
f 3093/4734/2992 3094/4735/2994 2786/4040/2686 2785/4038/2684
f 3094/4735/2994 3095/4736/2996 2787/4042/2688 2786/4040/2686
f 3095/4736/2996 3096/4737/2998 2788/4044/2690 2787/4042/2688
f 3096/4737/2998 3097/4738/3000 2789/4046/2692 2788/4044/2690
f 3097/4738/3000 3098/4739/3002 2790/4048/2694 2789/4046/2692
f 3098/4739/3002 3099/4740/3004 2791/4050/2696 2790/4048/2694
f 3099/4740/3004 3100/4741/3006 2792/4052/2698 2791/4050/2696
f 3100/4743/3006 3101/4742/3008 2793/4054/2700 2792/4055/2698
f 3101/4742/3008 3102/4744/3010 2794/4058/2702 2793/4054/2700
f 3102/4744/3010 3103/4745/3012 2795/4060/2704 2794/4058/2702
f 3103/4745/3012 3104/4746/3014 2796/4062/2706 2795/4060/2704
f 3104/4746/3014 3105/4747/3016 2797/4064/2708 2796/4062/2706
f 3105/4747/3016 3106/4748/3018 2798/4066/2710 2797/4064/2708
f 3106/4748/3018 3107/4749/3020 2799/4068/2712 2798/4066/2710
f 3107/4749/3020 3108/4750/3022 2800/4070/2714 2799/4068/2712
f 3108/4750/3022 3109/4751/3024 2801/4072/2716 2800/4070/2714
f 3109/4751/3024 3110/4752/3026 2802/4074/2718 2801/4072/2716
f 3110/4752/3026 3111/4753/3028 2803/4076/2720 2802/4074/2718
f 3111/4753/3028 3112/4754/3030 2804/4078/2722 2803/4076/2720
f 3112/4754/3030 3069/4711/2947 2761/3991/2637 2804/4078/2722
f 3334/4665/3208 3333/4666/3209 3025/4756/2900 3026/4755/2901
f 3335/4667/3210 3334/4665/3208 3026/4755/2901 3027/4757/2902
f 3336/4668/3211 3335/4667/3210 3027/4757/2902 3028/4758/2903
f 3337/4669/3212 3336/4668/3211 3028/4758/2903 3029/4759/2904
f 3338/4670/3213 3337/4669/3212 3029/4759/2904 3030/4760/2905
f 3339/4671/3214 3338/4670/3213 3030/4760/2905 3031/4761/2906
f 3340/4672/3215 3339/4671/3214 3031/4761/2906 3032/4762/2907
f 3341/4673/3216 3340/4672/3215 3032/4762/2907 3033/4763/2908
f 3342/4674/3217 3341/4673/3216 3033/4763/2908 3034/4764/2909
f 3343/4675/3218 3342/4674/3217 3034/4764/2909 3035/4765/2910
f 3344/4676/3219 3343/4675/3218 3035/4765/2910 3036/4766/2911
f 3345/4677/3220 3344/4676/3219 3036/4766/2911 3037/4767/2912
f 3346/4678/3221 3345/4677/3220 3037/4767/2912 3038/4768/2913
f 3347/4679/3222 3346/4678/3221 3038/4768/2913 3039/4769/2914
f 3348/4680/3223 3347/4679/3222 3039/4769/2914 3040/4770/2915
f 3349/4681/3224 3348/4680/3223 3040/4770/2915 3041/4771/2916
f 3350/4682/3225 3349/4681/3224 3041/4771/2916 3042/4772/2917
f 3351/4683/3226 3350/4682/3225 3042/4772/2917 3043/4773/2918
f 3352/4684/3227 3351/4683/3226 3043/4773/2918 3044/4774/2919
f 3353/4685/3228 3352/4684/3227 3044/4774/2919 3045/4775/2920
f 3354/4686/3229 3353/4685/3228 3045/4775/2920 3046/4776/2921
f 3355/4687/3230 3354/4686/3229 3046/4776/2921 3047/4777/2922
f 3356/4688/3231 3355/4687/3230 3047/4777/2922 3048/4778/2923
f 3357/4689/3232 3356/4688/3231 3048/4778/2923 3049/4779/2924
f 3358/4690/3233 3357/4689/3232 3049/4779/2924 3050/4780/2925
f 3359/4691/3234 3358/4690/3233 3050/4780/2925 3051/4781/2926
f 3360/4692/3235 3359/4691/3234 3051/4781/2926 3052/4782/2927
f 3361/4693/3236 3360/4692/3235 3052/4782/2927 3053/4783/2928
f 3362/4694/3237 3361/4693/3236 3053/4783/2928 3054/4784/2929
f 3363/4695/3238 3362/4694/3237 3054/4784/2929 3055/4785/2930
f 3364/4696/3239 3363/4695/3238 3055/4785/2930 3056/4786/2931
f 3365/4697/3240 3364/4698/3239 3056/4788/2931 3057/4787/2932
f 3366/4699/3241 3365/4697/3240 3057/4787/2932 3058/4789/2933
f 3367/4700/3242 3366/4699/3241 3058/4789/2933 3059/4790/2934
f 3368/4701/3243 3367/4700/3242 3059/4790/2934 3060/4791/2935
f 3369/4702/3244 3368/4701/3243 3060/4791/2935 3061/4792/2936
f 3370/4703/3245 3369/4702/3244 3061/4792/2936 3062/4793/2937
f 3371/4704/3246 3370/4703/3245 3062/4793/2937 3063/4794/2938
f 3372/4705/3247 3371/4704/3246 3063/4794/2938 3064/4795/2939
f 3373/4706/3248 3372/4705/3247 3064/4795/2939 3065/4796/2940
f 3374/4707/3249 3373/4706/3248 3065/4796/2940 3066/4797/2941
f 3375/4708/3250 3374/4707/3249 3066/4797/2941 3067/4798/2942
f 3376/4709/3251 3375/4708/3250 3067/4798/2942 3068/4799/2943
f 3333/4666/3209 3376/4709/3251 3068/4799/2943 3025/4756/2900
f 3378/4803/3255 3478/4802/3254 3477/4801/3253 3377/4800/3252
f 3478/4807/3259 3586/4806/3258 3585/4805/3257 3477/4804/3256
f 3586/4806/3258 3694/4809/3261 3693/4808/3260 3585/4805/3257
f 3694/4809/3261 3802/4811/3263 3801/4810/3262 3693/4808/3260
f 3802/4815/3267 3910/4814/3266 3909/4813/3265 3801/4812/3264
f 3379/4817/3255 3479/4816/3254 3478/4802/3254 3378/4803/3255
f 3479/4819/3259 3587/4818/3258 3586/4806/3258 3478/4807/3259
f 3587/4818/3258 3695/4820/3261 3694/4809/3261 3586/4806/3258
f 3695/4820/3261 3803/4821/3263 3802/4811/3263 3694/4809/3261
f 3803/4823/3267 3911/4822/3266 3910/4814/3266 3802/4815/3267
f 3380/4825/3255 3480/4824/3254 3479/4816/3254 3379/4817/3255
f 3480/4827/3259 3588/4826/3258 3587/4818/3258 3479/4819/3259
f 3588/4826/3258 3696/4828/3261 3695/4820/3261 3587/4818/3258
f 3696/4828/3261 3804/4829/3263 3803/4821/3263 3695/4820/3261
f 3804/4831/3267 3912/4830/3266 3911/4822/3266 3803/4823/3267
f 3381/4833/3255 3481/4832/3254 3480/4824/3254 3380/4825/3255
f 3481/4835/3259 3589/4834/3258 3588/4826/3258 3480/4827/3259
f 3589/4834/3258 3697/4836/3261 3696/4828/3261 3588/4826/3258
f 3697/4836/3261 3805/4837/3263 3804/4829/3263 3696/4828/3261
f 3805/4839/3267 3913/4838/3266 3912/4830/3266 3804/4831/3267
f 3382/4841/3255 3482/4840/3254 3481/4832/3254 3381/4833/3255
f 3482/4843/3259 3590/4842/3258 3589/4834/3258 3481/4835/3259
f 3590/4842/3258 3698/4844/3261 3697/4836/3261 3589/4834/3258
f 3698/4844/3261 3806/4845/3263 3805/4837/3263 3697/4836/3261
f 3806/4847/3267 3914/4846/3266 3913/4838/3266 3805/4839/3267
f 3383/4849/3255 3483/4848/3254 3482/4840/3254 3382/4841/3255
f 3483/4851/3259 3591/4850/3258 3590/4842/3258 3482/4843/3259
f 3591/4850/3258 3699/4852/3261 3698/4844/3261 3590/4842/3258
f 3699/4852/3261 3807/4853/3263 3806/4845/3263 3698/4844/3261
f 3807/4855/3267 3915/4854/3266 3914/4846/3266 3806/4847/3267
f 3384/4857/3255 3484/4856/3254 3483/4848/3254 3383/4849/3255
f 3484/4859/3259 3592/4858/3258 3591/4850/3258 3483/4851/3259
f 3592/4858/3258 3700/4860/3261 3699/4852/3261 3591/4850/3258
f 3700/4860/3261 3808/4861/3263 3807/4853/3263 3699/4852/3261
f 3808/4863/3267 3916/4862/3266 3915/4854/3266 3807/4855/3267
f 3385/4865/3255 3485/4864/3254 3484/4856/3254 3384/4857/3255
f 3485/4867/3259 3593/4866/3258 3592/4858/3258 3484/4859/3259
f 3593/4866/3258 3701/4868/3261 3700/4860/3261 3592/4858/3258
f 3701/4868/3261 3809/4869/3263 3808/4861/3263 3700/4860/3261
f 3809/4871/3267 3917/4870/3266 3916/4862/3266 3808/4863/3267
f 3386/4873/3255 3486/4872/3254 3485/4864/3254 3385/4865/3255
f 3486/4875/3259 3594/4874/3258 3593/4866/3258 3485/4867/3259
f 3594/4874/3258 3702/4876/3261 3701/4868/3261 3593/4866/3258
f 3702/4876/3261 3810/4877/3263 3809/4869/3263 3701/4868/3261
f 3810/4879/3267 3918/4878/3266 3917/4870/3266 3809/4871/3267
f 3387/4881/3255 3487/4880/3254 3486/4872/3254 3386/4873/3255
f 3487/4883/3259 3595/4882/3258 3594/4874/3258 3486/4875/3259
f 3595/4882/3258 3703/4884/3261 3702/4876/3261 3594/4874/3258
f 3703/4884/3261 3811/4885/3263 3810/4877/3263 3702/4876/3261
f 3811/4887/3267 3919/4886/3266 3918/4878/3266 3810/4879/3267
f 3388/4889/3255 3488/4888/3254 3487/4880/3254 3387/4881/3255
f 3488/4891/3259 3596/4890/3258 3595/4882/3258 3487/4883/3259
f 3596/4890/3258 3704/4892/3261 3703/4884/3261 3595/4882/3258
f 3704/4892/3261 3812/4893/3263 3811/4885/3263 3703/4884/3261
f 3812/4895/3267 3920/4894/3266 3919/4886/3266 3811/4887/3267
f 3389/4897/3255 3489/4896/3254 3488/4888/3254 3388/4889/3255
f 3489/4899/3259 3597/4898/3258 3596/4890/3258 3488/4891/3259
f 3597/4898/3258 3705/4900/3261 3704/4892/3261 3596/4890/3258
f 3705/4900/3261 3813/4901/3263 3812/4893/3263 3704/4892/3261
f 3813/4903/3267 3921/4902/3266 3920/4894/3266 3812/4895/3267
f 3390/4905/3255 3490/4904/3254 3489/4896/3254 3389/4897/3255
f 3490/4907/3259 3598/4906/3258 3597/4898/3258 3489/4899/3259
f 3598/4906/3258 3706/4908/3261 3705/4900/3261 3597/4898/3258
f 3706/4908/3261 3814/4909/3263 3813/4901/3263 3705/4900/3261
f 3814/4911/3267 3922/4910/3266 3921/4902/3266 3813/4903/3267
f 3391/4913/3255 3491/4912/3254 3490/4904/3254 3390/4905/3255
f 3491/4915/3259 3599/4914/3258 3598/4906/3258 3490/4907/3259
f 3599/4914/3258 3707/4916/3261 3706/4908/3261 3598/4906/3258
f 3707/4916/3261 3815/4917/3263 3814/4909/3263 3706/4908/3261
f 3815/4919/3267 3923/4918/3266 3922/4910/3266 3814/4911/3267
f 3392/4921/3255 3492/4920/3254 3491/4912/3254 3391/4913/3255
f 3492/4923/3259 3600/4922/3258 3599/4914/3258 3491/4915/3259
f 3600/4922/3258 3708/4924/3261 3707/4916/3261 3599/4914/3258
f 3708/4924/3261 3816/4925/3263 3815/4917/3263 3707/4916/3261
f 3816/4927/3267 3924/4926/3266 3923/4918/3266 3815/4919/3267
f 3393/4929/3255 3493/4928/3254 3492/4920/3254 3392/4921/3255
f 3493/4931/3259 3601/4930/3258 3600/4922/3258 3492/4923/3259
f 3601/4930/3258 3709/4932/3261 3708/4924/3261 3600/4922/3258
f 3709/4932/3261 3817/4933/3263 3816/4925/3263 3708/4924/3261
f 3817/4935/3267 3925/4934/3266 3924/4926/3266 3816/4927/3267
f 3394/4937/3255 3494/4936/3254 3493/4928/3254 3393/4929/3255
f 3494/4939/3259 3602/4938/3258 3601/4930/3258 3493/4931/3259
f 3602/4938/3258 3710/4940/3261 3709/4932/3261 3601/4930/3258
f 3710/4940/3261 3818/4941/3263 3817/4933/3263 3709/4932/3261
f 3818/4943/3267 3926/4942/3266 3925/4934/3266 3817/4935/3267
f 3395/4945/3255 3495/4944/3254 3494/4936/3254 3394/4937/3255
f 3495/4947/3259 3603/4946/3258 3602/4938/3258 3494/4939/3259
f 3603/4946/3258 3711/4948/3261 3710/4940/3261 3602/4938/3258
f 3711/4948/3261 3819/4949/3263 3818/4941/3263 3710/4940/3261
f 3819/4951/3267 3927/4950/3266 3926/4942/3266 3818/4943/3267
f 3396/4953/3255 3496/4952/3254 3495/4944/3254 3395/4945/3255
f 3496/4955/3259 3604/4954/3258 3603/4946/3258 3495/4947/3259
f 3604/4954/3258 3712/4956/3261 3711/4948/3261 3603/4946/3258
f 3712/4956/3261 3820/4957/3263 3819/4949/3263 3711/4948/3261
f 3820/4959/3267 3928/4958/3266 3927/4950/3266 3819/4951/3267
f 3397/4961/3255 3497/4960/3254 3496/4952/3254 3396/4953/3255
f 3497/4963/3259 3605/4962/3258 3604/4954/3258 3496/4955/3259
f 3605/4962/3258 3713/4964/3261 3712/4956/3261 3604/4954/3258
f 3713/4964/3261 3821/4965/3263 3820/4957/3263 3712/4956/3261
f 3821/4967/3267 3929/4966/3266 3928/4958/3266 3820/4959/3267
f 3398/4969/3255 3498/4968/3254 3497/4960/3254 3397/4961/3255
f 3498/4971/3259 3606/4970/3258 3605/4962/3258 3497/4963/3259
f 3606/4970/3258 3714/4972/3261 3713/4964/3261 3605/4962/3258
f 3714/4972/3261 3822/4973/3263 3821/4965/3263 3713/4964/3261
f 3822/4975/3267 3930/4974/3266 3929/4966/3266 3821/4967/3267
f 3399/4977/3255 3499/4976/3254 3498/4968/3254 3398/4969/3255
f 3499/4979/3259 3607/4978/3258 3606/4970/3258 3498/4971/3259
f 3607/4978/3258 3715/4980/3261 3714/4972/3261 3606/4970/3258
f 3715/4980/3261 3823/4981/3263 3822/4973/3263 3714/4972/3261
f 3823/4983/3267 3931/4982/3266 3930/4974/3266 3822/4975/3267
f 3400/4985/3255 3500/4984/3254 3499/4976/3254 3399/4977/3255
f 3500/4987/3259 3608/4986/3258 3607/4978/3258 3499/4979/3259
f 3608/4986/3258 3716/4988/3261 3715/4980/3261 3607/4978/3258
f 3716/4988/3261 3824/4989/3263 3823/4981/3263 3715/4980/3261
f 3824/4991/3267 3932/4990/3266 3931/4982/3266 3823/4983/3267
f 3401/4993/3255 3501/4992/3254 3500/4984/3254 3400/4985/3255
f 3501/4995/3259 3609/4994/3258 3608/4986/3258 3500/4987/3259
f 3609/4994/3258 3717/4996/3261 3716/4988/3261 3608/4986/3258
f 3717/4996/3261 3825/4997/3263 3824/4989/3263 3716/4988/3261
f 3825/4999/3267 3933/4998/3266 3932/4990/3266 3824/4991/3267
f 3402/5001/3269 3502/5000/3268 3501/4992/3254 3401/4993/3255
f 3502/5003/3271 3610/5002/3270 3609/4994/3258 3501/4995/3259
f 3610/5002/3270 3718/5004/3272 3717/4996/3261 3609/4994/3258
f 3718/5004/3272 3826/5005/3273 3825/4997/3263 3717/4996/3261
f 3826/5007/3275 3934/5006/3274 3933/4998/3266 3825/4999/3267
f 3503/5008/3276 3502/5000/3268 3402/5001/3269
f 3503/5010/3278 3611/5009/3277 3610/5002/3270 3502/5003/3271
f 3611/5009/3277 3719/5011/3279 3718/5004/3272 3610/5002/3270
f 3719/5011/3279 3827/5012/3280 3826/5005/3273 3718/5004/3272
f 3827/5013/3281 3934/5006/3274 3826/5007/3275
f 3504/5014/3282 3503/5008/3276 3402/5001/3269
f 3504/5018/3286 3612/5017/3285 3611/5016/3284 3503/5015/3283
f 3612/5017/3285 3720/5020/3288 3719/5019/3287 3611/5016/3284
f 3720/5020/3288 3828/5022/3290 3827/5021/3289 3719/5019/3287
f 3828/5023/3291 3934/5006/3274 3827/5013/3281
f 3403/5025/3293 3505/5024/3292 3504/5014/3282 3402/5001/3269
f 3505/5027/3295 3613/5026/3294 3612/5017/3285 3504/5018/3286
f 3613/5026/3294 3721/5028/3296 3720/5020/3288 3612/5017/3285
f 3721/5028/3296 3829/5029/3297 3828/5022/3290 3720/5020/3288
f 3829/5031/3299 3935/5030/3298 3934/5006/3274 3828/5023/3291
f 3404/5033/3293 3506/5032/3292 3505/5024/3292 3403/5025/3293
f 3506/5035/3295 3614/5034/3294 3613/5026/3294 3505/5027/3295
f 3614/5034/3294 3722/5036/3296 3721/5028/3296 3613/5026/3294
f 3722/5036/3296 3830/5037/3297 3829/5029/3297 3721/5028/3296
f 3830/5039/3299 3936/5038/3298 3935/5030/3298 3829/5031/3299
f 3405/5041/3293 3507/5040/3292 3506/5032/3292 3404/5033/3293
f 3507/5043/3295 3615/5042/3294 3614/5034/3294 3506/5035/3295
f 3615/5042/3294 3723/5044/3296 3722/5036/3296 3614/5034/3294
f 3723/5044/3296 3831/5045/3297 3830/5037/3297 3722/5036/3296
f 3831/5047/3299 3937/5046/3298 3936/5038/3298 3830/5039/3299
f 3406/5049/3293 3508/5048/3292 3507/5040/3292 3405/5041/3293
f 3508/5051/3295 3616/5050/3294 3615/5042/3294 3507/5043/3295
f 3616/5050/3294 3724/5052/3296 3723/5044/3296 3615/5042/3294
f 3724/5052/3296 3832/5053/3297 3831/5045/3297 3723/5044/3296
f 3832/5055/3299 3938/5054/3298 3937/5046/3298 3831/5047/3299
f 3407/5057/3293 3509/5056/3292 3508/5048/3292 3406/5049/3293
f 3509/5059/3295 3617/5058/3294 3616/5050/3294 3508/5051/3295
f 3617/5058/3294 3725/5060/3296 3724/5052/3296 3616/5050/3294
f 3725/5060/3296 3833/5061/3297 3832/5053/3297 3724/5052/3296
f 3833/5063/3299 3939/5062/3298 3938/5054/3298 3832/5055/3299
f 3408/5065/3293 3510/5064/3292 3509/5056/3292 3407/5057/3293
f 3510/5067/3295 3618/5066/3294 3617/5058/3294 3509/5059/3295
f 3618/5066/3294 3726/5068/3296 3725/5060/3296 3617/5058/3294
f 3726/5068/3296 3834/5069/3297 3833/5061/3297 3725/5060/3296
f 3834/5071/3299 3940/5070/3298 3939/5062/3298 3833/5063/3299
f 3409/5073/3293 3511/5072/3292 3510/5064/3292 3408/5065/3293
f 3511/5075/3295 3619/5074/3294 3618/5066/3294 3510/5067/3295
f 3619/5074/3294 3727/5076/3296 3726/5068/3296 3618/5066/3294
f 3727/5076/3296 3835/5077/3297 3834/5069/3297 3726/5068/3296
f 3835/5079/3299 3941/5078/3298 3940/5070/3298 3834/5071/3299
f 3410/5081/3293 3512/5080/3292 3511/5072/3292 3409/5073/3293
f 3512/5083/3295 3620/5082/3294 3619/5074/3294 3511/5075/3295
f 3620/5082/3294 3728/5084/3296 3727/5076/3296 3619/5074/3294
f 3728/5084/3296 3836/5085/3297 3835/5077/3297 3727/5076/3296
f 3836/5087/3299 3942/5086/3298 3941/5078/3298 3835/5079/3299
f 3411/5089/3293 3513/5088/3292 3512/5080/3292 3410/5081/3293
f 3513/5091/3295 3621/5090/3294 3620/5082/3294 3512/5083/3295
f 3621/5090/3294 3729/5092/3296 3728/5084/3296 3620/5082/3294
f 3729/5092/3296 3837/5093/3297 3836/5085/3297 3728/5084/3296
f 3837/5095/3299 3943/5094/3298 3942/5086/3298 3836/5087/3299
f 3412/5097/3293 3514/5096/3292 3513/5088/3292 3411/5089/3293
f 3514/5099/3295 3622/5098/3294 3621/5090/3294 3513/5091/3295
f 3622/5098/3294 3730/5100/3296 3729/5092/3296 3621/5090/3294
f 3730/5100/3296 3838/5101/3297 3837/5093/3297 3729/5092/3296
f 3838/5103/3299 3944/5102/3298 3943/5094/3298 3837/5095/3299
f 3413/5105/3293 3515/5104/3292 3514/5096/3292 3412/5097/3293
f 3515/5107/3295 3623/5106/3294 3622/5098/3294 3514/5099/3295
f 3623/5106/3294 3731/5108/3296 3730/5100/3296 3622/5098/3294
f 3731/5108/3296 3839/5109/3297 3838/5101/3297 3730/5100/3296
f 3839/5111/3299 3945/5110/3298 3944/5102/3298 3838/5103/3299
f 3414/5113/3293 3516/5112/3292 3515/5104/3292 3413/5105/3293
f 3516/5115/3295 3624/5114/3294 3623/5106/3294 3515/5107/3295
f 3624/5114/3294 3732/5116/3296 3731/5108/3296 3623/5106/3294
f 3732/5116/3296 3840/5117/3297 3839/5109/3297 3731/5108/3296
f 3840/5119/3299 3946/5118/3298 3945/5110/3298 3839/5111/3299
f 3415/5121/3293 3517/5120/3292 3516/5112/3292 3414/5113/3293
f 3517/5123/3295 3625/5122/3294 3624/5114/3294 3516/5115/3295
f 3625/5122/3294 3733/5124/3296 3732/5116/3296 3624/5114/3294
f 3733/5124/3296 3841/5125/3297 3840/5117/3297 3732/5116/3296
f 3841/5127/3299 3947/5126/3298 3946/5118/3298 3840/5119/3299
f 3416/5129/3293 3518/5128/3292 3517/5120/3292 3415/5121/3293
f 3518/5131/3295 3626/5130/3294 3625/5122/3294 3517/5123/3295
f 3626/5130/3294 3734/5132/3296 3733/5124/3296 3625/5122/3294
f 3734/5132/3296 3842/5133/3297 3841/5125/3297 3733/5124/3296
f 3842/5135/3299 3948/5134/3298 3947/5126/3298 3841/5127/3299
f 3417/5137/3293 3519/5136/3292 3518/5128/3292 3416/5129/3293
f 3519/5139/3295 3627/5138/3294 3626/5130/3294 3518/5131/3295
f 3627/5138/3294 3735/5140/3296 3734/5132/3296 3626/5130/3294
f 3735/5140/3296 3843/5141/3297 3842/5133/3297 3734/5132/3296
f 3843/5143/3299 3949/5142/3298 3948/5134/3298 3842/5135/3299
f 3418/5145/3293 3520/5144/3292 3519/5136/3292 3417/5137/3293
f 3520/5147/3295 3628/5146/3294 3627/5138/3294 3519/5139/3295
f 3628/5146/3294 3736/5148/3296 3735/5140/3296 3627/5138/3294
f 3736/5148/3296 3844/5149/3297 3843/5141/3297 3735/5140/3296
f 3844/5151/3299 3950/5150/3298 3949/5142/3298 3843/5143/3299
f 3419/5153/3293 3521/5152/3292 3520/5144/3292 3418/5145/3293
f 3521/5155/3295 3629/5154/3294 3628/5146/3294 3520/5147/3295
f 3629/5154/3294 3737/5156/3296 3736/5148/3296 3628/5146/3294
f 3737/5156/3296 3845/5157/3297 3844/5149/3297 3736/5148/3296
f 3845/5159/3299 3951/5158/3298 3950/5150/3298 3844/5151/3299
f 3420/5161/3293 3522/5160/3292 3521/5152/3292 3419/5153/3293
f 3522/5163/3295 3630/5162/3294 3629/5154/3294 3521/5155/3295
f 3630/5162/3294 3738/5164/3296 3737/5156/3296 3629/5154/3294
f 3738/5164/3296 3846/5165/3297 3845/5157/3297 3737/5156/3296
f 3846/5167/3299 3952/5166/3298 3951/5158/3298 3845/5159/3299
f 3421/5169/3293 3523/5168/3292 3522/5160/3292 3420/5161/3293
f 3523/5171/3295 3631/5170/3294 3630/5162/3294 3522/5163/3295
f 3631/5170/3294 3739/5172/3296 3738/5164/3296 3630/5162/3294
f 3739/5172/3296 3847/5173/3297 3846/5165/3297 3738/5164/3296
f 3847/5175/3299 3953/5174/3298 3952/5166/3298 3846/5167/3299
f 3422/5177/3293 3524/5176/3292 3523/5168/3292 3421/5169/3293
f 3524/5179/3295 3632/5178/3294 3631/5170/3294 3523/5171/3295
f 3632/5178/3294 3740/5180/3296 3739/5172/3296 3631/5170/3294
f 3740/5180/3296 3848/5181/3297 3847/5173/3297 3739/5172/3296
f 3848/5183/3299 3954/5182/3298 3953/5174/3298 3847/5175/3299
f 3423/5185/3293 3525/5184/3292 3524/5176/3292 3422/5177/3293
f 3525/5187/3295 3633/5186/3294 3632/5178/3294 3524/5179/3295
f 3633/5186/3294 3741/5188/3296 3740/5180/3296 3632/5178/3294
f 3741/5188/3296 3849/5189/3297 3848/5181/3297 3740/5180/3296
f 3849/5191/3299 3955/5190/3298 3954/5182/3298 3848/5183/3299
f 3424/5193/3293 3526/5192/3292 3525/5184/3292 3423/5185/3293
f 3526/5195/3295 3634/5194/3294 3633/5186/3294 3525/5187/3295
f 3634/5194/3294 3742/5196/3296 3741/5188/3296 3633/5186/3294
f 3742/5196/3296 3850/5197/3297 3849/5189/3297 3741/5188/3296
f 3850/5199/3299 3956/5198/3298 3955/5190/3298 3849/5191/3299
f 3425/5201/3293 3527/5200/3292 3526/5192/3292 3424/5193/3293
f 3527/5203/3295 3635/5202/3294 3634/5194/3294 3526/5195/3295
f 3635/5202/3294 3743/5204/3296 3742/5196/3296 3634/5194/3294
f 3743/5204/3296 3851/5205/3297 3850/5197/3297 3742/5196/3296
f 3851/5207/3299 3957/5206/3298 3956/5198/3298 3850/5199/3299
f 3426/5209/3293 3528/5208/3292 3527/5200/3292 3425/5201/3293
f 3528/5211/3295 3636/5210/3294 3635/5202/3294 3527/5203/3295
f 3636/5210/3294 3744/5212/3296 3743/5204/3296 3635/5202/3294
f 3744/5212/3296 3852/5213/3297 3851/5205/3297 3743/5204/3296
f 3852/5215/3299 3958/5214/3298 3957/5206/3298 3851/5207/3299
f 3427/5217/3301 3529/5216/3300 3528/5208/3292 3426/5209/3293
f 3529/5219/3303 3637/5218/3302 3636/5210/3294 3528/5211/3295
f 3637/5218/3302 3745/5220/3304 3744/5212/3296 3636/5210/3294
f 3745/5220/3304 3853/5221/3305 3852/5213/3297 3744/5212/3296
f 3853/5223/3307 3959/5222/3306 3958/5214/3298 3852/5215/3299
f 3530/5224/3308 3529/5216/3300 3427/5217/3301
f 3530/5226/3310 3638/5225/3309 3637/5218/3302 3529/5219/3303
f 3638/5225/3309 3746/5227/3311 3745/5220/3304 3637/5218/3302
f 3746/5227/3311 3854/5228/3312 3853/5221/3305 3745/5220/3304
f 3854/5229/3313 3959/5222/3306 3853/5223/3307
f 3531/5230/3314 3530/5224/3308 3427/5217/3301
f 3531/5232/3318 3639/5231/3317 3638/5225/3316 3530/5226/3315
f 3639/5231/3317 3747/5233/3320 3746/5227/3319 3638/5225/3316
f 3747/5233/3320 3855/5234/3322 3854/5228/3321 3746/5227/3319
f 3855/5235/3323 3959/5222/3306 3854/5229/3313
f 3428/5237/3325 3532/5236/3324 3531/5230/3314 3427/5217/3301
f 3532/5239/3327 3640/5238/3326 3639/5231/3317 3531/5232/3318
f 3640/5238/3326 3748/5240/3328 3747/5233/3320 3639/5231/3317
f 3748/5240/3328 3856/5241/3329 3855/5234/3322 3747/5233/3320
f 3856/5243/3331 3960/5242/3330 3959/5222/3306 3855/5235/3323
f 3429/5245/3325 3533/5244/3324 3532/5236/3324 3428/5237/3325
f 3533/5247/3327 3641/5246/3326 3640/5238/3326 3532/5239/3327
f 3641/5246/3326 3749/5248/3328 3748/5240/3328 3640/5238/3326
f 3749/5248/3328 3857/5249/3329 3856/5241/3329 3748/5240/3328
f 3857/5251/3331 3961/5250/3330 3960/5242/3330 3856/5243/3331
f 3430/5253/3325 3534/5252/3324 3533/5244/3324 3429/5245/3325
f 3534/5255/3327 3642/5254/3326 3641/5246/3326 3533/5247/3327
f 3642/5254/3326 3750/5256/3328 3749/5248/3328 3641/5246/3326
f 3750/5256/3328 3858/5257/3329 3857/5249/3329 3749/5248/3328
f 3858/5259/3331 3962/5258/3330 3961/5250/3330 3857/5251/3331
f 3431/5261/3325 3535/5260/3324 3534/5252/3324 3430/5253/3325
f 3535/5263/3327 3643/5262/3326 3642/5254/3326 3534/5255/3327
f 3643/5262/3326 3751/5264/3328 3750/5256/3328 3642/5254/3326
f 3751/5264/3328 3859/5265/3329 3858/5257/3329 3750/5256/3328
f 3859/5267/3331 3963/5266/3330 3962/5258/3330 3858/5259/3331
f 3432/5269/3325 3536/5268/3324 3535/5260/3324 3431/5261/3325
f 3536/5271/3327 3644/5270/3326 3643/5262/3326 3535/5263/3327
f 3644/5270/3326 3752/5272/3328 3751/5264/3328 3643/5262/3326
f 3752/5272/3328 3860/5273/3329 3859/5265/3329 3751/5264/3328
f 3860/5275/3331 3964/5274/3330 3963/5266/3330 3859/5267/3331
f 3433/5277/3325 3537/5276/3324 3536/5268/3324 3432/5269/3325
f 3537/5279/3327 3645/5278/3326 3644/5270/3326 3536/5271/3327
f 3645/5278/3326 3753/5280/3328 3752/5272/3328 3644/5270/3326
f 3753/5280/3328 3861/5281/3329 3860/5273/3329 3752/5272/3328
f 3861/5283/3331 3965/5282/3330 3964/5274/3330 3860/5275/3331
f 3434/5285/3325 3538/5284/3324 3537/5276/3324 3433/5277/3325
f 3538/5287/3327 3646/5286/3326 3645/5278/3326 3537/5279/3327
f 3646/5286/3326 3754/5288/3328 3753/5280/3328 3645/5278/3326
f 3754/5288/3328 3862/5289/3329 3861/5281/3329 3753/5280/3328
f 3862/5291/3331 3966/5290/3330 3965/5282/3330 3861/5283/3331
f 3435/5293/3325 3539/5292/3324 3538/5284/3324 3434/5285/3325
f 3539/5295/3327 3647/5294/3326 3646/5286/3326 3538/5287/3327
f 3647/5294/3326 3755/5296/3328 3754/5288/3328 3646/5286/3326
f 3755/5296/3328 3863/5297/3329 3862/5289/3329 3754/5288/3328
f 3863/5299/3331 3967/5298/3330 3966/5290/3330 3862/5291/3331
f 3436/5301/3325 3540/5300/3324 3539/5292/3324 3435/5293/3325
f 3540/5303/3327 3648/5302/3326 3647/5294/3326 3539/5295/3327
f 3648/5302/3326 3756/5304/3328 3755/5296/3328 3647/5294/3326
f 3756/5304/3328 3864/5305/3329 3863/5297/3329 3755/5296/3328
f 3864/5307/3331 3968/5306/3330 3967/5298/3330 3863/5299/3331
f 3437/5309/3325 3541/5308/3324 3540/5300/3324 3436/5301/3325
f 3541/5311/3327 3649/5310/3326 3648/5302/3326 3540/5303/3327
f 3649/5310/3326 3757/5312/3328 3756/5304/3328 3648/5302/3326
f 3757/5312/3328 3865/5313/3329 3864/5305/3329 3756/5304/3328
f 3865/5315/3331 3969/5314/3330 3968/5306/3330 3864/5307/3331
f 3438/5317/3325 3542/5316/3324 3541/5308/3324 3437/5309/3325
f 3542/5319/3327 3650/5318/3326 3649/5310/3326 3541/5311/3327
f 3650/5318/3326 3758/5320/3328 3757/5312/3328 3649/5310/3326
f 3758/5320/3328 3866/5321/3329 3865/5313/3329 3757/5312/3328
f 3866/5323/3331 3970/5322/3330 3969/5314/3330 3865/5315/3331
f 3439/5325/3325 3543/5324/3324 3542/5316/3324 3438/5317/3325
f 3543/5327/3327 3651/5326/3326 3650/5318/3326 3542/5319/3327
f 3651/5326/3326 3759/5328/3328 3758/5320/3328 3650/5318/3326
f 3759/5328/3328 3867/5329/3329 3866/5321/3329 3758/5320/3328
f 3867/5331/3331 3971/5330/3330 3970/5322/3330 3866/5323/3331
f 3440/5333/3325 3544/5332/3324 3543/5324/3324 3439/5325/3325
f 3544/5335/3327 3652/5334/3326 3651/5326/3326 3543/5327/3327
f 3652/5334/3326 3760/5336/3328 3759/5328/3328 3651/5326/3326
f 3760/5336/3328 3868/5337/3329 3867/5329/3329 3759/5328/3328
f 3868/5339/3331 3972/5338/3330 3971/5330/3330 3867/5331/3331
f 3441/5341/3325 3545/5340/3324 3544/5332/3324 3440/5333/3325
f 3545/5343/3327 3653/5342/3326 3652/5334/3326 3544/5335/3327
f 3653/5342/3326 3761/5344/3328 3760/5336/3328 3652/5334/3326
f 3761/5344/3328 3869/5345/3329 3868/5337/3329 3760/5336/3328
f 3869/5347/3331 3973/5346/3330 3972/5338/3330 3868/5339/3331
f 3442/5349/3325 3546/5348/3324 3545/5340/3324 3441/5341/3325
f 3546/5351/3327 3654/5350/3326 3653/5342/3326 3545/5343/3327
f 3654/5350/3326 3762/5352/3328 3761/5344/3328 3653/5342/3326
f 3762/5352/3328 3870/5353/3329 3869/5345/3329 3761/5344/3328
f 3870/5355/3331 3974/5354/3330 3973/5346/3330 3869/5347/3331
f 3443/5357/3325 3547/5356/3324 3546/5348/3324 3442/5349/3325
f 3547/5359/3327 3655/5358/3326 3654/5350/3326 3546/5351/3327
f 3655/5358/3326 3763/5360/3328 3762/5352/3328 3654/5350/3326
f 3763/5360/3328 3871/5361/3329 3870/5353/3329 3762/5352/3328
f 3871/5363/3331 3975/5362/3330 3974/5354/3330 3870/5355/3331
f 3444/5365/3325 3548/5364/3324 3547/5356/3324 3443/5357/3325
f 3548/5367/3327 3656/5366/3326 3655/5358/3326 3547/5359/3327
f 3656/5366/3326 3764/5368/3328 3763/5360/3328 3655/5358/3326
f 3764/5368/3328 3872/5369/3329 3871/5361/3329 3763/5360/3328
f 3872/5371/3331 3976/5370/3330 3975/5362/3330 3871/5363/3331
f 3445/5373/3325 3549/5372/3324 3548/5364/3324 3444/5365/3325
f 3549/5375/3327 3657/5374/3326 3656/5366/3326 3548/5367/3327
f 3657/5374/3326 3765/5376/3328 3764/5368/3328 3656/5366/3326
f 3765/5376/3328 3873/5377/3329 3872/5369/3329 3764/5368/3328
f 3873/5379/3331 3977/5378/3330 3976/5370/3330 3872/5371/3331
f 3446/5381/3325 3550/5380/3324 3549/5372/3324 3445/5373/3325
f 3550/5383/3327 3658/5382/3326 3657/5374/3326 3549/5375/3327
f 3658/5382/3326 3766/5384/3328 3765/5376/3328 3657/5374/3326
f 3766/5384/3328 3874/5385/3329 3873/5377/3329 3765/5376/3328
f 3874/5387/3331 3978/5386/3330 3977/5378/3330 3873/5379/3331
f 3447/5389/3325 3551/5388/3324 3550/5380/3324 3446/5381/3325
f 3551/5391/3327 3659/5390/3326 3658/5382/3326 3550/5383/3327
f 3659/5390/3326 3767/5392/3328 3766/5384/3328 3658/5382/3326
f 3767/5392/3328 3875/5393/3329 3874/5385/3329 3766/5384/3328
f 3875/5395/3331 3979/5394/3330 3978/5386/3330 3874/5387/3331
f 3448/5397/3325 3552/5396/3324 3551/5388/3324 3447/5389/3325
f 3552/5399/3327 3660/5398/3326 3659/5390/3326 3551/5391/3327
f 3660/5398/3326 3768/5400/3328 3767/5392/3328 3659/5390/3326
f 3768/5400/3328 3876/5401/3329 3875/5393/3329 3767/5392/3328
f 3876/5403/3331 3980/5402/3330 3979/5394/3330 3875/5395/3331
f 3449/5405/3325 3553/5404/3324 3552/5396/3324 3448/5397/3325
f 3553/5407/3327 3661/5406/3326 3660/5398/3326 3552/5399/3327
f 3661/5406/3326 3769/5408/3328 3768/5400/3328 3660/5398/3326
f 3769/5408/3328 3877/5409/3329 3876/5401/3329 3768/5400/3328
f 3877/5411/3331 3981/5410/3330 3980/5402/3330 3876/5403/3331
f 3450/5413/3325 3554/5412/3324 3553/5404/3324 3449/5405/3325
f 3554/5415/3327 3662/5414/3326 3661/5406/3326 3553/5407/3327
f 3662/5414/3326 3770/5416/3328 3769/5408/3328 3661/5406/3326
f 3770/5416/3328 3878/5417/3329 3877/5409/3329 3769/5408/3328
f 3878/5419/3331 3982/5418/3330 3981/5410/3330 3877/5411/3331
f 3451/5421/3325 3555/5420/3324 3554/5412/3324 3450/5413/3325
f 3555/5423/3327 3663/5422/3326 3662/5414/3326 3554/5415/3327
f 3663/5422/3326 3771/5424/3328 3770/5416/3328 3662/5414/3326
f 3771/5424/3328 3879/5425/3329 3878/5417/3329 3770/5416/3328
f 3879/5427/3331 3983/5426/3330 3982/5418/3330 3878/5419/3331
f 3452/5429/3333 3556/5428/3332 3555/5420/3324 3451/5421/3325
f 3556/5431/3335 3664/5430/3334 3663/5422/3326 3555/5423/3327
f 3664/5430/3334 3772/5432/3336 3771/5424/3328 3663/5422/3326
f 3772/5432/3336 3880/5433/3337 3879/5425/3329 3771/5424/3328
f 3880/5435/3339 3984/5434/3338 3983/5426/3330 3879/5427/3331
f 3557/5436/3340 3556/5428/3332 3452/5429/3333
f 3557/5438/3342 3665/5437/3341 3664/5430/3334 3556/5431/3335
f 3665/5437/3341 3773/5439/3343 3772/5432/3336 3664/5430/3334
f 3773/5439/3343 3881/5440/3344 3880/5433/3337 3772/5432/3336
f 3881/5441/3345 3984/5434/3338 3880/5435/3339
f 3558/5442/3346 3557/5436/3340 3452/5429/3333
f 3558/5444/3350 3666/5443/3349 3665/5437/3348 3557/5438/3347
f 3666/5443/3349 3774/5445/3352 3773/5439/3351 3665/5437/3348
f 3774/5445/3352 3882/5446/3354 3881/5440/3353 3773/5439/3351
f 3882/5447/3355 3984/5434/3338 3881/5441/3345
f 3453/5449/3357 3559/5448/3356 3558/5442/3346 3452/5429/3333
f 3559/5451/3359 3667/5450/3358 3666/5443/3349 3558/5444/3350
f 3667/5450/3358 3775/5452/3360 3774/5445/3352 3666/5443/3349
f 3775/5452/3360 3883/5453/3361 3882/5446/3354 3774/5445/3352
f 3883/5455/3363 3985/5454/3362 3984/5434/3338 3882/5447/3355
f 3454/5457/3357 3560/5456/3356 3559/5448/3356 3453/5449/3357
f 3560/5459/3359 3668/5458/3358 3667/5450/3358 3559/5451/3359
f 3668/5458/3358 3776/5460/3360 3775/5452/3360 3667/5450/3358
f 3776/5460/3360 3884/5461/3361 3883/5453/3361 3775/5452/3360
f 3884/5463/3363 3986/5462/3362 3985/5454/3362 3883/5455/3363
f 3455/5465/3357 3561/5464/3356 3560/5456/3356 3454/5457/3357
f 3561/5467/3359 3669/5466/3358 3668/5458/3358 3560/5459/3359
f 3669/5466/3358 3777/5468/3360 3776/5460/3360 3668/5458/3358
f 3777/5468/3360 3885/5469/3361 3884/5461/3361 3776/5460/3360
f 3885/5471/3363 3987/5470/3362 3986/5462/3362 3884/5463/3363
f 3456/5473/3357 3562/5472/3356 3561/5464/3356 3455/5465/3357
f 3562/5475/3359 3670/5474/3358 3669/5466/3358 3561/5467/3359
f 3670/5474/3358 3778/5476/3360 3777/5468/3360 3669/5466/3358
f 3778/5476/3360 3886/5477/3361 3885/5469/3361 3777/5468/3360
f 3886/5479/3363 3988/5478/3362 3987/5470/3362 3885/5471/3363
f 3457/5481/3357 3563/5480/3356 3562/5472/3356 3456/5473/3357
f 3563/5483/3359 3671/5482/3358 3670/5474/3358 3562/5475/3359
f 3671/5482/3358 3779/5484/3360 3778/5476/3360 3670/5474/3358
f 3779/5484/3360 3887/5485/3361 3886/5477/3361 3778/5476/3360
f 3887/5487/3363 3989/5486/3362 3988/5478/3362 3886/5479/3363
f 3458/5489/3357 3564/5488/3356 3563/5480/3356 3457/5481/3357
f 3564/5491/3359 3672/5490/3358 3671/5482/3358 3563/5483/3359
f 3672/5490/3358 3780/5492/3360 3779/5484/3360 3671/5482/3358
f 3780/5492/3360 3888/5493/3361 3887/5485/3361 3779/5484/3360
f 3888/5495/3363 3990/5494/3362 3989/5486/3362 3887/5487/3363
f 3459/5497/3357 3565/5496/3356 3564/5488/3356 3458/5489/3357
f 3565/5499/3359 3673/5498/3358 3672/5490/3358 3564/5491/3359
f 3673/5498/3358 3781/5500/3360 3780/5492/3360 3672/5490/3358
f 3781/5500/3360 3889/5501/3361 3888/5493/3361 3780/5492/3360
f 3889/5503/3363 3991/5502/3362 3990/5494/3362 3888/5495/3363
f 3460/5505/3357 3566/5504/3356 3565/5496/3356 3459/5497/3357
f 3566/5507/3359 3674/5506/3358 3673/5498/3358 3565/5499/3359
f 3674/5506/3358 3782/5508/3360 3781/5500/3360 3673/5498/3358
f 3782/5508/3360 3890/5509/3361 3889/5501/3361 3781/5500/3360
f 3890/5511/3363 3992/5510/3362 3991/5502/3362 3889/5503/3363
f 3461/5513/3357 3567/5512/3356 3566/5504/3356 3460/5505/3357
f 3567/5515/3359 3675/5514/3358 3674/5506/3358 3566/5507/3359
f 3675/5514/3358 3783/5516/3360 3782/5508/3360 3674/5506/3358
f 3783/5516/3360 3891/5517/3361 3890/5509/3361 3782/5508/3360
f 3891/5519/3363 3993/5518/3362 3992/5510/3362 3890/5511/3363
f 3462/5521/3357 3568/5520/3356 3567/5512/3356 3461/5513/3357
f 3568/5523/3359 3676/5522/3358 3675/5514/3358 3567/5515/3359
f 3676/5522/3358 3784/5524/3360 3783/5516/3360 3675/5514/3358
f 3784/5524/3360 3892/5525/3361 3891/5517/3361 3783/5516/3360
f 3892/5527/3363 3994/5526/3362 3993/5518/3362 3891/5519/3363
f 3463/5529/3357 3569/5528/3356 3568/5520/3356 3462/5521/3357
f 3569/5531/3359 3677/5530/3358 3676/5522/3358 3568/5523/3359
f 3677/5530/3358 3785/5532/3360 3784/5524/3360 3676/5522/3358
f 3785/5532/3360 3893/5533/3361 3892/5525/3361 3784/5524/3360
f 3893/5535/3363 3995/5534/3362 3994/5526/3362 3892/5527/3363
f 3464/5537/3357 3570/5536/3356 3569/5528/3356 3463/5529/3357
f 3570/5539/3359 3678/5538/3358 3677/5530/3358 3569/5531/3359
f 3678/5538/3358 3786/5540/3360 3785/5532/3360 3677/5530/3358
f 3786/5540/3360 3894/5541/3361 3893/5533/3361 3785/5532/3360
f 3894/5543/3363 3996/5542/3362 3995/5534/3362 3893/5535/3363
f 3465/5545/3357 3571/5544/3356 3570/5536/3356 3464/5537/3357
f 3571/5547/3359 3679/5546/3358 3678/5538/3358 3570/5539/3359
f 3679/5546/3358 3787/5548/3360 3786/5540/3360 3678/5538/3358
f 3787/5548/3360 3895/5549/3361 3894/5541/3361 3786/5540/3360
f 3895/5551/3363 3997/5550/3362 3996/5542/3362 3894/5543/3363
f 3466/5553/3357 3572/5552/3356 3571/5544/3356 3465/5545/3357
f 3572/5555/3359 3680/5554/3358 3679/5546/3358 3571/5547/3359
f 3680/5554/3358 3788/5556/3360 3787/5548/3360 3679/5546/3358
f 3788/5556/3360 3896/5557/3361 3895/5549/3361 3787/5548/3360
f 3896/5559/3363 3998/5558/3362 3997/5550/3362 3895/5551/3363
f 3467/5561/3357 3573/5560/3356 3572/5552/3356 3466/5553/3357
f 3573/5563/3359 3681/5562/3358 3680/5554/3358 3572/5555/3359
f 3681/5562/3358 3789/5564/3360 3788/5556/3360 3680/5554/3358
f 3789/5564/3360 3897/5565/3361 3896/5557/3361 3788/5556/3360
f 3897/5567/3363 3999/5566/3362 3998/5558/3362 3896/5559/3363
f 3468/5569/3357 3574/5568/3356 3573/5560/3356 3467/5561/3357
f 3574/5571/3359 3682/5570/3358 3681/5562/3358 3573/5563/3359
f 3682/5570/3358 3790/5572/3360 3789/5564/3360 3681/5562/3358
f 3790/5572/3360 3898/5573/3361 3897/5565/3361 3789/5564/3360
f 3898/5575/3363 4000/5574/3362 3999/5566/3362 3897/5567/3363
f 3469/5577/3357 3575/5576/3356 3574/5568/3356 3468/5569/3357
f 3575/5579/3359 3683/5578/3358 3682/5570/3358 3574/5571/3359
f 3683/5578/3358 3791/5580/3360 3790/5572/3360 3682/5570/3358
f 3791/5580/3360 3899/5581/3361 3898/5573/3361 3790/5572/3360
f 3899/5583/3363 4001/5582/3362 4000/5574/3362 3898/5575/3363
f 3470/5585/3357 3576/5584/3356 3575/5576/3356 3469/5577/3357
f 3576/5587/3359 3684/5586/3358 3683/5578/3358 3575/5579/3359
f 3684/5586/3358 3792/5588/3360 3791/5580/3360 3683/5578/3358
f 3792/5588/3360 3900/5589/3361 3899/5581/3361 3791/5580/3360
f 3900/5591/3363 4002/5590/3362 4001/5582/3362 3899/5583/3363
f 3471/5593/3357 3577/5592/3356 3576/5584/3356 3470/5585/3357
f 3577/5595/3359 3685/5594/3358 3684/5586/3358 3576/5587/3359
f 3685/5594/3358 3793/5596/3360 3792/5588/3360 3684/5586/3358
f 3793/5596/3360 3901/5597/3361 3900/5589/3361 3792/5588/3360
f 3901/5599/3363 4003/5598/3362 4002/5590/3362 3900/5591/3363
f 3472/5601/3357 3578/5600/3356 3577/5592/3356 3471/5593/3357
f 3578/5603/3359 3686/5602/3358 3685/5594/3358 3577/5595/3359
f 3686/5602/3358 3794/5604/3360 3793/5596/3360 3685/5594/3358
f 3794/5604/3360 3902/5605/3361 3901/5597/3361 3793/5596/3360
f 3902/5607/3363 4004/5606/3362 4003/5598/3362 3901/5599/3363
f 3473/5609/3357 3579/5608/3356 3578/5600/3356 3472/5601/3357
f 3579/5611/3359 3687/5610/3358 3686/5602/3358 3578/5603/3359
f 3687/5610/3358 3795/5612/3360 3794/5604/3360 3686/5602/3358
f 3795/5612/3360 3903/5613/3361 3902/5605/3361 3794/5604/3360
f 3903/5615/3363 4005/5614/3362 4004/5606/3362 3902/5607/3363
f 3474/5617/3357 3580/5616/3356 3579/5608/3356 3473/5609/3357
f 3580/5619/3359 3688/5618/3358 3687/5610/3358 3579/5611/3359
f 3688/5618/3358 3796/5620/3360 3795/5612/3360 3687/5610/3358
f 3796/5620/3360 3904/5621/3361 3903/5613/3361 3795/5612/3360
f 3904/5623/3363 4006/5622/3362 4005/5614/3362 3903/5615/3363
f 3475/5625/3357 3581/5624/3356 3580/5616/3356 3474/5617/3357
f 3581/5627/3359 3689/5626/3358 3688/5618/3358 3580/5619/3359
f 3689/5626/3358 3797/5628/3360 3796/5620/3360 3688/5618/3358
f 3797/5628/3360 3905/5629/3361 3904/5621/3361 3796/5620/3360
f 3905/5631/3363 4007/5630/3362 4006/5622/3362 3904/5623/3363
f 3476/5633/3357 3582/5632/3356 3581/5624/3356 3475/5625/3357
f 3582/5635/3359 3690/5634/3358 3689/5626/3358 3581/5627/3359
f 3690/5634/3358 3798/5636/3360 3797/5628/3360 3689/5626/3358
f 3798/5636/3360 3906/5637/3361 3905/5629/3361 3797/5628/3360
f 3906/5639/3363 4008/5638/3362 4007/5630/3362 3905/5631/3363
f 3377/4800/3252 3583/5640/3364 3582/5632/3356 3476/5633/3357
f 3583/5642/3366 3691/5641/3365 3690/5634/3358 3582/5635/3359
f 3691/5641/3365 3799/5643/3367 3798/5636/3360 3690/5634/3358
f 3799/5643/3367 3907/5644/3368 3906/5637/3361 3798/5636/3360
f 3907/5645/3369 3909/4813/3265 4008/5638/3362 3906/5639/3363
f 3584/5646/3370 3583/5640/3364 3377/4800/3252
f 3584/5648/3372 3692/5647/3371 3691/5641/3365 3583/5642/3366
f 3692/5647/3371 3800/5649/3373 3799/5643/3367 3691/5641/3365
f 3800/5649/3373 3908/5650/3374 3907/5644/3368 3799/5643/3367
f 3908/5651/3375 3909/4813/3265 3907/5645/3369
f 3477/4801/3253 3584/5646/3370 3377/4800/3252
f 3477/4804/3256 3585/4805/3257 3692/5653/3377 3584/5652/3376
f 3585/4805/3257 3693/4808/3260 3800/5654/3378 3692/5653/3377
f 3693/4808/3260 3801/4810/3262 3908/5655/3379 3800/5654/3378
f 3801/4812/3264 3909/4813/3265 3908/5651/3375
f 3910/4814/3266 4009/5656/1 4008/5638/3362 3909/4813/3265
f 4009/5656/1 4010/5657/1 4007/5630/3362 4008/5638/3362
f 4010/5657/1 4011/5658/1 4006/5622/3362 4007/5630/3362
f 4011/5658/1 4012/5659/1 4005/5614/3362 4006/5622/3362
f 4012/5659/1 4013/5660/1 4004/5606/3362 4005/5614/3362
f 4013/5660/1 4014/5661/1 4003/5598/3362 4004/5606/3362
f 4014/5661/1 4015/5662/1 4002/5590/3362 4003/5598/3362
f 4015/5662/1 4016/5663/1 4001/5582/3362 4002/5590/3362
f 4016/5663/1 4017/5664/1 4000/5574/3362 4001/5582/3362
f 4017/5664/1 4018/5665/1 3999/5566/3362 4000/5574/3362
f 4018/5665/1 4019/5666/1 3998/5558/3362 3999/5566/3362
f 4019/5666/1 4020/5667/1 3997/5550/3362 3998/5558/3362
f 4020/5667/1 4021/5668/1 3996/5542/3362 3997/5550/3362
f 4021/5668/1 4022/5669/1 3995/5534/3362 3996/5542/3362
f 4022/5669/1 4023/5670/1 3994/5526/3362 3995/5534/3362
f 4023/5670/1 4024/5671/1 3993/5518/3362 3994/5526/3362
f 4024/5671/1 4025/5672/1 3992/5510/3362 3993/5518/3362
f 4025/5672/1 4026/5673/1 3991/5502/3362 3992/5510/3362
f 4026/5673/1 4027/5674/1 3990/5494/3362 3991/5502/3362
f 4027/5674/1 4028/5675/1 3989/5486/3362 3990/5494/3362
f 4028/5675/1 4029/5676/1 3988/5478/3362 3989/5486/3362
f 4029/5676/1 4030/5677/1 3987/5470/3362 3988/5478/3362
f 4030/5677/1 4031/5678/1 3986/5462/3362 3987/5470/3362
f 4031/5678/1 4032/5679/1 3985/5454/3362 3986/5462/3362
f 4032/5679/1 3983/5426/3330 3984/5434/3338 3985/5454/3362
f 3911/4822/3266 4033/5680/1 4009/5656/1 3910/4814/3266
f 4730/5682/1 4009/5656/1 4033/5680/1 5738/5681/1
f 4735/5684/1 5737/5683/1 4010/5657/1 4009/5656/1
f 4009/5656/1 4730/5682/1 4679/5685/1
f 4679/5685/1 4735/5684/1 4009/5656/1
f 4756/5686/1 4011/5658/1 4010/5657/1 5737/5683/1
f 4741/5688/1 4681/5687/1 4011/5658/1
f 4011/5658/1 4756/5686/1 4741/5688/1
f 4743/5689/1 4012/5659/1 4011/5658/1 4681/5687/1
f 4743/5689/1 5724/5690/1 4012/5659/1
f 4724/5691/1 4013/5660/1 4012/5659/1 5724/5690/1
f 4724/5691/1 4685/5692/1 4013/5660/1
f 5680/5693/1 4013/5660/1 4685/5692/1
f 4013/5660/1 5680/5693/1 5727/5694/1 4014/5661/1
f 5681/5695/1 4015/5662/1 4014/5661/1 5727/5694/1
f 5681/5695/1 5751/5696/1 4015/5662/1
f 5682/5697/1 4016/5663/1 4015/5662/1 5751/5696/1
f 5682/5697/1 5731/5698/1 4016/5663/1
f 5684/5699/1 4016/5663/1 5731/5698/1
f 4016/5663/1 5684/5699/1 5729/5700/1 4017/5664/1
f 5685/5701/1 4018/5665/1 4017/5664/1 5729/5700/1
f 5685/5701/1 4691/5702/1 4018/5665/1
f 5687/5703/1 4019/5666/1 4018/5665/1 4691/5702/1
f 5687/5703/1 4692/5704/1 4019/5666/1
f 4739/5705/1 4019/5666/1 4692/5704/1
f 4019/5666/1 4739/5705/1 5748/5706/1 4020/5667/1
f 5689/5707/1 4021/5668/1 4020/5667/1 5748/5706/1
f 5688/5709/1 4694/5708/1 4021/5668/1
f 4021/5668/1 5689/5707/1 5688/5709/1
f 5690/5710/1 4021/5668/1 4694/5708/1
f 4021/5668/1 5690/5710/1 4698/5711/1 4022/5669/1
f 5691/5712/1 4023/5670/1 4022/5669/1 4698/5711/1
f 5691/5712/1 4700/5713/1 4023/5670/1
f 4769/5714/1 4024/5671/1 4023/5670/1 4700/5713/1
f 4769/5714/1 4688/5715/1 4024/5671/1
f 4749/5716/1 4025/5672/1 4024/5671/1 4688/5715/1
f 4749/5716/1 4690/5717/1 4025/5672/1
f 4751/5718/1 4026/5673/1 4025/5672/1 4690/5717/1
f 4751/5718/1 4703/5719/1 4026/5673/1
f 4728/5720/1 4027/5674/1 4026/5673/1 4703/5719/1
f 4728/5720/1 5723/5721/1 4027/5674/1
f 4738/5722/1 4028/5675/1 4027/5674/1 5723/5721/1
f 4738/5722/1 5734/5723/1 4028/5675/1
f 4731/5724/1 4029/5676/1 4028/5675/1 5734/5723/1
f 4731/5724/1 5722/5725/1 4029/5676/1
f 5699/5726/1 4030/5677/1 4029/5676/1 5722/5725/1
f 5699/5726/1 5735/5727/1 4030/5677/1
f 4737/5728/1 4031/5678/1 4030/5677/1 5735/5727/1
f 5700/5730/1 4712/5729/1 4031/5678/1
f 4031/5678/1 4737/5728/1 5700/5730/1
f 4746/5731/1 4032/5679/1 4031/5678/1 4712/5729/1
f 4032/5679/1 4727/5734/1 5736/5733/1 4034/5732/1
f 4032/5679/1 4746/5731/1 4745/5735/1
f 4745/5735/1 4727/5734/1 4032/5679/1
f 4034/5732/1 3982/5418/3330 3983/5426/3330 4032/5679/1
f 3912/4830/3266 4035/5736/1 4033/5680/1 3911/4822/3266
f 4732/5738/1 4033/5680/1 4035/5736/1 4702/5737/1
f 5705/5739/1 5738/5681/1 4033/5680/1
f 4033/5680/1 4732/5738/1 5705/5739/1
f 5736/5733/1 5694/5741/1 4036/5740/1 4034/5732/1
f 4678/5742/1 4036/5740/1 5694/5741/1
f 4036/5740/1 3981/5410/3330 3982/5418/3330 4034/5732/1
f 3913/4838/3266 4037/5743/1 4035/5736/1 3912/4830/3266
f 5709/5745/1 4035/5736/1 4037/5743/1 4677/5744/1
f 5709/5745/1 4702/5737/1 4035/5736/1
f 4036/5740/1 4678/5742/1 5674/5746/1
f 5674/5746/1 4719/5748/1 4038/5747/1 4036/5740/1
f 4038/5747/1 3980/5402/3330 3981/5410/3330 4036/5740/1
f 3914/4846/3266 4039/5749/1 4037/5743/1 3913/4838/3266
f 5698/5751/1 4037/5743/1 4039/5749/1 5725/5750/1
f 5698/5751/1 4677/5744/1 4037/5743/1
f 4040/5753/1 4038/5747/1 4719/5748/1 5676/5752/1
f 4682/5754/1 4040/5753/1 5676/5752/1
f 4040/5753/1 3979/5394/3330 3980/5402/3330 4038/5747/1
f 3915/4854/3266 4041/5755/1 4039/5749/1 3914/4846/3266
f 5678/5757/1 4039/5749/1 4041/5755/1 5728/5756/1
f 5678/5757/1 5725/5750/1 4039/5749/1
f 4042/5759/1 4040/5753/1 4682/5754/1 5679/5758/1
f 5742/5760/1 4042/5759/1 5679/5758/1
f 4042/5759/1 3978/5386/3330 3979/5394/3330 4040/5753/1
f 3916/4862/3266 4043/5761/1 4041/5755/1 3915/4854/3266
f 4729/5763/1 4041/5755/1 4043/5761/1 4687/5762/1
f 4729/5763/1 5728/5756/1 4041/5755/1
f 4042/5759/1 5742/5760/1 4748/5764/1
f 4748/5764/1 5745/5766/1 4044/5765/1 4042/5759/1
f 4044/5765/1 3977/5378/3330 3978/5386/3330 4042/5759/1
f 3917/4870/3266 4045/5767/1 4043/5761/1 3916/4862/3266
f 4725/5769/1 4043/5761/1 4045/5767/1 4689/5768/1
f 4725/5769/1 4687/5762/1 4043/5761/1
f 4044/5765/1 5745/5766/1 4733/5770/1
f 4733/5770/1 5744/5772/1 4046/5771/1 4044/5765/1
f 4046/5771/1 3976/5370/3330 3977/5378/3330 4044/5765/1
f 3918/4878/3266 4047/5773/1 4045/5767/1 3917/4870/3266
f 4754/5775/1 4045/5767/1 4047/5773/1 5746/5774/1
f 4754/5775/1 4689/5768/1 4045/5767/1
f 4046/5771/1 5744/5772/1 5686/5776/1
f 5686/5776/1 4722/5778/1 4048/5777/1 4046/5771/1
f 4048/5777/1 3975/5362/3330 3976/5370/3330 4046/5771/1
f 3919/4886/3266 4049/5779/1 4047/5773/1 3918/4878/3266
f 4742/5781/1 4047/5773/1 4049/5779/1 4693/5780/1
f 4742/5781/1 5746/5774/1 4047/5773/1
f 4048/5777/1 4722/5778/1 4740/5782/1
f 4740/5782/1 5730/5784/1 4050/5783/1 4048/5777/1
f 4050/5783/1 3974/5354/3330 3975/5362/3330 4048/5777/1
f 3920/4894/3266 4051/5785/1 4049/5779/1 3919/4886/3266
f 4726/5787/1 4049/5779/1 4051/5785/1 4697/5786/1
f 4726/5787/1 4693/5780/1 4049/5779/1
f 4050/5783/1 5730/5784/1 4757/5788/1
f 4757/5788/1 4699/5790/1 4052/5789/1 4050/5783/1
f 4052/5789/1 3973/5346/3330 3974/5354/3330 4050/5783/1
f 3921/4902/3266 4053/5791/1 4051/5785/1 3920/4894/3266
f 4747/5793/1 4053/5791/1 5740/5792/1
f 4053/5791/1 4747/5793/1 4697/5786/1 4051/5785/1
f 4054/5795/1 4052/5789/1 4699/5790/1 5692/5794/1
f 5733/5796/1 4054/5795/1 5692/5794/1
f 4054/5795/1 3972/5338/3330 3973/5346/3330 4052/5789/1
f 3922/4910/3266 4055/5797/1 4053/5791/1 3921/4902/3266
f 5693/5799/1 4053/5791/1 4055/5797/1 4704/5798/1
f 4734/5800/1 5740/5792/1 4053/5791/1
f 4053/5791/1 5693/5799/1 4734/5800/1
f 4054/5795/1 5733/5796/1 5695/5801/1
f 4736/5804/1 4705/5803/1 4056/5802/1 4054/5795/1
f 4054/5795/1 5695/5801/1 4736/5804/1
f 4056/5802/1 3971/5330/3330 3972/5338/3330 4054/5795/1
f 3923/4918/3266 4057/5805/1 4055/5797/1 3922/4910/3266
f 4755/5807/1 4057/5805/1 4709/5806/1
f 4057/5805/1 4755/5807/1 4704/5798/1 4055/5797/1
f 4058/5809/1 4056/5802/1 4705/5803/1 5697/5808/1
f 4710/5810/1 4058/5809/1 5697/5808/1
f 4058/5809/1 3970/5322/3330 3971/5330/3330 4056/5802/1
f 3924/4926/3266 4059/5811/1 4057/5805/1 3923/4918/3266
f 4753/5813/1 4057/5805/1 4059/5811/1 4711/5812/1
f 4753/5813/1 4709/5806/1 4057/5805/1
f 4060/5815/1 4058/5809/1 4710/5810/1 5701/5814/1
f 5726/5816/1 4060/5815/1 5701/5814/1
f 4060/5815/1 3969/5314/3330 3970/5322/3330 4058/5809/1
f 3925/4934/3266 4061/5817/1 4059/5811/1 3924/4926/3266
f 4744/5819/1 4059/5811/1 4061/5817/1 5732/5818/1
f 4744/5819/1 4711/5812/1 4059/5811/1
f 4060/5815/1 5726/5816/1 5716/5820/1
f 5716/5820/1 5739/5822/1 4062/5821/1 4060/5815/1
f 4062/5821/1 3968/5306/3330 3969/5314/3330 4060/5815/1
f 3926/4942/3266 4063/5823/1 4061/5817/1 3925/4934/3266
f 5704/5825/1 4063/5823/1 5741/5824/1
f 4063/5823/1 5704/5825/1 5732/5818/1 4061/5817/1
f 4062/5821/1 5739/5822/1 4750/5826/1
f 4750/5826/1 5743/5828/1 4064/5827/1 4062/5821/1
f 4064/5827/1 3967/5298/3330 3968/5306/3330 4062/5821/1
f 3927/4950/3266 4065/5829/1 4063/5823/1 3926/4942/3266
f 4752/5831/1 4063/5823/1 4065/5829/1 5752/5830/1
f 4752/5831/1 5741/5824/1 4063/5823/1
f 4064/5827/1 5743/5828/1 4761/5832/1
f 4761/5832/1 5753/5834/1 4066/5833/1 4064/5827/1
f 4066/5833/1 3966/5290/3330 3967/5298/3330 4064/5827/1
f 3928/4958/3266 4067/5835/1 4065/5829/1 3927/4950/3266
f 5675/5837/1 4065/5829/1 4067/5835/1 4708/5836/1
f 5675/5837/1 5752/5830/1 4065/5829/1
f 4066/5833/1 5753/5834/1 5718/5838/1
f 5718/5838/1 4684/5840/1 4068/5839/1 4066/5833/1
f 4068/5839/1 3965/5282/3330 3966/5290/3330 4066/5833/1
f 3929/4966/3266 4069/5841/1 4067/5835/1 3928/4958/3266
f 5711/5843/1 4069/5841/1 4683/5842/1
f 4069/5841/1 5711/5843/1 4708/5836/1 4067/5835/1
f 4068/5839/1 4684/5840/1 5677/5844/1
f 5677/5844/1 4686/5846/1 4070/5845/1 4068/5839/1
f 4070/5845/1 3964/5274/3330 3965/5282/3330 4068/5839/1
f 3930/4974/3266 4071/5847/1 4069/5841/1 3929/4966/3266
f 5702/5849/1 4069/5841/1 4071/5847/1 5763/5848/1
f 5702/5849/1 4683/5842/1 4069/5841/1
f 4070/5845/1 4686/5846/1 4758/5850/1
f 4758/5850/1 4716/5852/1 4072/5851/1 4070/5845/1
f 4072/5851/1 3963/5266/3330 3964/5274/3330 4070/5845/1
f 3931/4982/3266 4073/5853/1 4071/5847/1 3930/4974/3266
f 4759/5855/1 4071/5847/1 4073/5853/1 4717/5854/1
f 4759/5855/1 5763/5848/1 4071/5847/1
f 4072/5851/1 4716/5852/1 5706/5856/1
f 5706/5856/1 4720/5858/1 4074/5857/1 4072/5851/1
f 4074/5857/1 3962/5258/3330 3963/5266/3330 4072/5851/1
f 3932/4990/3266 4075/5859/1 4073/5853/1 3931/4982/3266
f 4760/5861/1 4073/5853/1 4075/5859/1 5747/5860/1
f 5683/5862/1 4717/5854/1 4073/5853/1
f 4073/5853/1 4760/5861/1 5683/5862/1
f 4720/5858/1 5696/5864/1 4076/5863/1 4074/5857/1
f 4076/5863/1 4762/5866/1 5754/5865/1
f 4762/5866/1 4076/5863/1 5696/5864/1
f 4076/5863/1 3961/5250/3330 3962/5258/3330 4074/5857/1
f 3933/4998/3266 4077/5867/1 4075/5859/1 3932/4990/3266
f 4077/5867/1 4078/5870/1 4695/5869/1 4765/5868/1
f 4763/5871/1 5747/5860/1 4075/5859/1 4077/5867/1
f 4077/5867/1 4765/5868/1 4764/5872/1
f 4077/5867/1 4764/5872/1 4763/5871/1
f 4079/5875/1 5749/5874/1 4767/5873/1
f 4078/5870/1 4079/5875/1 4766/5876/1 4695/5869/1
f 4766/5876/1 4079/5875/1 4767/5873/1
f 4080/5879/1 5750/5878/1 5714/5877/1
f 5714/5877/1 5749/5874/1 4079/5875/1 4080/5879/1
f 4081/5882/1 4715/5881/1 4768/5880/1
f 4768/5880/1 5750/5878/1 4080/5879/1 4081/5882/1
f 4082/5885/1 4701/5884/1 4770/5883/1
f 4770/5883/1 4715/5881/1 4081/5882/1 4082/5885/1
f 4083/5888/1 4718/5887/1 4771/5886/1
f 4771/5886/1 4701/5884/1 4082/5885/1 4083/5888/1
f 4084/5891/1 4706/5890/1 4772/5889/1
f 4772/5889/1 4718/5887/1 4083/5888/1 4084/5891/1
f 4085/5894/1 4707/5893/1 4773/5892/1
f 4773/5892/1 4706/5890/1 4084/5891/1 4085/5894/1
f 4086/5897/1 5755/5896/1 4774/5895/1
f 4774/5895/1 4707/5893/1 4085/5894/1 4086/5897/1
f 4087/5900/1 5756/5899/1 5719/5898/1
f 5719/5898/1 5755/5896/1 4086/5897/1 4087/5900/1
f 4088/5903/1 4696/5902/1 5720/5901/1
f 5720/5901/1 5756/5899/1 4087/5900/1 4088/5903/1
f 4089/5906/1 4721/5905/1 4776/5904/1
f 4775/5907/1 4696/5902/1 4088/5903/1 4089/5906/1
f 4089/5906/1 4776/5904/1 4775/5907/1
f 4089/5906/1 4090/5910/1 4714/5909/1 4777/5908/1
f 4721/5905/1 4089/5906/1 4777/5908/1
f 4090/5910/1 4091/5913/1 5757/5912/1 5703/5911/1
f 4714/5909/1 4090/5910/1 5703/5911/1
f 4091/5913/1 4092/5916/1 5758/5915/1 5721/5914/1
f 5757/5912/1 4091/5913/1 5721/5914/1
f 4092/5916/1 4093/5919/1 5759/5918/1 5708/5917/1
f 5758/5915/1 4092/5916/1 5708/5917/1
f 4094/5922/1 5760/5921/1 4778/5920/1
f 4778/5920/1 5759/5918/1 4093/5919/1 4094/5922/1
f 4095/5925/1 5761/5924/1 5710/5923/1
f 5710/5923/1 5760/5921/1 4094/5922/1 4095/5925/1
f 4096/5928/1 4680/5927/1 4779/5926/1
f 4779/5926/1 5761/5924/1 4095/5925/1 4096/5928/1
f 4097/5931/1 5762/5930/1 4780/5929/1
f 4780/5929/1 4680/5927/1 4096/5928/1 4097/5931/1
f 4098/5934/1 4713/5933/1 5712/5932/1
f 5712/5932/1 5762/5930/1 4097/5931/1 4098/5934/1
f 5764/5937/1 5715/5936/1 4098/5934/1 4099/5935/1
f 4098/5934/1 5715/5936/1 5713/5938/1
f 4713/5933/1 4098/5934/1 5713/5938/1
f 4100/5940/1 4076/5863/1 5754/5865/1 5717/5939/1
f 4100/5940/1 4781/5941/1 5764/5937/1 4099/5935/1
f 4100/5940/1 5717/5939/1 4723/5942/1
f 4100/5940/1 4723/5942/1 4781/5941/1
f 4100/5940/1 3960/5242/3330 3961/5250/3330 4076/5863/1
f 3934/5006/3274 3935/5030/3298 4077/5867/1 3933/4998/3266
f 3935/5030/3298 3936/5038/3298 4078/5870/1 4077/5867/1
f 3936/5038/3298 3937/5046/3298 4079/5875/1 4078/5870/1
f 3937/5046/3298 3938/5054/3298 4080/5879/1 4079/5875/1
f 3938/5054/3298 3939/5062/3298 4081/5882/1 4080/5879/1
f 3939/5062/3298 3940/5070/3298 4082/5885/1 4081/5882/1
f 3940/5070/3298 3941/5078/3298 4083/5888/1 4082/5885/1
f 3941/5078/3298 3942/5086/3298 4084/5891/1 4083/5888/1
f 3942/5086/3298 3943/5094/3298 4085/5894/1 4084/5891/1
f 3943/5094/3298 3944/5102/3298 4086/5897/1 4085/5894/1
f 3944/5102/3298 3945/5110/3298 4087/5900/1 4086/5897/1
f 3945/5110/3298 3946/5118/3298 4088/5903/1 4087/5900/1
f 3946/5118/3298 3947/5126/3298 4089/5906/1 4088/5903/1
f 3947/5126/3298 3948/5134/3298 4090/5910/1 4089/5906/1
f 3948/5134/3298 3949/5142/3298 4091/5913/1 4090/5910/1
f 3949/5142/3298 3950/5150/3298 4092/5916/1 4091/5913/1
f 3950/5150/3298 3951/5158/3298 4093/5919/1 4092/5916/1
f 3951/5158/3298 3952/5166/3298 4094/5922/1 4093/5919/1
f 3952/5166/3298 3953/5174/3298 4095/5925/1 4094/5922/1
f 3953/5174/3298 3954/5182/3298 4096/5928/1 4095/5925/1
f 3954/5182/3298 3955/5190/3298 4097/5931/1 4096/5928/1
f 3955/5190/3298 3956/5198/3298 4098/5934/1 4097/5931/1
f 3956/5198/3298 3957/5206/3298 4099/5935/1 4098/5934/1
f 3957/5206/3298 3958/5214/3298 4100/5940/1 4099/5935/1
f 3958/5214/3298 3959/5222/3306 3960/5242/3330 4100/5940/1
f 3476/5633/3357 4101/5943/4 3378/4803/3255 3377/4800/3252
f 3475/5625/3357 4102/5944/4 4101/5943/4 3476/5633/3357
f 3474/5617/3357 4103/5945/4 4102/5944/4 3475/5625/3357
f 3473/5609/3357 4104/5946/4 4103/5945/4 3474/5617/3357
f 3472/5601/3357 4105/5947/4 4104/5946/4 3473/5609/3357
f 3471/5593/3357 4106/5948/4 4105/5947/4 3472/5601/3357
f 3470/5585/3357 4107/5949/4 4106/5948/4 3471/5593/3357
f 3469/5577/3357 4108/5950/4 4107/5949/4 3470/5585/3357
f 3468/5569/3357 4109/5951/4 4108/5950/4 3469/5577/3357
f 3467/5561/3357 4110/5952/4 4109/5951/4 3468/5569/3357
f 3466/5553/3357 4111/5953/4 4110/5952/4 3467/5561/3357
f 3465/5545/3357 4112/5954/4 4111/5953/4 3466/5553/3357
f 3464/5537/3357 4113/5955/4 4112/5954/4 3465/5545/3357
f 3463/5529/3357 4114/5956/4 4113/5955/4 3464/5537/3357
f 3462/5521/3357 4115/5957/4 4114/5956/4 3463/5529/3357
f 3461/5513/3357 4116/5958/4 4115/5957/4 3462/5521/3357
f 3460/5505/3357 4117/5959/4 4116/5958/4 3461/5513/3357
f 3459/5497/3357 4118/5960/4 4117/5959/4 3460/5505/3357
f 3458/5489/3357 4119/5961/4 4118/5960/4 3459/5497/3357
f 3457/5481/3357 4120/5962/4 4119/5961/4 3458/5489/3357
f 3456/5473/3357 4121/5963/4 4120/5962/4 3457/5481/3357
f 3455/5465/3357 4122/5964/4 4121/5963/4 3456/5473/3357
f 3454/5457/3357 4123/5965/4 4122/5964/4 3455/5465/3357
f 3453/5449/3357 4124/5966/4 4123/5965/4 3454/5457/3357
f 3452/5429/3333 3451/5421/3325 4124/5966/4 3453/5449/3357
f 4101/5943/4 4125/5967/4 3379/4817/3255 3378/4803/3255
f 4102/5944/4 4126/5968/4 4125/5967/4 4101/5943/4
f 4103/5945/4 4127/5969/4 4126/5968/4 4102/5944/4
f 4104/5946/4 4128/5970/4 4127/5969/4 4103/5945/4
f 4105/5947/4 4129/5971/4 4128/5970/4 4104/5946/4
f 4106/5948/4 4130/5972/4 4129/5971/4 4105/5947/4
f 4107/5949/4 4131/5973/4 4130/5972/4 4106/5948/4
f 4108/5950/4 4132/5974/4 4131/5973/4 4107/5949/4
f 4109/5951/4 4133/5975/4 4132/5974/4 4108/5950/4
f 4110/5952/4 4134/5976/4 4133/5975/4 4109/5951/4
f 4111/5953/4 4135/5977/4 4134/5976/4 4110/5952/4
f 4112/5954/4 4136/5978/4 4135/5977/4 4111/5953/4
f 4113/5955/4 4137/5979/4 4136/5978/4 4112/5954/4
f 4114/5956/4 4138/5980/4 4137/5979/4 4113/5955/4
f 4115/5957/4 4139/5981/4 4138/5980/4 4114/5956/4
f 4116/5958/4 4140/5982/4 4139/5981/4 4115/5957/4
f 4117/5959/4 4141/5983/4 4140/5982/4 4116/5958/4
f 4118/5960/4 4142/5984/4 4141/5983/4 4117/5959/4
f 4119/5961/4 4143/5985/4 4142/5984/4 4118/5960/4
f 4120/5962/4 4144/5986/4 4143/5985/4 4119/5961/4
f 4121/5963/4 4145/5987/4 4144/5986/4 4120/5962/4
f 4122/5964/4 4146/5988/4 4145/5987/4 4121/5963/4
f 4123/5965/4 4147/5989/4 4146/5988/4 4122/5964/4
f 4124/5966/4 4148/5990/4 4147/5989/4 4123/5965/4
f 3451/5421/3325 3450/5413/3325 4148/5990/4 4124/5966/4
f 4125/5967/4 4149/5991/4 3380/4825/3255 3379/4817/3255
f 4126/5968/4 4150/5992/4 4149/5991/4 4125/5967/4
f 4127/5969/4 4151/5993/4 4150/5992/4 4126/5968/4
f 4128/5970/4 4152/5994/4 4151/5993/4 4127/5969/4
f 4129/5971/4 4153/5995/4 4152/5994/4 4128/5970/4
f 4130/5972/4 4154/5996/4 4153/5995/4 4129/5971/4
f 4131/5973/4 4155/5997/4 4154/5996/4 4130/5972/4
f 4132/5974/4 4156/5998/4 4155/5997/4 4131/5973/4
f 4133/5975/4 4157/5999/4 4156/5998/4 4132/5974/4
f 4134/5976/4 4158/6000/4 4157/5999/4 4133/5975/4
f 4135/5977/4 4159/6001/4 4158/6000/4 4134/5976/4
f 4136/5978/4 4160/6002/4 4159/6001/4 4135/5977/4
f 4137/5979/4 4161/6003/4 4160/6002/4 4136/5978/4
f 4138/5980/4 4162/6004/4 4161/6003/4 4137/5979/4
f 4139/5981/4 4163/6005/4 4162/6004/4 4138/5980/4
f 4140/5982/4 4164/6006/4 4163/6005/4 4139/5981/4
f 4141/5983/4 4165/6007/4 4164/6006/4 4140/5982/4
f 4142/5984/4 4166/6008/4 4165/6007/4 4141/5983/4
f 4143/5985/4 4167/6009/4 4166/6008/4 4142/5984/4
f 4144/5986/4 4168/6010/4 4167/6009/4 4143/5985/4
f 4145/5987/4 4169/6011/4 4168/6010/4 4144/5986/4
f 4146/5988/4 4170/6012/4 4169/6011/4 4145/5987/4
f 4147/5989/4 4171/6013/4 4170/6012/4 4146/5988/4
f 4148/5990/4 4172/6014/4 4171/6013/4 4147/5989/4
f 3450/5413/3325 3449/5405/3325 4172/6014/4 4148/5990/4
f 4149/5991/4 4173/6015/4 3381/4833/3255 3380/4825/3255
f 4150/5992/4 4174/6016/4 4173/6015/4 4149/5991/4
f 4151/5993/4 4175/6017/4 4174/6016/4 4150/5992/4
f 4152/5994/4 4176/6018/4 4175/6017/4 4151/5993/4
f 4153/5995/4 4177/6019/4 4176/6018/4 4152/5994/4
f 4154/5996/4 4178/6020/4 4177/6019/4 4153/5995/4
f 4155/5997/4 4179/6021/4 4178/6020/4 4154/5996/4
f 4156/5998/4 4180/6022/4 4179/6021/4 4155/5997/4
f 4157/5999/4 4181/6023/4 4180/6022/4 4156/5998/4
f 4158/6000/4 4182/6024/4 4181/6023/4 4157/5999/4
f 4159/6001/4 4183/6025/4 4182/6024/4 4158/6000/4
f 4160/6002/4 4184/6026/4 4183/6025/4 4159/6001/4
f 4161/6003/4 4185/6027/4 4184/6026/4 4160/6002/4
f 4162/6004/4 4186/6028/4 4185/6027/4 4161/6003/4
f 4163/6005/4 4187/6029/4 4186/6028/4 4162/6004/4
f 4164/6006/4 4188/6030/4 4187/6029/4 4163/6005/4
f 4165/6007/4 4189/6031/4 4188/6030/4 4164/6006/4
f 4166/6008/4 4190/6032/4 4189/6031/4 4165/6007/4
f 4167/6009/4 4191/6033/4 4190/6032/4 4166/6008/4
f 4168/6010/4 4192/6034/4 4191/6033/4 4167/6009/4
f 4169/6011/4 4193/6035/4 4192/6034/4 4168/6010/4
f 4170/6012/4 4194/6036/4 4193/6035/4 4169/6011/4
f 4171/6013/4 4195/6037/4 4194/6036/4 4170/6012/4
f 4172/6014/4 4196/6038/4 4195/6037/4 4171/6013/4
f 3449/5405/3325 3448/5397/3325 4196/6038/4 4172/6014/4
f 4173/6015/4 4197/6039/4 3382/4841/3255 3381/4833/3255
f 4174/6016/4 4198/6040/4 4197/6039/4 4173/6015/4
f 4175/6017/4 4199/6041/4 4198/6040/4 4174/6016/4
f 4176/6018/4 4200/6042/4 4199/6041/4 4175/6017/4
f 4177/6019/4 4201/6043/4 4200/6042/4 4176/6018/4
f 4178/6020/4 4202/6044/4 4201/6043/4 4177/6019/4
f 4179/6021/4 4203/6045/4 4202/6044/4 4178/6020/4
f 4180/6022/4 4204/6046/4 4203/6045/4 4179/6021/4
f 4181/6023/4 4205/6047/4 4204/6046/4 4180/6022/4
f 4182/6024/4 4206/6048/4 4205/6047/4 4181/6023/4
f 4183/6025/4 4207/6049/4 4206/6048/4 4182/6024/4
f 4184/6026/4 4208/6050/4 4207/6049/4 4183/6025/4
f 4185/6027/4 4209/6051/4 4208/6050/4 4184/6026/4
f 4186/6028/4 4210/6052/4 4209/6051/4 4185/6027/4
f 4187/6029/4 4211/6053/4 4210/6052/4 4186/6028/4
f 4188/6030/4 4212/6054/4 4211/6053/4 4187/6029/4
f 4189/6031/4 4213/6055/4 4212/6054/4 4188/6030/4
f 4190/6032/4 4214/6056/4 4213/6055/4 4189/6031/4
f 4191/6033/4 4215/6057/4 4214/6056/4 4190/6032/4
f 4192/6034/4 4216/6058/4 4215/6057/4 4191/6033/4
f 4193/6035/4 4217/6059/4 4216/6058/4 4192/6034/4
f 4194/6036/4 4218/6060/4 4217/6059/4 4193/6035/4
f 4195/6037/4 4219/6061/4 4218/6060/4 4194/6036/4
f 4196/6038/4 4220/6062/4 4219/6061/4 4195/6037/4
f 3448/5397/3325 3447/5389/3325 4220/6062/4 4196/6038/4
f 4197/6039/4 4221/6063/4 3383/4849/3255 3382/4841/3255
f 4198/6040/4 4222/6064/4 4221/6063/4 4197/6039/4
f 4199/6041/4 4223/6065/4 4222/6064/4 4198/6040/4
f 4200/6042/4 4224/6066/4 4223/6065/4 4199/6041/4
f 4201/6043/4 4225/6067/4 4224/6066/4 4200/6042/4
f 4202/6044/4 4226/6068/4 4225/6067/4 4201/6043/4
f 4203/6045/4 4227/6069/4 4226/6068/4 4202/6044/4
f 4204/6046/4 4228/6070/4 4227/6069/4 4203/6045/4
f 4205/6047/4 4229/6071/4 4228/6070/4 4204/6046/4
f 4206/6048/4 4230/6072/4 4229/6071/4 4205/6047/4
f 4207/6049/4 4231/6073/4 4230/6072/4 4206/6048/4
f 4208/6050/4 4232/6074/4 4231/6073/4 4207/6049/4
f 4209/6051/4 4233/6075/4 4232/6074/4 4208/6050/4
f 4210/6052/4 4234/6076/4 4233/6075/4 4209/6051/4
f 4211/6053/4 4235/6077/4 4234/6076/4 4210/6052/4
f 4212/6054/4 4236/6078/4 4235/6077/4 4211/6053/4
f 4213/6055/4 4237/6079/4 4236/6078/4 4212/6054/4
f 4214/6056/4 4238/6080/4 4237/6079/4 4213/6055/4
f 4215/6057/4 4239/6081/4 4238/6080/4 4214/6056/4
f 4216/6058/4 4240/6082/4 4239/6081/4 4215/6057/4
f 4217/6059/4 4241/6083/4 4240/6082/4 4216/6058/4
f 4218/6060/4 4242/6084/4 4241/6083/4 4217/6059/4
f 4219/6061/4 4243/6085/4 4242/6084/4 4218/6060/4
f 4220/6062/4 4244/6086/4 4243/6085/4 4219/6061/4
f 3447/5389/3325 3446/5381/3325 4244/6086/4 4220/6062/4
f 4221/6063/4 4245/6087/4 3384/4857/3255 3383/4849/3255
f 4222/6064/4 4246/6088/4 4245/6087/4 4221/6063/4
f 4223/6065/4 4247/6089/4 4246/6088/4 4222/6064/4
f 4224/6066/4 4248/6090/4 4247/6089/4 4223/6065/4
f 4225/6067/4 4249/6091/4 4248/6090/4 4224/6066/4
f 4226/6068/4 4250/6092/4 4249/6091/4 4225/6067/4
f 4227/6069/4 4251/6093/4 4250/6092/4 4226/6068/4
f 4228/6070/4 4252/6094/4 4251/6093/4 4227/6069/4
f 4229/6071/4 4253/6095/4 4252/6094/4 4228/6070/4
f 4230/6072/4 4254/6096/4 4253/6095/4 4229/6071/4
f 4231/6073/4 4255/6097/4 4254/6096/4 4230/6072/4
f 4232/6074/4 4256/6098/4 4255/6097/4 4231/6073/4
f 4233/6075/4 4257/6099/4 4256/6098/4 4232/6074/4
f 4234/6076/4 4258/6100/4 4257/6099/4 4233/6075/4
f 4235/6077/4 4259/6101/4 4258/6100/4 4234/6076/4
f 4236/6078/4 4260/6102/4 4259/6101/4 4235/6077/4
f 4237/6079/4 4261/6103/4 4260/6102/4 4236/6078/4
f 4238/6080/4 4262/6104/4 4261/6103/4 4237/6079/4
f 4239/6081/4 4263/6105/4 4262/6104/4 4238/6080/4
f 4240/6082/4 4264/6106/4 4263/6105/4 4239/6081/4
f 4241/6083/4 4265/6107/4 4264/6106/4 4240/6082/4
f 4242/6084/4 4266/6108/4 4265/6107/4 4241/6083/4
f 4243/6085/4 4267/6109/4 4266/6108/4 4242/6084/4
f 4244/6086/4 4268/6110/4 4267/6109/4 4243/6085/4
f 3446/5381/3325 3445/5373/3325 4268/6110/4 4244/6086/4
f 4245/6087/4 4269/6111/4 3385/4865/3255 3384/4857/3255
f 4246/6088/4 4270/6112/4 4269/6111/4 4245/6087/4
f 4247/6089/4 4271/6113/4 4270/6112/4 4246/6088/4
f 4248/6090/4 4272/6114/4 4271/6113/4 4247/6089/4
f 4249/6091/4 4273/6115/4 4272/6114/4 4248/6090/4
f 4250/6092/4 4274/6116/4 4273/6115/4 4249/6091/4
f 4251/6093/4 4275/6117/4 4274/6116/4 4250/6092/4
f 4252/6094/4 4276/6118/4 4275/6117/4 4251/6093/4
f 4253/6095/4 4277/6119/4 4276/6118/4 4252/6094/4
f 4254/6096/4 4278/6120/4 4277/6119/4 4253/6095/4
f 4255/6097/4 4279/6121/4 4278/6120/4 4254/6096/4
f 4256/6098/4 4280/6122/4 4279/6121/4 4255/6097/4
f 4257/6099/4 4281/6123/4 4280/6122/4 4256/6098/4
f 4258/6100/4 4282/6124/4 4281/6123/4 4257/6099/4
f 4259/6101/4 4283/6125/4 4282/6124/4 4258/6100/4
f 4260/6102/4 4284/6126/4 4283/6125/4 4259/6101/4
f 4261/6103/4 4285/6127/4 4284/6126/4 4260/6102/4
f 4262/6104/4 4286/6128/4 4285/6127/4 4261/6103/4
f 4263/6105/4 4287/6129/4 4286/6128/4 4262/6104/4
f 4264/6106/4 4288/6130/4 4287/6129/4 4263/6105/4
f 4265/6107/4 4289/6131/4 4288/6130/4 4264/6106/4
f 4266/6108/4 4290/6132/4 4289/6131/4 4265/6107/4
f 4267/6109/4 4291/6133/4 4290/6132/4 4266/6108/4
f 4268/6110/4 4292/6134/4 4291/6133/4 4267/6109/4
f 3445/5373/3325 3444/5365/3325 4292/6134/4 4268/6110/4
f 4269/6111/4 4293/6135/4 3386/4873/3255 3385/4865/3255
f 4270/6112/4 4294/6136/4 4293/6135/4 4269/6111/4
f 4271/6113/4 4295/6137/4 4294/6136/4 4270/6112/4
f 4272/6114/4 4296/6138/4 4295/6137/4 4271/6113/4
f 4273/6115/4 4297/6139/4 4296/6138/4 4272/6114/4
f 4274/6116/4 4298/6140/4 4297/6139/4 4273/6115/4
f 4275/6117/4 4299/6141/4 4298/6140/4 4274/6116/4
f 4276/6118/4 4300/6142/4 4299/6141/4 4275/6117/4
f 4277/6119/4 4301/6143/4 4300/6142/4 4276/6118/4
f 4278/6120/4 4302/6144/4 4301/6143/4 4277/6119/4
f 4279/6121/4 4303/6145/4 4302/6144/4 4278/6120/4
f 4280/6122/4 4304/6146/4 4303/6145/4 4279/6121/4
f 4281/6123/4 4305/6147/4 4304/6146/4 4280/6122/4
f 4282/6124/4 4306/6148/4 4305/6147/4 4281/6123/4
f 4283/6125/4 4307/6149/4 4306/6148/4 4282/6124/4
f 4284/6126/4 4308/6150/4 4307/6149/4 4283/6125/4
f 4285/6127/4 4309/6151/4 4308/6150/4 4284/6126/4
f 4286/6128/4 4310/6152/4 4309/6151/4 4285/6127/4
f 4287/6129/4 4311/6153/4 4310/6152/4 4286/6128/4
f 4288/6130/4 4312/6154/4 4311/6153/4 4287/6129/4
f 4289/6131/4 4313/6155/4 4312/6154/4 4288/6130/4
f 4290/6132/4 4314/6156/4 4313/6155/4 4289/6131/4
f 4291/6133/4 4315/6157/4 4314/6156/4 4290/6132/4
f 4292/6134/4 4316/6158/4 4315/6157/4 4291/6133/4
f 3444/5365/3325 3443/5357/3325 4316/6158/4 4292/6134/4
f 4293/6135/4 4317/6159/4 3387/4881/3255 3386/4873/3255
f 4294/6136/4 4318/6160/4 4317/6159/4 4293/6135/4
f 4295/6137/4 4319/6161/4 4318/6160/4 4294/6136/4
f 4296/6138/4 4320/6162/4 4319/6161/4 4295/6137/4
f 4297/6139/4 4321/6163/4 4320/6162/4 4296/6138/4
f 4298/6140/4 4322/6164/4 4321/6163/4 4297/6139/4
f 4299/6141/4 4323/6165/4 4322/6164/4 4298/6140/4
f 4300/6142/4 4324/6166/4 4323/6165/4 4299/6141/4
f 4301/6143/4 4325/6167/4 4324/6166/4 4300/6142/4
f 4302/6144/4 4326/6168/4 4325/6167/4 4301/6143/4
f 4303/6145/4 4327/6169/4 4326/6168/4 4302/6144/4
f 4304/6146/4 4328/6170/4 4327/6169/4 4303/6145/4
f 4305/6147/4 4329/6171/4 4328/6170/4 4304/6146/4
f 4306/6148/4 4330/6172/4 4329/6171/4 4305/6147/4
f 4307/6149/4 4331/6173/4 4330/6172/4 4306/6148/4
f 4308/6150/4 4332/6174/4 4331/6173/4 4307/6149/4
f 4309/6151/4 4333/6175/4 4332/6174/4 4308/6150/4
f 4310/6152/4 4334/6176/4 4333/6175/4 4309/6151/4
f 4311/6153/4 4335/6177/4 4334/6176/4 4310/6152/4
f 4312/6154/4 4336/6178/4 4335/6177/4 4311/6153/4
f 4313/6155/4 4337/6179/4 4336/6178/4 4312/6154/4
f 4314/6156/4 4338/6180/4 4337/6179/4 4313/6155/4
f 4315/6157/4 4339/6181/4 4338/6180/4 4314/6156/4
f 4316/6158/4 4340/6182/4 4339/6181/4 4315/6157/4
f 3443/5357/3325 3442/5349/3325 4340/6182/4 4316/6158/4
f 4317/6159/4 4341/6183/4 3388/4889/3255 3387/4881/3255
f 4318/6160/4 4342/6184/4 4341/6183/4 4317/6159/4
f 4319/6161/4 4343/6185/4 4342/6184/4 4318/6160/4
f 4320/6162/4 4344/6186/4 4343/6185/4 4319/6161/4
f 4321/6163/4 4345/6187/4 4344/6186/4 4320/6162/4
f 4322/6164/4 4346/6188/4 4345/6187/4 4321/6163/4
f 4323/6165/4 4347/6189/4 4346/6188/4 4322/6164/4
f 4324/6166/4 4348/6190/4 4347/6189/4 4323/6165/4
f 4325/6167/4 4349/6191/4 4348/6190/4 4324/6166/4
f 4326/6168/4 4350/6192/4 4349/6191/4 4325/6167/4
f 4327/6169/4 4351/6193/4 4350/6192/4 4326/6168/4
f 4328/6170/4 4352/6194/4 4351/6193/4 4327/6169/4
f 4329/6171/4 4353/6195/4 4352/6194/4 4328/6170/4
f 4330/6172/4 4354/6196/4 4353/6195/4 4329/6171/4
f 4331/6173/4 4355/6197/4 4354/6196/4 4330/6172/4
f 4332/6174/4 4356/6198/4 4355/6197/4 4331/6173/4
f 4333/6175/4 4357/6199/4 4356/6198/4 4332/6174/4
f 4334/6176/4 4358/6200/4 4357/6199/4 4333/6175/4
f 4335/6177/4 4359/6201/4 4358/6200/4 4334/6176/4
f 4336/6178/4 4360/6202/4 4359/6201/4 4335/6177/4
f 4337/6179/4 4361/6203/4 4360/6202/4 4336/6178/4
f 4338/6180/4 4362/6204/4 4361/6203/4 4337/6179/4
f 4339/6181/4 4363/6205/4 4362/6204/4 4338/6180/4
f 4340/6182/4 4364/6206/4 4363/6205/4 4339/6181/4
f 3442/5349/3325 3441/5341/3325 4364/6206/4 4340/6182/4
f 4341/6183/4 4365/6207/4 3389/4897/3255 3388/4889/3255
f 4342/6184/4 4366/6208/4 4365/6207/4 4341/6183/4
f 4343/6185/4 4367/6209/4 4366/6208/4 4342/6184/4
f 4344/6186/4 4368/6210/4 4367/6209/4 4343/6185/4
f 4345/6187/4 4369/6211/4 4368/6210/4 4344/6186/4
f 4346/6188/4 4370/6212/4 4369/6211/4 4345/6187/4
f 4347/6189/4 4371/6213/4 4370/6212/4 4346/6188/4
f 4348/6190/4 4372/6214/4 4371/6213/4 4347/6189/4
f 4349/6191/4 4373/6215/4 4372/6214/4 4348/6190/4
f 4350/6192/4 4374/6216/4 4373/6215/4 4349/6191/4
f 4351/6193/4 4375/6217/4 4374/6216/4 4350/6192/4
f 4352/6194/4 4376/6218/4 4375/6217/4 4351/6193/4
f 4353/6195/4 4377/6219/4 4376/6218/4 4352/6194/4
f 4354/6196/4 4378/6220/4 4377/6219/4 4353/6195/4
f 4355/6197/4 4379/6221/4 4378/6220/4 4354/6196/4
f 4356/6198/4 4380/6222/4 4379/6221/4 4355/6197/4
f 4357/6199/4 4381/6223/4 4380/6222/4 4356/6198/4
f 4358/6200/4 4382/6224/4 4381/6223/4 4357/6199/4
f 4359/6201/4 4383/6225/4 4382/6224/4 4358/6200/4
f 4360/6202/4 4384/6226/4 4383/6225/4 4359/6201/4
f 4361/6203/4 4385/6227/4 4384/6226/4 4360/6202/4
f 4362/6204/4 4386/6228/4 4385/6227/4 4361/6203/4
f 4363/6205/4 4387/6229/4 4386/6228/4 4362/6204/4
f 4364/6206/4 4388/6230/4 4387/6229/4 4363/6205/4
f 3441/5341/3325 3440/5333/3325 4388/6230/4 4364/6206/4
f 4365/6207/4 4389/6231/4 3390/4905/3255 3389/4897/3255
f 4366/6208/4 4390/6232/4 4389/6231/4 4365/6207/4
f 4367/6209/4 4391/6233/4 4390/6232/4 4366/6208/4
f 4368/6210/4 4392/6234/4 4391/6233/4 4367/6209/4
f 4369/6211/4 4393/6235/4 4392/6234/4 4368/6210/4
f 4370/6212/4 4394/6236/4 4393/6235/4 4369/6211/4
f 4371/6213/4 4395/6237/4 4394/6236/4 4370/6212/4
f 4372/6214/4 4396/6238/4 4395/6237/4 4371/6213/4
f 4373/6215/4 4397/6239/4 4396/6238/4 4372/6214/4
f 4374/6216/4 4398/6240/4 4397/6239/4 4373/6215/4
f 4375/6217/4 4399/6241/4 4398/6240/4 4374/6216/4
f 4376/6218/4 4400/6242/4 4399/6241/4 4375/6217/4
f 4377/6219/4 4401/6243/4 4400/6242/4 4376/6218/4
f 4378/6220/4 4402/6244/4 4401/6243/4 4377/6219/4
f 4379/6221/4 4403/6245/4 4402/6244/4 4378/6220/4
f 4380/6222/4 4404/6246/4 4403/6245/4 4379/6221/4
f 4381/6223/4 4405/6247/4 4404/6246/4 4380/6222/4
f 4382/6224/4 4406/6248/4 4405/6247/4 4381/6223/4
f 4383/6225/4 4407/6249/4 4406/6248/4 4382/6224/4
f 4384/6226/4 4408/6250/4 4407/6249/4 4383/6225/4
f 4385/6227/4 4409/6251/4 4408/6250/4 4384/6226/4
f 4386/6228/4 4410/6252/4 4409/6251/4 4385/6227/4
f 4387/6229/4 4411/6253/4 4410/6252/4 4386/6228/4
f 4388/6230/4 4412/6254/4 4411/6253/4 4387/6229/4
f 3440/5333/3325 3439/5325/3325 4412/6254/4 4388/6230/4
f 4389/6231/4 4413/6255/4 3391/4913/3255 3390/4905/3255
f 4390/6232/4 4414/6256/4 4413/6255/4 4389/6231/4
f 4391/6233/4 4415/6257/4 4414/6256/4 4390/6232/4
f 4392/6234/4 4416/6258/4 4415/6257/4 4391/6233/4
f 4393/6235/4 4417/6259/4 4416/6258/4 4392/6234/4
f 4394/6236/4 4418/6260/4 4417/6259/4 4393/6235/4
f 4395/6237/4 4419/6261/4 4418/6260/4 4394/6236/4
f 4396/6238/4 4420/6262/4 4419/6261/4 4395/6237/4
f 4397/6239/4 4421/6263/4 4420/6262/4 4396/6238/4
f 4398/6240/4 4422/6264/4 4421/6263/4 4397/6239/4
f 4399/6241/4 4423/6265/4 4422/6264/4 4398/6240/4
f 4400/6242/4 4424/6266/4 4423/6265/4 4399/6241/4
f 4401/6243/4 4425/6267/4 4424/6266/4 4400/6242/4
f 4402/6244/4 4426/6268/4 4425/6267/4 4401/6243/4
f 4403/6245/4 4427/6269/4 4426/6268/4 4402/6244/4
f 4404/6246/4 4428/6270/4 4427/6269/4 4403/6245/4
f 4405/6247/4 4429/6271/4 4428/6270/4 4404/6246/4
f 4406/6248/4 4430/6272/4 4429/6271/4 4405/6247/4
f 4407/6249/4 4431/6273/4 4430/6272/4 4406/6248/4
f 4408/6250/4 4432/6274/4 4431/6273/4 4407/6249/4
f 4409/6251/4 4433/6275/4 4432/6274/4 4408/6250/4
f 4410/6252/4 4434/6276/4 4433/6275/4 4409/6251/4
f 4411/6253/4 4435/6277/4 4434/6276/4 4410/6252/4
f 4412/6254/4 4436/6278/4 4435/6277/4 4411/6253/4
f 3439/5325/3325 3438/5317/3325 4436/6278/4 4412/6254/4
f 4413/6255/4 4437/6279/4 3392/4921/3255 3391/4913/3255
f 4414/6256/4 4438/6280/4 4437/6279/4 4413/6255/4
f 4415/6257/4 4439/6281/4 4438/6280/4 4414/6256/4
f 4416/6258/4 4440/6282/4 4439/6281/4 4415/6257/4
f 4417/6259/4 4441/6283/4 4440/6282/4 4416/6258/4
f 4418/6260/4 4442/6284/4 4441/6283/4 4417/6259/4
f 4419/6261/4 4443/6285/4 4442/6284/4 4418/6260/4
f 4420/6262/4 4444/6286/4 4443/6285/4 4419/6261/4
f 4421/6263/4 4445/6287/4 4444/6286/4 4420/6262/4
f 4422/6264/4 4446/6288/4 4445/6287/4 4421/6263/4
f 4423/6265/4 4447/6289/4 4446/6288/4 4422/6264/4
f 4424/6266/4 4448/6290/4 4447/6289/4 4423/6265/4
f 4425/6267/4 4449/6291/4 4448/6290/4 4424/6266/4
f 4426/6268/4 4450/6292/4 4449/6291/4 4425/6267/4
f 4427/6269/4 4451/6293/4 4450/6292/4 4426/6268/4
f 4428/6270/4 4452/6294/4 4451/6293/4 4427/6269/4
f 4429/6271/4 4453/6295/4 4452/6294/4 4428/6270/4
f 4430/6272/4 4454/6296/4 4453/6295/4 4429/6271/4
f 4431/6273/4 4455/6297/4 4454/6296/4 4430/6272/4
f 4432/6274/4 4456/6298/4 4455/6297/4 4431/6273/4
f 4433/6275/4 4457/6299/4 4456/6298/4 4432/6274/4
f 4434/6276/4 4458/6300/4 4457/6299/4 4433/6275/4
f 4435/6277/4 4459/6301/4 4458/6300/4 4434/6276/4
f 4436/6278/4 4460/6302/4 4459/6301/4 4435/6277/4
f 3438/5317/3325 3437/5309/3325 4460/6302/4 4436/6278/4
f 4437/6279/4 4461/6303/4 3393/4929/3255 3392/4921/3255
f 4438/6280/4 4462/6304/4 4461/6303/4 4437/6279/4
f 4439/6281/4 4463/6305/4 4462/6304/4 4438/6280/4
f 4440/6282/4 4464/6306/4 4463/6305/4 4439/6281/4
f 4441/6283/4 4465/6307/4 4464/6306/4 4440/6282/4
f 4442/6284/4 4466/6308/4 4465/6307/4 4441/6283/4
f 4443/6285/4 4467/6309/4 4466/6308/4 4442/6284/4
f 4444/6286/4 4468/6310/4 4467/6309/4 4443/6285/4
f 4445/6287/4 4469/6311/4 4468/6310/4 4444/6286/4
f 4446/6288/4 4470/6312/4 4469/6311/4 4445/6287/4
f 4447/6289/4 4471/6313/4 4470/6312/4 4446/6288/4
f 4448/6290/4 4472/6314/4 4471/6313/4 4447/6289/4
f 4449/6291/4 4473/6315/4 4472/6314/4 4448/6290/4
f 4450/6292/4 4474/6316/4 4473/6315/4 4449/6291/4
f 4451/6293/4 4475/6317/4 4474/6316/4 4450/6292/4
f 4452/6294/4 4476/6318/4 4475/6317/4 4451/6293/4
f 4453/6295/4 4477/6319/4 4476/6318/4 4452/6294/4
f 4454/6296/4 4478/6320/4 4477/6319/4 4453/6295/4
f 4455/6297/4 4479/6321/4 4478/6320/4 4454/6296/4
f 4456/6298/4 4480/6322/4 4479/6321/4 4455/6297/4
f 4457/6299/4 4481/6323/4 4480/6322/4 4456/6298/4
f 4458/6300/4 4482/6324/4 4481/6323/4 4457/6299/4
f 4459/6301/4 4483/6325/4 4482/6324/4 4458/6300/4
f 4460/6302/4 4484/6326/4 4483/6325/4 4459/6301/4
f 3437/5309/3325 3436/5301/3325 4484/6326/4 4460/6302/4
f 4461/6303/4 4485/6327/4 3394/4937/3255 3393/4929/3255
f 4462/6304/4 4486/6328/4 4485/6327/4 4461/6303/4
f 4463/6305/4 4487/6329/4 4486/6328/4 4462/6304/4
f 4464/6306/4 4488/6330/4 4487/6329/4 4463/6305/4
f 4465/6307/4 4489/6331/4 4488/6330/4 4464/6306/4
f 4466/6308/4 4490/6332/4 4489/6331/4 4465/6307/4
f 4467/6309/4 4491/6333/4 4490/6332/4 4466/6308/4
f 4468/6310/4 4492/6334/4 4491/6333/4 4467/6309/4
f 4469/6311/4 4493/6335/4 4492/6334/4 4468/6310/4
f 4470/6312/4 4494/6336/4 4493/6335/4 4469/6311/4
f 4471/6313/4 4495/6337/4 4494/6336/4 4470/6312/4
f 4472/6314/4 4496/6338/4 4495/6337/4 4471/6313/4
f 4473/6315/4 4497/6339/4 4496/6338/4 4472/6314/4
f 4474/6316/4 4498/6340/4 4497/6339/4 4473/6315/4
f 4475/6317/4 4499/6341/4 4498/6340/4 4474/6316/4
f 4476/6318/4 4500/6342/4 4499/6341/4 4475/6317/4
f 4477/6319/4 4501/6343/4 4500/6342/4 4476/6318/4
f 4478/6320/4 4502/6344/4 4501/6343/4 4477/6319/4
f 4479/6321/4 4503/6345/4 4502/6344/4 4478/6320/4
f 4480/6322/4 4504/6346/4 4503/6345/4 4479/6321/4
f 4481/6323/4 4505/6347/4 4504/6346/4 4480/6322/4
f 4482/6324/4 4506/6348/4 4505/6347/4 4481/6323/4
f 4483/6325/4 4507/6349/4 4506/6348/4 4482/6324/4
f 4484/6326/4 4508/6350/4 4507/6349/4 4483/6325/4
f 3436/5301/3325 3435/5293/3325 4508/6350/4 4484/6326/4
f 4485/6327/4 4509/6351/4 3395/4945/3255 3394/4937/3255
f 4486/6328/4 4510/6352/4 4509/6351/4 4485/6327/4
f 4487/6329/4 4511/6353/4 4510/6352/4 4486/6328/4
f 4488/6330/4 4512/6354/4 4511/6353/4 4487/6329/4
f 4489/6331/4 4513/6355/4 4512/6354/4 4488/6330/4
f 4490/6332/4 4514/6356/4 4513/6355/4 4489/6331/4
f 4491/6333/4 4515/6357/4 4514/6356/4 4490/6332/4
f 4492/6334/4 4516/6358/4 4515/6357/4 4491/6333/4
f 4493/6335/4 4517/6359/4 4516/6358/4 4492/6334/4
f 4494/6336/4 4518/6360/4 4517/6359/4 4493/6335/4
f 4495/6337/4 4519/6361/4 4518/6360/4 4494/6336/4
f 4496/6338/4 4520/6362/4 4519/6361/4 4495/6337/4
f 4497/6339/4 4521/6363/4 4520/6362/4 4496/6338/4
f 4498/6340/4 4522/6364/4 4521/6363/4 4497/6339/4
f 4499/6341/4 4523/6365/4 4522/6364/4 4498/6340/4
f 4500/6342/4 4524/6366/4 4523/6365/4 4499/6341/4
f 4501/6343/4 4525/6367/4 4524/6366/4 4500/6342/4
f 4502/6344/4 4526/6368/4 4525/6367/4 4501/6343/4
f 4503/6345/4 4527/6369/4 4526/6368/4 4502/6344/4
f 4504/6346/4 4528/6370/4 4527/6369/4 4503/6345/4
f 4505/6347/4 4529/6371/4 4528/6370/4 4504/6346/4
f 4506/6348/4 4530/6372/4 4529/6371/4 4505/6347/4
f 4507/6349/4 4531/6373/4 4530/6372/4 4506/6348/4
f 4508/6350/4 4532/6374/4 4531/6373/4 4507/6349/4
f 3435/5293/3325 3434/5285/3325 4532/6374/4 4508/6350/4
f 4509/6351/4 4533/6375/4 3396/4953/3255 3395/4945/3255
f 4510/6352/4 4534/6376/4 4533/6375/4 4509/6351/4
f 4511/6353/4 4535/6377/4 4534/6376/4 4510/6352/4
f 4512/6354/4 4536/6378/4 4535/6377/4 4511/6353/4
f 4513/6355/4 4537/6379/4 4536/6378/4 4512/6354/4
f 4514/6356/4 4538/6380/4 4537/6379/4 4513/6355/4
f 4515/6357/4 4539/6381/4 4538/6380/4 4514/6356/4
f 4516/6358/4 4540/6382/4 4539/6381/4 4515/6357/4
f 4517/6359/4 4541/6383/4 4540/6382/4 4516/6358/4
f 4518/6360/4 4542/6384/4 4541/6383/4 4517/6359/4
f 4519/6361/4 4543/6385/4 4542/6384/4 4518/6360/4
f 4520/6362/4 4544/6386/4 4543/6385/4 4519/6361/4
f 4521/6363/4 4545/6387/4 4544/6386/4 4520/6362/4
f 4522/6364/4 4546/6388/4 4545/6387/4 4521/6363/4
f 4523/6365/4 4547/6389/4 4546/6388/4 4522/6364/4
f 4524/6366/4 4548/6390/4 4547/6389/4 4523/6365/4
f 4525/6367/4 4549/6391/4 4548/6390/4 4524/6366/4
f 4526/6368/4 4550/6392/4 4549/6391/4 4525/6367/4
f 4527/6369/4 4551/6393/4 4550/6392/4 4526/6368/4
f 4528/6370/4 4552/6394/4 4551/6393/4 4527/6369/4
f 4529/6371/4 4553/6395/4 4552/6394/4 4528/6370/4
f 4530/6372/4 4554/6396/4 4553/6395/4 4529/6371/4
f 4531/6373/4 4555/6397/4 4554/6396/4 4530/6372/4
f 4532/6374/4 4556/6398/4 4555/6397/4 4531/6373/4
f 3434/5285/3325 3433/5277/3325 4556/6398/4 4532/6374/4
f 4533/6375/4 4557/6399/4 3397/4961/3255 3396/4953/3255
f 4534/6376/4 4558/6400/4 4557/6399/4 4533/6375/4
f 4535/6377/4 4559/6401/4 4558/6400/4 4534/6376/4
f 4536/6378/4 4560/6402/4 4559/6401/4 4535/6377/4
f 4537/6379/4 4561/6403/4 4560/6402/4 4536/6378/4
f 4538/6380/4 4562/6404/4 4561/6403/4 4537/6379/4
f 4539/6381/4 4563/6405/4 4562/6404/4 4538/6380/4
f 4540/6382/4 4564/6406/4 4563/6405/4 4539/6381/4
f 4541/6383/4 4565/6407/4 4564/6406/4 4540/6382/4
f 4542/6384/4 4566/6408/4 4565/6407/4 4541/6383/4
f 4543/6385/4 4567/6409/4 4566/6408/4 4542/6384/4
f 4544/6386/4 4568/6410/4 4567/6409/4 4543/6385/4
f 4545/6387/4 4569/6411/4 4568/6410/4 4544/6386/4
f 4546/6388/4 4570/6412/4 4569/6411/4 4545/6387/4
f 4547/6389/4 4571/6413/4 4570/6412/4 4546/6388/4
f 4548/6390/4 4572/6414/4 4571/6413/4 4547/6389/4
f 4549/6391/4 4573/6415/4 4572/6414/4 4548/6390/4
f 4550/6392/4 4574/6416/4 4573/6415/4 4549/6391/4
f 4551/6393/4 4575/6417/4 4574/6416/4 4550/6392/4
f 4552/6394/4 4576/6418/4 4575/6417/4 4551/6393/4
f 4553/6395/4 4577/6419/4 4576/6418/4 4552/6394/4
f 4554/6396/4 4578/6420/4 4577/6419/4 4553/6395/4
f 4555/6397/4 4579/6421/4 4578/6420/4 4554/6396/4
f 4556/6398/4 4580/6422/4 4579/6421/4 4555/6397/4
f 3433/5277/3325 3432/5269/3325 4580/6422/4 4556/6398/4
f 4557/6399/4 4581/6423/4 3398/4969/3255 3397/4961/3255
f 4558/6400/4 4582/6424/4 4581/6423/4 4557/6399/4
f 4559/6401/4 4583/6425/4 4582/6424/4 4558/6400/4
f 4560/6402/4 4584/6426/4 4583/6425/4 4559/6401/4
f 4561/6403/4 4585/6427/4 4584/6426/4 4560/6402/4
f 4562/6404/4 4586/6428/4 4585/6427/4 4561/6403/4
f 4563/6405/4 4587/6429/4 4586/6428/4 4562/6404/4
f 4564/6406/4 4588/6430/4 4587/6429/4 4563/6405/4
f 4565/6407/4 4589/6431/4 4588/6430/4 4564/6406/4
f 4566/6408/4 4590/6432/4 4589/6431/4 4565/6407/4
f 4567/6409/4 4591/6433/4 4590/6432/4 4566/6408/4
f 4568/6410/4 4592/6434/4 4591/6433/4 4567/6409/4
f 4569/6411/4 4593/6435/4 4592/6434/4 4568/6410/4
f 4570/6412/4 4594/6436/4 4593/6435/4 4569/6411/4
f 4571/6413/4 4595/6437/4 4594/6436/4 4570/6412/4
f 4572/6414/4 4596/6438/4 4595/6437/4 4571/6413/4
f 4573/6415/4 4597/6439/4 4596/6438/4 4572/6414/4
f 4574/6416/4 4598/6440/4 4597/6439/4 4573/6415/4
f 4575/6417/4 4599/6441/4 4598/6440/4 4574/6416/4
f 4576/6418/4 4600/6442/4 4599/6441/4 4575/6417/4
f 4577/6419/4 4601/6443/4 4600/6442/4 4576/6418/4
f 4578/6420/4 4602/6444/4 4601/6443/4 4577/6419/4
f 4579/6421/4 4603/6445/4 4602/6444/4 4578/6420/4
f 4580/6422/4 4604/6446/4 4603/6445/4 4579/6421/4
f 3432/5269/3325 3431/5261/3325 4604/6446/4 4580/6422/4
f 4581/6423/4 4605/6447/4 3399/4977/3255 3398/4969/3255
f 4582/6424/4 4606/6448/4 4605/6447/4 4581/6423/4
f 4583/6425/4 4607/6449/4 4606/6448/4 4582/6424/4
f 4584/6426/4 4608/6450/4 4607/6449/4 4583/6425/4
f 4585/6427/4 4609/6451/4 4608/6450/4 4584/6426/4
f 4586/6428/4 4610/6452/4 4609/6451/4 4585/6427/4
f 4587/6429/4 4611/6453/4 4610/6452/4 4586/6428/4
f 4588/6430/4 4612/6454/4 4611/6453/4 4587/6429/4
f 4589/6431/4 4613/6455/4 4612/6454/4 4588/6430/4
f 4590/6432/4 4614/6456/4 4613/6455/4 4589/6431/4
f 4591/6433/4 4615/6457/4 4614/6456/4 4590/6432/4
f 4592/6434/4 4616/6458/4 4615/6457/4 4591/6433/4
f 4593/6435/4 4617/6459/4 4616/6458/4 4592/6434/4
f 4594/6436/4 4618/6460/4 4617/6459/4 4593/6435/4
f 4595/6437/4 4619/6461/4 4618/6460/4 4594/6436/4
f 4596/6438/4 4620/6462/4 4619/6461/4 4595/6437/4
f 4597/6439/4 4621/6463/4 4620/6462/4 4596/6438/4
f 4598/6440/4 4622/6464/4 4621/6463/4 4597/6439/4
f 4599/6441/4 4623/6465/4 4622/6464/4 4598/6440/4
f 4600/6442/4 4624/6466/4 4623/6465/4 4599/6441/4
f 4601/6443/4 4625/6467/4 4624/6466/4 4600/6442/4
f 4602/6444/4 4626/6468/4 4625/6467/4 4601/6443/4
f 4603/6445/4 4627/6469/4 4626/6468/4 4602/6444/4
f 4604/6446/4 4628/6470/4 4627/6469/4 4603/6445/4
f 3431/5261/3325 3430/5253/3325 4628/6470/4 4604/6446/4
f 4605/6447/4 4629/6471/4 3400/4985/3255 3399/4977/3255
f 4606/6448/4 4630/6472/4 4629/6471/4 4605/6447/4
f 4607/6449/4 4631/6473/4 4630/6472/4 4606/6448/4
f 4608/6450/4 4632/6474/4 4631/6473/4 4607/6449/4
f 4609/6451/4 4633/6475/4 4632/6474/4 4608/6450/4
f 4610/6452/4 4634/6476/4 4633/6475/4 4609/6451/4
f 4611/6453/4 4635/6477/4 4634/6476/4 4610/6452/4
f 4612/6454/4 4636/6478/4 4635/6477/4 4611/6453/4
f 4613/6455/4 4637/6479/4 4636/6478/4 4612/6454/4
f 4614/6456/4 4638/6480/4 4637/6479/4 4613/6455/4
f 4615/6457/4 4639/6481/4 4638/6480/4 4614/6456/4
f 4616/6458/4 4640/6482/4 4639/6481/4 4615/6457/4
f 4617/6459/4 4641/6483/4 4640/6482/4 4616/6458/4
f 4618/6460/4 4642/6484/4 4641/6483/4 4617/6459/4
f 4619/6461/4 4643/6485/4 4642/6484/4 4618/6460/4
f 4620/6462/4 4644/6486/4 4643/6485/4 4619/6461/4
f 4621/6463/4 4645/6487/4 4644/6486/4 4620/6462/4
f 4622/6464/4 4646/6488/4 4645/6487/4 4621/6463/4
f 4623/6465/4 4647/6489/4 4646/6488/4 4622/6464/4
f 4624/6466/4 4648/6490/4 4647/6489/4 4623/6465/4
f 4625/6467/4 4649/6491/4 4648/6490/4 4624/6466/4
f 4626/6468/4 4650/6492/4 4649/6491/4 4625/6467/4
f 4627/6469/4 4651/6493/4 4650/6492/4 4626/6468/4
f 4628/6470/4 4652/6494/4 4651/6493/4 4627/6469/4
f 3430/5253/3325 3429/5245/3325 4652/6494/4 4628/6470/4
f 4629/6471/4 4653/6495/4 3401/4993/3255 3400/4985/3255
f 4630/6472/4 4654/6496/4 4653/6495/4 4629/6471/4
f 4631/6473/4 4655/6497/4 4654/6496/4 4630/6472/4
f 4632/6474/4 4656/6498/4 4655/6497/4 4631/6473/4
f 4633/6475/4 4657/6499/4 4656/6498/4 4632/6474/4
f 4634/6476/4 4658/6500/4 4657/6499/4 4633/6475/4
f 4635/6477/4 4659/6501/4 4658/6500/4 4634/6476/4
f 4636/6478/4 4660/6502/4 4659/6501/4 4635/6477/4
f 4637/6479/4 4661/6503/4 4660/6502/4 4636/6478/4
f 4638/6480/4 4662/6504/4 4661/6503/4 4637/6479/4
f 4639/6481/4 4663/6505/4 4662/6504/4 4638/6480/4
f 4640/6482/4 4664/6506/4 4663/6505/4 4639/6481/4
f 4641/6483/4 4665/6507/4 4664/6506/4 4640/6482/4
f 4642/6484/4 4666/6508/4 4665/6507/4 4641/6483/4
f 4643/6485/4 4667/6509/4 4666/6508/4 4642/6484/4
f 4644/6486/4 4668/6510/4 4667/6509/4 4643/6485/4
f 4645/6487/4 4669/6511/4 4668/6510/4 4644/6486/4
f 4646/6488/4 4670/6512/4 4669/6511/4 4645/6487/4
f 4647/6489/4 4671/6513/4 4670/6512/4 4646/6488/4
f 4648/6490/4 4672/6514/4 4671/6513/4 4647/6489/4
f 4649/6491/4 4673/6515/4 4672/6514/4 4648/6490/4
f 4650/6492/4 4674/6516/4 4673/6515/4 4649/6491/4
f 4651/6493/4 4675/6517/4 4674/6516/4 4650/6492/4
f 4652/6494/4 4676/6518/4 4675/6517/4 4651/6493/4
f 3429/5245/3325 3428/5237/3325 4676/6518/4 4652/6494/4
f 4653/6495/4 3403/5025/3293 3402/5001/3269 3401/4993/3255
f 4654/6496/4 3404/5033/3293 3403/5025/3293 4653/6495/4
f 4655/6497/4 3405/5041/3293 3404/5033/3293 4654/6496/4
f 4656/6498/4 3406/5049/3293 3405/5041/3293 4655/6497/4
f 4657/6499/4 3407/5057/3293 3406/5049/3293 4656/6498/4
f 4658/6500/4 3408/5065/3293 3407/5057/3293 4657/6499/4
f 4659/6501/4 3409/5073/3293 3408/5065/3293 4658/6500/4
f 4660/6502/4 3410/5081/3293 3409/5073/3293 4659/6501/4
f 4661/6503/4 3411/5089/3293 3410/5081/3293 4660/6502/4
f 4662/6504/4 3412/5097/3293 3411/5089/3293 4661/6503/4
f 4663/6505/4 3413/5105/3293 3412/5097/3293 4662/6504/4
f 4664/6506/4 3414/5113/3293 3413/5105/3293 4663/6505/4
f 4665/6507/4 3415/5121/3293 3414/5113/3293 4664/6506/4
f 4666/6508/4 3416/5129/3293 3415/5121/3293 4665/6507/4
f 4667/6509/4 3417/5137/3293 3416/5129/3293 4666/6508/4
f 4668/6510/4 3418/5145/3293 3417/5137/3293 4667/6509/4
f 4669/6511/4 3419/5153/3293 3418/5145/3293 4668/6510/4
f 4670/6512/4 3420/5161/3293 3419/5153/3293 4669/6511/4
f 4671/6513/4 3421/5169/3293 3420/5161/3293 4670/6512/4
f 4672/6514/4 3422/5177/3293 3421/5169/3293 4671/6513/4
f 4673/6515/4 3423/5185/3293 3422/5177/3293 4672/6514/4
f 4674/6516/4 3424/5193/3293 3423/5185/3293 4673/6515/4
f 4675/6517/4 3425/5201/3293 3424/5193/3293 4674/6516/4
f 4676/6518/4 3426/5209/3293 3425/5201/3293 4675/6517/4
f 3428/5237/3325 3427/5217/3301 3426/5209/3293 4676/6518/4
f 4883/6522/3381 4783/6521/3330 4782/6520/3306 4882/6519/3380
f 4991/6526/3384 4883/6525/3383 4882/6524/3322 4990/6523/3382
f 4991/6526/3384 4990/6523/3382 5738/6528/456 5705/6527/456
f 4730/6529/3385 5738/6528/456 4990/6523/3382
f 4884/6531/3381 4784/6530/3330 4783/6521/3330 4883/6522/3381
f 4992/6533/3384 4884/6532/3383 4883/6525/3383 4991/6526/3384
f 4991/6526/3384 5705/6527/456 4732/6534/456 4992/6533/3384
f 4885/6536/3381 4785/6535/3330 4784/6530/3330 4884/6531/3381
f 4993/6538/3386 4885/6537/3383 4884/6532/3383 4992/6533/3384
f 4993/6538/3386 4702/6540/456 5709/6539/456
f 4732/6534/456 4702/6540/456 4993/6538/3386 4992/6533/3384
f 4886/6542/3381 4786/6541/3330 4785/6535/3330 4885/6536/3381
f 4994/6544/3386 4886/6543/3383 4885/6537/3383 4993/6538/3386
f 4994/6544/3386 4677/6546/456 5698/6545/456
f 5709/6539/456 4677/6546/456 4994/6544/3386 4993/6538/3386
f 4887/6548/3381 4787/6547/3330 4786/6541/3330 4886/6542/3381
f 4995/6550/3387 4887/6549/3383 4886/6543/3383 4994/6544/3386
f 4995/6550/3387 5725/6552/456 5678/6551/456
f 5698/6545/456 5725/6552/456 4995/6550/3387 4994/6544/3386
f 4888/6554/3381 4788/6553/3330 4787/6547/3330 4887/6548/3381
f 4996/6556/3384 4888/6555/3383 4887/6549/3383 4995/6550/3387
f 4996/6556/3384 4995/6550/3387 5728/6558/456 4729/6557/456
f 5678/6551/456 5728/6558/456 4995/6550/3387
f 4889/6560/3381 4789/6559/3330 4788/6553/3330 4888/6554/3381
f 4997/6562/3387 4889/6561/3383 4888/6555/3383 4996/6556/3384
f 4997/6562/3387 4687/6564/456 4725/6563/456
f 4729/6557/456 4687/6564/456 4997/6562/3387 4996/6556/3384
f 4890/6566/3381 4790/6565/3330 4789/6559/3330 4889/6560/3381
f 4998/6568/3384 4890/6567/3383 4889/6561/3383 4997/6562/3387
f 4998/6568/3384 4997/6562/3387 4689/6570/456 4754/6569/456
f 4725/6563/456 4689/6570/456 4997/6562/3387
f 4891/6572/3381 4791/6571/3330 4790/6565/3330 4890/6566/3381
f 4999/6574/3387 4891/6573/3383 4890/6567/3383 4998/6568/3384
f 4999/6574/3387 5746/6576/456 4742/6575/456
f 4754/6569/456 5746/6576/456 4999/6574/3387 4998/6568/3384
f 4892/6578/3381 4792/6577/3330 4791/6571/3330 4891/6572/3381
f 5000/6580/3386 4892/6579/3383 4891/6573/3383 4999/6574/3387
f 5000/6580/3386 4999/6574/3387 4693/6582/456 4726/6581/456
f 4742/6575/456 4693/6582/456 4999/6574/3387
f 4893/6584/3381 4793/6583/3330 4792/6577/3330 4892/6578/3381
f 5001/6586/3386 4893/6585/3383 4892/6579/3383 5000/6580/3386
f 5001/6586/3386 5000/6580/3386 4697/6588/456 4747/6587/456
f 4726/6581/456 4697/6588/456 5000/6580/3386
f 4894/6590/3381 4794/6589/3330 4793/6583/3330 4893/6584/3381
f 5002/6592/3384 4894/6591/3383 4893/6585/3383 5001/6586/3386
f 5002/6592/3384 5001/6586/3386 5740/6594/456 4734/6593/456
f 4747/6587/456 5740/6594/456 5001/6586/3386
f 4895/6596/3381 4795/6595/3330 4794/6589/3330 4894/6590/3381
f 5003/6598/3384 4895/6597/3383 4894/6591/3383 5002/6592/3384
f 5002/6592/3384 4734/6593/456 5693/6599/456 5003/6598/3384
f 4896/6601/3381 4796/6600/3330 4795/6595/3330 4895/6596/3381
f 5004/6603/3386 4896/6602/3383 4895/6597/3383 5003/6598/3384
f 5004/6603/3386 4704/6605/456 4755/6604/456
f 5693/6599/456 4704/6605/456 5004/6603/3386 5003/6598/3384
f 4897/6607/3381 4797/6606/3330 4796/6600/3330 4896/6601/3381
f 5005/6609/3387 4897/6608/3383 4896/6602/3383 5004/6603/3386
f 5005/6609/3387 4709/6611/456 4753/6610/456
f 4755/6604/456 4709/6611/456 5005/6609/3387 5004/6603/3386
f 4898/6613/3381 4798/6612/3330 4797/6606/3330 4897/6607/3381
f 5006/6615/3384 4898/6614/3383 4897/6608/3383 5005/6609/3387
f 5006/6615/3384 5005/6609/3387 4711/6617/456 4744/6616/456
f 4753/6610/456 4711/6617/456 5005/6609/3387
f 4899/6619/3381 4799/6618/3330 4798/6612/3330 4898/6613/3381
f 5007/6621/3386 4899/6620/3383 4898/6614/3383 5006/6615/3384
f 5007/6621/3386 5732/6623/456 5704/6622/456
f 4744/6616/456 5732/6623/456 5007/6621/3386 5006/6615/3384
f 4900/6625/3381 4800/6624/3330 4799/6618/3330 4899/6619/3381
f 5008/6627/3386 4900/6626/3383 4899/6620/3383 5007/6621/3386
f 5008/6627/3386 5741/6629/456 4752/6628/456
f 5704/6622/456 5741/6629/456 5008/6627/3386 5007/6621/3386
f 4901/6631/3381 4801/6630/3330 4800/6624/3330 4900/6625/3381
f 5009/6633/3386 4901/6632/3383 4900/6626/3383 5008/6627/3386
f 5009/6633/3386 5752/6635/456 5675/6634/456
f 4752/6628/456 5752/6635/456 5009/6633/3386 5008/6627/3386
f 4902/6637/3381 4802/6636/3330 4801/6630/3330 4901/6631/3381
f 5010/6639/3387 4902/6638/3383 4901/6632/3383 5009/6633/3386
f 5010/6639/3387 4708/6641/456 5711/6640/456
f 5675/6634/456 4708/6641/456 5010/6639/3387 5009/6633/3386
f 4903/6643/3381 4803/6642/3330 4802/6636/3330 4902/6637/3381
f 5011/6645/3386 4903/6644/3383 4902/6638/3383 5010/6639/3387
f 5011/6645/3386 5010/6639/3387 4683/6647/456 5702/6646/456
f 5711/6640/456 4683/6647/456 5010/6639/3387
f 4904/6649/3381 4804/6648/3330 4803/6642/3330 4903/6643/3381
f 5012/6651/3384 4904/6650/3383 4903/6644/3383 5011/6645/3386
f 5012/6651/3384 5011/6645/3386 5763/6653/456 4759/6652/456
f 5702/6646/456 5763/6653/456 5011/6645/3386
f 4905/6655/3381 4805/6654/3330 4804/6648/3330 4904/6649/3381
f 5013/6657/3386 4905/6656/3383 4904/6650/3383 5012/6651/3384
f 5013/6657/3386 4717/6659/456 5683/6658/456
f 4759/6652/456 4717/6659/456 5013/6657/3386 5012/6651/3384
f 4906/6661/3381 4806/6660/3330 4805/6654/3330 4905/6655/3381
f 5014/6663/3384 4906/6662/3383 4905/6656/3383 5013/6657/3386
f 5013/6657/3386 5683/6658/456 4760/6664/456 5014/6663/3384
f 4907/6666/3388 4807/6665/3338 4806/6660/3330 4906/6661/3381
f 5015/6668/3389 4907/6667/3337 4906/6662/3383 5014/6663/3384
f 5015/6668/3389 5747/6670/456 4763/6669/3390
f 4760/6664/456 5747/6670/456 5015/6668/3389 5014/6663/3384
f 4908/6671/3345 4807/6665/3338 4907/6666/3388
f 5016/6673/3392 4908/6672/3391 4907/6667/3337 5015/6668/3389
f 5015/6668/3389 4763/6669/3390 4764/6674/3393 5016/6673/3392
f 4909/6675/3394 4807/6665/3338 4908/6671/3345
f 5017/6679/3397 4909/6678/3354 4908/6677/3396 5016/6676/3395
f 5016/6676/3395 4764/6681/3399 4765/6680/3398 5017/6679/3397
f 4910/6683/3400 4808/6682/3362 4807/6665/3338 4909/6675/3394
f 5018/6685/3402 4910/6684/3401 4909/6678/3354 5017/6679/3397
f 5017/6679/3397 4695/6687/2176 4766/6686/2176 5018/6685/3402
f 4695/6687/2176 5017/6679/3397 4765/6680/3398
f 4911/6689/3400 4809/6688/3362 4808/6682/3362 4910/6683/3400
f 5019/6691/3403 4911/6690/3401 4910/6684/3401 5018/6685/3402
f 5018/6685/3402 4766/6686/2176 4767/6692/2176 5019/6691/3403
f 4912/6694/3400 4810/6693/3362 4809/6688/3362 4911/6689/3400
f 5020/6696/3403 4912/6695/3401 4911/6690/3401 5019/6691/3403
f 5019/6691/3403 5749/6698/2176 5714/6697/2176 5020/6696/3403
f 5749/6698/2176 5019/6691/3403 4767/6692/2176
f 4913/6700/3400 4811/6699/3362 4810/6693/3362 4912/6694/3400
f 5021/6702/3403 4913/6701/3401 4912/6695/3401 5020/6696/3403
f 5020/6696/3403 5750/6704/2176 4768/6703/2176 5021/6702/3403
f 5750/6704/2176 5020/6696/3403 5714/6697/2176
f 4914/6706/3400 4812/6705/3362 4811/6699/3362 4913/6700/3400
f 5022/6708/3402 4914/6707/3401 4913/6701/3401 5021/6702/3403
f 5021/6702/3403 4715/6710/2176 4770/6709/2176 5022/6708/3402
f 4715/6710/2176 5021/6702/3403 4768/6703/2176
f 4915/6712/3400 4813/6711/3362 4812/6705/3362 4914/6706/3400
f 5023/6714/3404 4915/6713/3401 4914/6707/3401 5022/6708/3402
f 4701/6716/2176 4771/6715/2176 5023/6714/3404
f 4701/6716/2176 5023/6714/3404 5022/6708/3402 4770/6709/2176
f 4916/6718/3400 4814/6717/3362 4813/6711/3362 4915/6712/3400
f 5024/6720/3403 4916/6719/3401 4915/6713/3401 5023/6714/3404
f 5023/6714/3404 4718/6722/2176 4772/6721/2176 5024/6720/3403
f 4718/6722/2176 5023/6714/3404 4771/6715/2176
f 4917/6724/3400 4815/6723/3362 4814/6717/3362 4916/6718/3400
f 5025/6726/3402 4917/6725/3401 4916/6719/3401 5024/6720/3403
f 5024/6720/3403 4706/6728/2176 4773/6727/2176 5025/6726/3402
f 4706/6728/2176 5024/6720/3403 4772/6721/2176
f 4918/6730/3400 4816/6729/3362 4815/6723/3362 4917/6724/3400
f 5026/6732/3404 4918/6731/3401 4917/6725/3401 5025/6726/3402
f 4707/6734/2176 4774/6733/2176 5026/6732/3404
f 4707/6734/2176 5026/6732/3404 5025/6726/3402 4773/6727/2176
f 4919/6736/3400 4817/6735/3362 4816/6729/3362 4918/6730/3400
f 5027/6738/3403 4919/6737/3401 4918/6731/3401 5026/6732/3404
f 5026/6732/3404 5755/6740/2176 5719/6739/2176 5027/6738/3403
f 5755/6740/2176 5026/6732/3404 4774/6733/2176
f 4920/6742/3400 4818/6741/3362 4817/6735/3362 4919/6736/3400
f 5028/6744/3403 4920/6743/3401 4919/6737/3401 5027/6738/3403
f 5027/6738/3403 5756/6746/2176 5720/6745/2176 5028/6744/3403
f 5756/6746/2176 5027/6738/3403 5719/6739/2176
f 4921/6748/3400 4819/6747/3362 4818/6741/3362 4920/6742/3400
f 5029/6750/3402 4921/6749/3401 4920/6743/3401 5028/6744/3403
f 5028/6744/3403 4696/6752/2176 4775/6751/2176 5029/6750/3402
f 4696/6752/2176 5028/6744/3403 5720/6745/2176
f 4922/6754/3400 4820/6753/3362 4819/6747/3362 4921/6748/3400
f 5030/6756/3403 4922/6755/3401 4921/6749/3401 5029/6750/3402
f 5029/6750/3402 4775/6751/2176 4776/6757/2176 5030/6756/3403
f 4923/6759/3400 4821/6758/3362 4820/6753/3362 4922/6754/3400
f 5031/6761/3403 4923/6760/3401 4922/6755/3401 5030/6756/3403
f 5030/6756/3403 4721/6763/2176 4777/6762/2176 5031/6761/3403
f 4721/6763/2176 5030/6756/3403 4776/6757/2176
f 4924/6765/3400 4822/6764/3362 4821/6758/3362 4923/6759/3400
f 5032/6767/3403 4924/6766/3401 4923/6760/3401 5031/6761/3403
f 5031/6761/3403 4714/6769/2176 5703/6768/2176 5032/6767/3403
f 4714/6769/2176 5031/6761/3403 4777/6762/2176
f 4925/6771/3400 4823/6770/3362 4822/6764/3362 4924/6765/3400
f 5033/6773/3402 4925/6772/3401 4924/6766/3401 5032/6767/3403
f 5032/6767/3403 5757/6775/2176 5721/6774/2176 5033/6773/3402
f 5757/6775/2176 5032/6767/3403 5703/6768/2176
f 4926/6777/3400 4824/6776/3362 4823/6770/3362 4925/6771/3400
f 5034/6779/3404 4926/6778/3401 4925/6772/3401 5033/6773/3402
f 5758/6781/2176 5708/6780/2176 5034/6779/3404
f 5758/6781/2176 5034/6779/3404 5033/6773/3402 5721/6774/2176
f 4927/6783/3400 4825/6782/3362 4824/6776/3362 4926/6777/3400
f 5035/6785/3403 4927/6784/3401 4926/6778/3401 5034/6779/3404
f 5034/6779/3404 5759/6787/2176 4778/6786/2176 5035/6785/3403
f 5759/6787/2176 5034/6779/3404 5708/6780/2176
f 4928/6789/3400 4826/6788/3362 4825/6782/3362 4927/6783/3400
f 5036/6791/3403 4928/6790/3401 4927/6784/3401 5035/6785/3403
f 5035/6785/3403 5760/6793/2176 5710/6792/2176 5036/6791/3403
f 5760/6793/2176 5035/6785/3403 4778/6786/2176
f 4929/6795/3400 4827/6794/3362 4826/6788/3362 4928/6789/3400
f 5037/6797/3403 4929/6796/3401 4928/6790/3401 5036/6791/3403
f 5036/6791/3403 5761/6799/2176 4779/6798/2176 5037/6797/3403
f 5761/6799/2176 5036/6791/3403 5710/6792/2176
f 4930/6801/3400 4828/6800/3362 4827/6794/3362 4929/6795/3400
f 5038/6803/3403 4930/6802/3401 4929/6796/3401 5037/6797/3403
f 5037/6797/3403 4680/6805/2176 4780/6804/2176 5038/6803/3403
f 4680/6805/2176 5037/6797/3403 4779/6798/2176
f 4931/6807/3400 4829/6806/3362 4828/6800/3362 4930/6801/3400
f 5039/6809/3403 4931/6808/3401 4930/6802/3401 5038/6803/3403
f 5038/6803/3403 5762/6811/2176 5712/6810/2176 5039/6809/3403
f 5762/6811/2176 5038/6803/3403 4780/6804/2176
f 4932/6813/3400 4830/6812/3362 4829/6806/3362 4931/6807/3400
f 5040/6815/3402 4932/6814/3401 4931/6808/3401 5039/6809/3403
f 5039/6809/3403 4713/6817/2176 5713/6816/2176 5040/6815/3402
f 4713/6817/2176 5039/6809/3403 5712/6810/2176
f 4933/6819/3400 4831/6818/3362 4830/6812/3362 4932/6813/3400
f 5041/6821/3403 4933/6820/3401 4932/6814/3401 5040/6815/3402
f 5040/6815/3402 5713/6816/2176 5715/6822/2176 5041/6821/3403
f 4934/6824/3405 4832/6823/3265 4831/6818/3362 4933/6819/3400
f 5042/6826/3367 4934/6825/3368 4933/6820/3401 5041/6821/3403
f 5041/6821/3403 5764/6828/2176 4781/6827/3406 5042/6826/3367
f 5764/6828/2176 5041/6821/3403 5715/6822/2176
f 4935/6829/3375 4832/6823/3265 4934/6824/3405
f 5043/6831/3408 4935/6830/3407 4934/6825/3368 5042/6826/3367
f 5042/6826/3367 4781/6827/3406 4723/6832/3409 5043/6831/3408
f 4936/6833/3410 4832/6823/3265 4935/6829/3375
f 5044/6837/3413 4936/6836/3262 4935/6835/3412 5043/6834/3411
f 5043/6834/3411 4723/6839/3415 5717/6838/3414 5044/6837/3413
f 4937/6841/3416 4833/6840/3266 4832/6823/3265 4936/6833/3410
f 5045/6843/3418 4937/6842/3417 4936/6836/3262 5044/6837/3413
f 5044/6837/3413 5754/6845/422 4762/6844/422 5045/6843/3418
f 5754/6845/422 5044/6837/3413 5717/6838/3414
f 4938/6847/3416 4834/6846/3266 4833/6840/3266 4937/6841/3416
f 5046/6849/3418 4938/6848/3417 4937/6842/3417 5045/6843/3418
f 5045/6843/3418 4762/6844/422 5696/6850/422 5046/6849/3418
f 4939/6852/3416 4835/6851/3266 4834/6846/3266 4938/6847/3416
f 5047/6854/3419 4939/6853/3417 4938/6848/3417 5046/6849/3418
f 4720/6856/422 5706/6855/422 5047/6854/3419
f 4720/6856/422 5047/6854/3419 5046/6849/3418 5696/6850/422
f 4940/6858/3416 4836/6857/3266 4835/6851/3266 4939/6852/3416
f 5048/6860/3420 4940/6859/3417 4939/6853/3417 5047/6854/3419
f 5047/6854/3419 4716/6862/422 4758/6861/422 5048/6860/3420
f 4716/6862/422 5047/6854/3419 5706/6855/422
f 4941/6864/3416 4837/6863/3266 4836/6857/3266 4940/6858/3416
f 5049/6866/3420 4941/6865/3417 4940/6859/3417 5048/6860/3420
f 5048/6860/3420 4686/6868/422 5677/6867/422 5049/6866/3420
f 4686/6868/422 5048/6860/3420 4758/6861/422
f 4942/6870/3416 4838/6869/3266 4837/6863/3266 4941/6864/3416
f 5050/6872/3418 4942/6871/3417 4941/6865/3417 5049/6866/3420
f 5049/6866/3420 4684/6874/422 5718/6873/422 5050/6872/3418
f 4684/6874/422 5049/6866/3420 5677/6867/422
f 4943/6876/3416 4839/6875/3266 4838/6869/3266 4942/6870/3416
f 5051/6878/3419 4943/6877/3417 4942/6871/3417 5050/6872/3418
f 5753/6880/422 4761/6879/422 5051/6878/3419
f 5753/6880/422 5051/6878/3419 5050/6872/3418 5718/6873/422
f 4944/6882/3416 4840/6881/3266 4839/6875/3266 4943/6876/3416
f 5052/6884/3420 4944/6883/3417 4943/6877/3417 5051/6878/3419
f 5051/6878/3419 5743/6886/422 4750/6885/422 5052/6884/3420
f 5743/6886/422 5051/6878/3419 4761/6879/422
f 4945/6888/3416 4841/6887/3266 4840/6881/3266 4944/6882/3416
f 5053/6890/3420 4945/6889/3417 4944/6883/3417 5052/6884/3420
f 5052/6884/3420 5739/6892/422 5716/6891/422 5053/6890/3420
f 5739/6892/422 5052/6884/3420 4750/6885/422
f 4946/6894/3416 4842/6893/3266 4841/6887/3266 4945/6888/3416
f 5054/6896/3420 4946/6895/3417 4945/6889/3417 5053/6890/3420
f 5053/6890/3420 5726/6898/422 5701/6897/422 5054/6896/3420
f 5726/6898/422 5053/6890/3420 5716/6891/422
f 4947/6900/3416 4843/6899/3266 4842/6893/3266 4946/6894/3416
f 5055/6902/3420 4947/6901/3417 4946/6895/3417 5054/6896/3420
f 5054/6896/3420 4710/6904/422 5697/6903/422 5055/6902/3420
f 4710/6904/422 5054/6896/3420 5701/6897/422
f 4948/6906/3416 4844/6905/3266 4843/6899/3266 4947/6900/3416
f 5056/6908/3418 4948/6907/3417 4947/6901/3417 5055/6902/3420
f 5055/6902/3420 4705/6910/422 4736/6909/422 5056/6908/3418
f 4705/6910/422 5055/6902/3420 5697/6903/422
f 4949/6912/3416 4845/6911/3266 4844/6905/3266 4948/6906/3416
f 5057/6914/3420 4949/6913/3417 4948/6907/3417 5056/6908/3418
f 5056/6908/3418 4736/6909/422 5695/6915/422 5057/6914/3420
f 4950/6917/3416 4846/6916/3266 4845/6911/3266 4949/6912/3416
f 5058/6919/3420 4950/6918/3417 4949/6913/3417 5057/6914/3420
f 5057/6914/3420 5733/6921/422 5692/6920/422 5058/6919/3420
f 5733/6921/422 5057/6914/3420 5695/6915/422
f 4951/6923/3416 4847/6922/3266 4846/6916/3266 4950/6917/3416
f 5059/6925/3420 4951/6924/3417 4950/6918/3417 5058/6919/3420
f 5058/6919/3420 4699/6927/422 4757/6926/422 5059/6925/3420
f 4699/6927/422 5058/6919/3420 5692/6920/422
f 4952/6929/3416 4848/6928/3266 4847/6922/3266 4951/6923/3416
f 5060/6931/3420 4952/6930/3417 4951/6924/3417 5059/6925/3420
f 5059/6925/3420 5730/6933/422 4740/6932/422 5060/6931/3420
f 5730/6933/422 5059/6925/3420 4757/6926/422
f 4953/6935/3416 4849/6934/3266 4848/6928/3266 4952/6929/3416
f 5061/6937/3420 4953/6936/3417 4952/6930/3417 5060/6931/3420
f 5060/6931/3420 4722/6939/422 5686/6938/422 5061/6937/3420
f 4722/6939/422 5060/6931/3420 4740/6932/422
f 4954/6941/3416 4850/6940/3266 4849/6934/3266 4953/6935/3416
f 5062/6943/3420 4954/6942/3417 4953/6936/3417 5061/6937/3420
f 5061/6937/3420 5744/6945/422 4733/6944/422 5062/6943/3420
f 5744/6945/422 5061/6937/3420 5686/6938/422
f 4955/6947/3416 4851/6946/3266 4850/6940/3266 4954/6941/3416
f 5063/6949/3420 4955/6948/3417 4954/6942/3417 5062/6943/3420
f 5062/6943/3420 5745/6951/422 4748/6950/422 5063/6949/3420
f 5745/6951/422 5062/6943/3420 4733/6944/422
f 4956/6953/3416 4852/6952/3266 4851/6946/3266 4955/6947/3416
f 5064/6955/3420 4956/6954/3417 4955/6948/3417 5063/6949/3420
f 5063/6949/3420 5742/6957/422 5679/6956/422 5064/6955/3420
f 5742/6957/422 5063/6949/3420 4748/6950/422
f 4957/6959/3416 4853/6958/3266 4852/6952/3266 4956/6953/3416
f 5065/6961/3420 4957/6960/3417 4956/6954/3417 5064/6955/3420
f 5064/6955/3420 4682/6963/422 5676/6962/422 5065/6961/3420
f 4682/6963/422 5064/6955/3420 5679/6956/422
f 4958/6965/3416 4854/6964/3266 4853/6958/3266 4957/6959/3416
f 5066/6967/3418 4958/6966/3417 4957/6960/3417 5065/6961/3420
f 5065/6961/3420 4719/6969/422 5674/6968/422 5066/6967/3418
f 4719/6969/422 5065/6961/3420 5676/6962/422
f 4959/6971/3416 4855/6970/3266 4854/6964/3266 4958/6965/3416
f 5067/6973/3420 4959/6972/3417 4958/6966/3417 5066/6967/3418
f 4678/6975/422 5707/6974/422 5067/6973/3420
f 4678/6975/422 5067/6973/3420 5066/6967/3418 5674/6968/422
f 4960/6977/3416 4856/6976/3266 4855/6970/3266 4959/6971/3416
f 5068/6979/3418 4960/6978/3417 4959/6972/3417 5067/6973/3420
f 5067/6973/3420 5707/6974/422 5694/6980/422 5068/6979/3418
f 4961/6982/3421 4857/6981/3274 4856/6976/3266 4960/6977/3416
f 5069/6984/3422 4961/6983/3273 4960/6978/3417 5068/6979/3418
f 5736/6986/422 4727/6985/3423 5069/6984/3422
f 5736/6986/422 5069/6984/3422 5068/6979/3418 5694/6980/422
f 4962/6987/3281 4857/6981/3274 4961/6982/3421
f 5070/6989/3425 4962/6988/3424 4961/6983/3273 5069/6984/3422
f 5069/6984/3422 4727/6985/3423 4745/6990/3426 5070/6989/3425
f 4963/6991/3427 4857/6981/3274 4962/6987/3281
f 5071/6995/3430 4963/6994/3290 4962/6993/3429 5070/6992/3428
f 5070/6992/3428 4745/6997/3432 4746/6996/3431 5071/6995/3430
f 4964/6999/3433 4858/6998/3298 4857/6981/3274 4963/6991/3427
f 5072/7001/3435 4964/7000/3434 4963/6994/3290 5071/6995/3430
f 5071/6995/3430 4712/7003/5 5700/7002/5 5072/7001/3435
f 4712/7003/5 5071/6995/3430 4746/6996/3431
f 4965/7005/3433 4859/7004/3298 4858/6998/3298 4964/6999/3433
f 5073/7007/3436 4965/7006/3434 4964/7000/3434 5072/7001/3435
f 5072/7001/3435 5700/7002/5 4737/7008/5 5073/7007/3436
f 4966/7010/3433 4860/7009/3298 4859/7004/3298 4965/7005/3433
f 5074/7012/3436 4966/7011/3434 4965/7006/3434 5073/7007/3436
f 5073/7007/3436 5735/7014/5 5699/7013/5 5074/7012/3436
f 5735/7014/5 5073/7007/3436 4737/7008/5
f 4967/7016/3433 4861/7015/3298 4860/7009/3298 4966/7010/3433
f 5075/7018/3436 4967/7017/3434 4966/7011/3434 5074/7012/3436
f 5074/7012/3436 5722/7020/5 4731/7019/5 5075/7018/3436
f 5722/7020/5 5074/7012/3436 5699/7013/5
f 4968/7022/3433 4862/7021/3298 4861/7015/3298 4967/7016/3433
f 5076/7024/3435 4968/7023/3434 4967/7017/3434 5075/7018/3436
f 5075/7018/3436 5734/7026/5 4738/7025/5 5076/7024/3435
f 5734/7026/5 5075/7018/3436 4731/7019/5
f 4969/7028/3433 4863/7027/3298 4862/7021/3298 4968/7022/3433
f 5077/7030/3437 4969/7029/3434 4968/7023/3434 5076/7024/3435
f 5723/7032/5 4728/7031/5 5077/7030/3437
f 5723/7032/5 5077/7030/3437 5076/7024/3435 4738/7025/5
f 4970/7034/3433 4864/7033/3298 4863/7027/3298 4969/7028/3433
f 5078/7036/3436 4970/7035/3434 4969/7029/3434 5077/7030/3437
f 5077/7030/3437 4703/7038/5 4751/7037/5 5078/7036/3436
f 4703/7038/5 5077/7030/3437 4728/7031/5
f 4971/7040/3433 4865/7039/3298 4864/7033/3298 4970/7034/3433
f 5079/7042/3435 4971/7041/3434 4970/7035/3434 5078/7036/3436
f 5078/7036/3436 4690/7044/5 4749/7043/5 5079/7042/3435
f 4690/7044/5 5078/7036/3436 4751/7037/5
f 4972/7046/3433 4866/7045/3298 4865/7039/3298 4971/7040/3433
f 5080/7048/3437 4972/7047/3434 4971/7041/3434 5079/7042/3435
f 4688/7050/5 4769/7049/5 5080/7048/3437
f 4688/7050/5 5080/7048/3437 5079/7042/3435 4749/7043/5
f 4973/7052/3433 4867/7051/3298 4866/7045/3298 4972/7046/3433
f 5081/7054/3436 4973/7053/3434 4972/7047/3434 5080/7048/3437
f 5080/7048/3437 4700/7056/5 5691/7055/5 5081/7054/3436
f 4700/7056/5 5080/7048/3437 4769/7049/5
f 4974/7058/3433 4868/7057/3298 4867/7051/3298 4973/7052/3433
f 5082/7060/3436 4974/7059/3434 4973/7053/3434 5081/7054/3436
f 5081/7054/3436 4698/7062/5 5690/7061/5 5082/7060/3436
f 4698/7062/5 5081/7054/3436 5691/7055/5
f 4975/7064/3433 4869/7063/3298 4868/7057/3298 4974/7058/3433
f 5083/7066/3435 4975/7065/3434 4974/7059/3434 5082/7060/3436
f 5082/7060/3436 4694/7068/5 5688/7067/5 5083/7066/3435
f 4694/7068/5 5082/7060/3436 5690/7061/5
f 4976/7070/3433 4870/7069/3298 4869/7063/3298 4975/7064/3433
f 5084/7072/3436 4976/7071/3434 4975/7065/3434 5083/7066/3435
f 5083/7066/3435 5688/7067/5 5689/7073/5 5084/7072/3436
f 4977/7075/3433 4871/7074/3298 4870/7069/3298 4976/7070/3433
f 5085/7077/3436 4977/7076/3434 4976/7071/3434 5084/7072/3436
f 5084/7072/3436 5748/7079/5 4739/7078/5 5085/7077/3436
f 5748/7079/5 5084/7072/3436 5689/7073/5
f 4978/7081/3433 4872/7080/3298 4871/7074/3298 4977/7075/3433
f 5086/7083/3436 4978/7082/3434 4977/7076/3434 5085/7077/3436
f 5085/7077/3436 4692/7085/5 5687/7084/5 5086/7083/3436
f 4692/7085/5 5085/7077/3436 4739/7078/5
f 4979/7087/3433 4873/7086/3298 4872/7080/3298 4978/7081/3433
f 5087/7089/3435 4979/7088/3434 4978/7082/3434 5086/7083/3436
f 5086/7083/3436 4691/7091/5 5685/7090/5 5087/7089/3435
f 4691/7091/5 5086/7083/3436 5687/7084/5
f 4980/7093/3433 4874/7092/3298 4873/7086/3298 4979/7087/3433
f 5088/7095/3436 4980/7094/3434 4979/7088/3434 5087/7089/3435
f 5729/7097/5 5684/7096/5 5088/7095/3436
f 5729/7097/5 5088/7095/3436 5087/7089/3435 5685/7090/5
f 4981/7099/3433 4875/7098/3298 4874/7092/3298 4980/7093/3433
f 5089/7101/3437 4981/7100/3434 4980/7094/3434 5088/7095/3436
f 5731/7103/5 5682/7102/5 5089/7101/3437
f 5731/7103/5 5089/7101/3437 5088/7095/3436 5684/7096/5
f 4982/7105/3433 4876/7104/3298 4875/7098/3298 4981/7099/3433
f 5090/7107/3436 4982/7106/3434 4981/7100/3434 5089/7101/3437
f 5089/7101/3437 5751/7109/5 5681/7108/5 5090/7107/3436
f 5751/7109/5 5089/7101/3437 5682/7102/5
f 4983/7111/3433 4877/7110/3298 4876/7104/3298 4982/7105/3433
f 5091/7113/3436 4983/7112/3434 4982/7106/3434 5090/7107/3436
f 5090/7107/3436 5727/7115/5 5680/7114/5 5091/7113/3436
f 5727/7115/5 5090/7107/3436 5681/7108/5
f 4984/7117/3433 4878/7116/3298 4877/7110/3298 4983/7111/3433
f 5092/7119/3436 4984/7118/3434 4983/7112/3434 5091/7113/3436
f 5091/7113/3436 4685/7121/5 4724/7120/5 5092/7119/3436
f 4685/7121/5 5091/7113/3436 5680/7114/5
f 4985/7123/3433 4879/7122/3298 4878/7116/3298 4984/7117/3433
f 5093/7125/3436 4985/7124/3434 4984/7118/3434 5092/7119/3436
f 5092/7119/3436 5724/7127/5 4743/7126/5 5093/7125/3436
f 5724/7127/5 5092/7119/3436 4724/7120/5
f 4986/7129/3433 4880/7128/3298 4879/7122/3298 4985/7123/3433
f 5094/7131/3435 4986/7130/3434 4985/7124/3434 5093/7125/3436
f 5093/7125/3436 4681/7133/5 4741/7132/5 5094/7131/3435
f 4681/7133/5 5093/7125/3436 4743/7126/5
f 4987/7135/3433 4881/7134/3298 4880/7128/3298 4986/7129/3433
f 5095/7137/3436 4987/7136/3434 4986/7130/3434 5094/7131/3435
f 5094/7131/3435 4741/7132/5 4756/7138/5 5095/7137/3436
f 4988/7139/3438 4782/6520/3306 4881/7134/3298 4987/7135/3433
f 5096/7141/3304 4988/7140/3305 4987/7136/3434 5095/7137/3436
f 5095/7137/3436 5737/7143/5 4735/7142/3439 5096/7141/3304
f 5737/7143/5 5095/7137/3436 4756/7138/5
f 4989/7144/3313 4782/6520/3306 4988/7139/3438
f 5097/7146/3441 4989/7145/3440 4988/7140/3305 5096/7141/3304
f 5096/7141/3304 4735/7142/3439 4679/7147/3442 5097/7146/3441
f 4882/6519/3380 4782/6520/3306 4989/7144/3313
f 4990/6523/3382 4882/6524/3322 4989/7149/3444 5097/7148/3443
f 5097/7148/3443 4679/7150/3445 4730/6529/3385 4990/6523/3382
f 5098/7151/1 4881/7134/3298 4782/6520/3306 4783/6521/3330
f 5099/7152/1 4880/7128/3298 4881/7134/3298 5098/7151/1
f 5100/7153/1 4879/7122/3298 4880/7128/3298 5099/7152/1
f 5101/7154/1 4878/7116/3298 4879/7122/3298 5100/7153/1
f 5102/7155/1 4877/7110/3298 4878/7116/3298 5101/7154/1
f 5103/7156/1 4876/7104/3298 4877/7110/3298 5102/7155/1
f 5104/7157/1 4875/7098/3298 4876/7104/3298 5103/7156/1
f 5105/7158/1 4874/7092/3298 4875/7098/3298 5104/7157/1
f 5106/7159/1 4873/7086/3298 4874/7092/3298 5105/7158/1
f 5107/7160/1 4872/7080/3298 4873/7086/3298 5106/7159/1
f 5108/7161/1 4871/7074/3298 4872/7080/3298 5107/7160/1
f 5109/7162/1 4870/7069/3298 4871/7074/3298 5108/7161/1
f 5110/7163/1 4869/7063/3298 4870/7069/3298 5109/7162/1
f 5111/7164/1 4868/7057/3298 4869/7063/3298 5110/7163/1
f 5112/7165/1 4867/7051/3298 4868/7057/3298 5111/7164/1
f 5113/7166/1 4866/7045/3298 4867/7051/3298 5112/7165/1
f 5114/7167/1 4865/7039/3298 4866/7045/3298 5113/7166/1
f 5115/7168/1 4864/7033/3298 4865/7039/3298 5114/7167/1
f 5116/7169/1 4863/7027/3298 4864/7033/3298 5115/7168/1
f 5117/7170/1 4862/7021/3298 4863/7027/3298 5116/7169/1
f 5118/7171/1 4861/7015/3298 4862/7021/3298 5117/7170/1
f 5119/7172/1 4860/7009/3298 4861/7015/3298 5118/7171/1
f 5120/7173/1 4859/7004/3298 4860/7009/3298 5119/7172/1
f 5121/7174/1 4858/6998/3298 4859/7004/3298 5120/7173/1
f 4856/6976/3266 4857/6981/3274 4858/6998/3298 5121/7174/1
f 5122/7175/1 5098/7151/1 4783/6521/3330 4784/6530/3330
f 5123/7176/1 5099/7152/1 5098/7151/1 5122/7175/1
f 5124/7177/1 5100/7153/1 5099/7152/1 5123/7176/1
f 5125/7178/1 5101/7154/1 5100/7153/1 5124/7177/1
f 5126/7179/1 5102/7155/1 5101/7154/1 5125/7178/1
f 5127/7180/1 5103/7156/1 5102/7155/1 5126/7179/1
f 5128/7181/1 5104/7157/1 5103/7156/1 5127/7180/1
f 5129/7182/1 5105/7158/1 5104/7157/1 5128/7181/1
f 5130/7183/1 5106/7159/1 5105/7158/1 5129/7182/1
f 5131/7184/1 5107/7160/1 5106/7159/1 5130/7183/1
f 5132/7185/1 5108/7161/1 5107/7160/1 5131/7184/1
f 5133/7186/1 5109/7162/1 5108/7161/1 5132/7185/1
f 5134/7187/1 5110/7163/1 5109/7162/1 5133/7186/1
f 5135/7188/1 5111/7164/1 5110/7163/1 5134/7187/1
f 5136/7189/1 5112/7165/1 5111/7164/1 5135/7188/1
f 5137/7190/1 5113/7166/1 5112/7165/1 5136/7189/1
f 5138/7191/1 5114/7167/1 5113/7166/1 5137/7190/1
f 5139/7192/1 5115/7168/1 5114/7167/1 5138/7191/1
f 5140/7193/1 5116/7169/1 5115/7168/1 5139/7192/1
f 5141/7194/1 5117/7170/1 5116/7169/1 5140/7193/1
f 5142/7195/1 5118/7171/1 5117/7170/1 5141/7194/1
f 5143/7196/1 5119/7172/1 5118/7171/1 5142/7195/1
f 5144/7197/1 5120/7173/1 5119/7172/1 5143/7196/1
f 5145/7198/1 5121/7174/1 5120/7173/1 5144/7197/1
f 4855/6970/3266 4856/6976/3266 5121/7174/1 5145/7198/1
f 5146/7199/1 5122/7175/1 4784/6530/3330 4785/6535/3330
f 5147/7200/1 5123/7176/1 5122/7175/1 5146/7199/1
f 5148/7201/1 5124/7177/1 5123/7176/1 5147/7200/1
f 5149/7202/1 5125/7178/1 5124/7177/1 5148/7201/1
f 5150/7203/1 5126/7179/1 5125/7178/1 5149/7202/1
f 5151/7204/1 5127/7180/1 5126/7179/1 5150/7203/1
f 5152/7205/1 5128/7181/1 5127/7180/1 5151/7204/1
f 5153/7206/1 5129/7182/1 5128/7181/1 5152/7205/1
f 5154/7207/1 5130/7183/1 5129/7182/1 5153/7206/1
f 5155/7208/1 5131/7184/1 5130/7183/1 5154/7207/1
f 5156/7209/1 5132/7185/1 5131/7184/1 5155/7208/1
f 5157/7210/1 5133/7186/1 5132/7185/1 5156/7209/1
f 5158/7211/1 5134/7187/1 5133/7186/1 5157/7210/1
f 5159/7212/1 5135/7188/1 5134/7187/1 5158/7211/1
f 5160/7213/1 5136/7189/1 5135/7188/1 5159/7212/1
f 5161/7214/1 5137/7190/1 5136/7189/1 5160/7213/1
f 5162/7215/1 5138/7191/1 5137/7190/1 5161/7214/1
f 5163/7216/1 5139/7192/1 5138/7191/1 5162/7215/1
f 5164/7217/1 5140/7193/1 5139/7192/1 5163/7216/1
f 5165/7218/1 5141/7194/1 5140/7193/1 5164/7217/1
f 5166/7219/1 5142/7195/1 5141/7194/1 5165/7218/1
f 5167/7220/1 5143/7196/1 5142/7195/1 5166/7219/1
f 5168/7221/1 5144/7197/1 5143/7196/1 5167/7220/1
f 5169/7222/1 5145/7198/1 5144/7197/1 5168/7221/1
f 4854/6964/3266 4855/6970/3266 5145/7198/1 5169/7222/1
f 5170/7223/1 5146/7199/1 4785/6535/3330 4786/6541/3330
f 5171/7224/1 5147/7200/1 5146/7199/1 5170/7223/1
f 5172/7225/1 5148/7201/1 5147/7200/1 5171/7224/1
f 5173/7226/1 5149/7202/1 5148/7201/1 5172/7225/1
f 5174/7227/1 5150/7203/1 5149/7202/1 5173/7226/1
f 5175/7228/1 5151/7204/1 5150/7203/1 5174/7227/1
f 5176/7229/1 5152/7205/1 5151/7204/1 5175/7228/1
f 5177/7230/1 5153/7206/1 5152/7205/1 5176/7229/1
f 5178/7231/1 5154/7207/1 5153/7206/1 5177/7230/1
f 5179/7232/1 5155/7208/1 5154/7207/1 5178/7231/1
f 5180/7233/1 5156/7209/1 5155/7208/1 5179/7232/1
f 5181/7234/1 5157/7210/1 5156/7209/1 5180/7233/1
f 5182/7235/1 5158/7211/1 5157/7210/1 5181/7234/1
f 5183/7236/1 5159/7212/1 5158/7211/1 5182/7235/1
f 5184/7237/1 5160/7213/1 5159/7212/1 5183/7236/1
f 5185/7238/1 5161/7214/1 5160/7213/1 5184/7237/1
f 5186/7239/1 5162/7215/1 5161/7214/1 5185/7238/1
f 5187/7240/1 5163/7216/1 5162/7215/1 5186/7239/1
f 5188/7241/1 5164/7217/1 5163/7216/1 5187/7240/1
f 5189/7242/1 5165/7218/1 5164/7217/1 5188/7241/1
f 5190/7243/1 5166/7219/1 5165/7218/1 5189/7242/1
f 5191/7244/1 5167/7220/1 5166/7219/1 5190/7243/1
f 5192/7245/1 5168/7221/1 5167/7220/1 5191/7244/1
f 5193/7246/1 5169/7222/1 5168/7221/1 5192/7245/1
f 4853/6958/3266 4854/6964/3266 5169/7222/1 5193/7246/1
f 5194/7247/1 5170/7223/1 4786/6541/3330 4787/6547/3330
f 5195/7248/1 5171/7224/1 5170/7223/1 5194/7247/1
f 5196/7249/1 5172/7225/1 5171/7224/1 5195/7248/1
f 5197/7250/1 5173/7226/1 5172/7225/1 5196/7249/1
f 5198/7251/1 5174/7227/1 5173/7226/1 5197/7250/1
f 5199/7252/1 5175/7228/1 5174/7227/1 5198/7251/1
f 5200/7253/1 5176/7229/1 5175/7228/1 5199/7252/1
f 5201/7254/1 5177/7230/1 5176/7229/1 5200/7253/1
f 5202/7255/1 5178/7231/1 5177/7230/1 5201/7254/1
f 5203/7256/1 5179/7232/1 5178/7231/1 5202/7255/1
f 5204/7257/1 5180/7233/1 5179/7232/1 5203/7256/1
f 5205/7258/1 5181/7234/1 5180/7233/1 5204/7257/1
f 5206/7259/1 5182/7235/1 5181/7234/1 5205/7258/1
f 5207/7260/1 5183/7236/1 5182/7235/1 5206/7259/1
f 5208/7261/1 5184/7237/1 5183/7236/1 5207/7260/1
f 5209/7262/1 5185/7238/1 5184/7237/1 5208/7261/1
f 5210/7263/1 5186/7239/1 5185/7238/1 5209/7262/1
f 5211/7264/1 5187/7240/1 5186/7239/1 5210/7263/1
f 5212/7265/1 5188/7241/1 5187/7240/1 5211/7264/1
f 5213/7266/1 5189/7242/1 5188/7241/1 5212/7265/1
f 5214/7267/1 5190/7243/1 5189/7242/1 5213/7266/1
f 5215/7268/1 5191/7244/1 5190/7243/1 5214/7267/1
f 5216/7269/1 5192/7245/1 5191/7244/1 5215/7268/1
f 5217/7270/1 5193/7246/1 5192/7245/1 5216/7269/1
f 4852/6952/3266 4853/6958/3266 5193/7246/1 5217/7270/1
f 5218/7271/1 5194/7247/1 4787/6547/3330 4788/6553/3330
f 5219/7272/1 5195/7248/1 5194/7247/1 5218/7271/1
f 5220/7273/1 5196/7249/1 5195/7248/1 5219/7272/1
f 5221/7274/1 5197/7250/1 5196/7249/1 5220/7273/1
f 5222/7275/1 5198/7251/1 5197/7250/1 5221/7274/1
f 5223/7276/1 5199/7252/1 5198/7251/1 5222/7275/1
f 5224/7277/1 5200/7253/1 5199/7252/1 5223/7276/1
f 5225/7278/1 5201/7254/1 5200/7253/1 5224/7277/1
f 5226/7279/1 5202/7255/1 5201/7254/1 5225/7278/1
f 5227/7280/1 5203/7256/1 5202/7255/1 5226/7279/1
f 5228/7281/1 5204/7257/1 5203/7256/1 5227/7280/1
f 5229/7282/1 5205/7258/1 5204/7257/1 5228/7281/1
f 5230/7283/1 5206/7259/1 5205/7258/1 5229/7282/1
f 5231/7284/1 5207/7260/1 5206/7259/1 5230/7283/1
f 5232/7285/1 5208/7261/1 5207/7260/1 5231/7284/1
f 5233/7286/1 5209/7262/1 5208/7261/1 5232/7285/1
f 5234/7287/1 5210/7263/1 5209/7262/1 5233/7286/1
f 5235/7288/1 5211/7264/1 5210/7263/1 5234/7287/1
f 5236/7289/1 5212/7265/1 5211/7264/1 5235/7288/1
f 5237/7290/1 5213/7266/1 5212/7265/1 5236/7289/1
f 5238/7291/1 5214/7267/1 5213/7266/1 5237/7290/1
f 5239/7292/1 5215/7268/1 5214/7267/1 5238/7291/1
f 5240/7293/1 5216/7269/1 5215/7268/1 5239/7292/1
f 5241/7294/1 5217/7270/1 5216/7269/1 5240/7293/1
f 4851/6946/3266 4852/6952/3266 5217/7270/1 5241/7294/1
f 5242/7295/1 5218/7271/1 4788/6553/3330 4789/6559/3330
f 5243/7296/1 5219/7272/1 5218/7271/1 5242/7295/1
f 5244/7297/1 5220/7273/1 5219/7272/1 5243/7296/1
f 5245/7298/1 5221/7274/1 5220/7273/1 5244/7297/1
f 5246/7299/1 5222/7275/1 5221/7274/1 5245/7298/1
f 5247/7300/1 5223/7276/1 5222/7275/1 5246/7299/1
f 5248/7301/1 5224/7277/1 5223/7276/1 5247/7300/1
f 5249/7302/1 5225/7278/1 5224/7277/1 5248/7301/1
f 5250/7303/1 5226/7279/1 5225/7278/1 5249/7302/1
f 5251/7304/1 5227/7280/1 5226/7279/1 5250/7303/1
f 5252/7305/1 5228/7281/1 5227/7280/1 5251/7304/1
f 5253/7306/1 5229/7282/1 5228/7281/1 5252/7305/1
f 5254/7307/1 5230/7283/1 5229/7282/1 5253/7306/1
f 5255/7308/1 5231/7284/1 5230/7283/1 5254/7307/1
f 5256/7309/1 5232/7285/1 5231/7284/1 5255/7308/1
f 5257/7310/1 5233/7286/1 5232/7285/1 5256/7309/1
f 5258/7311/1 5234/7287/1 5233/7286/1 5257/7310/1
f 5259/7312/1 5235/7288/1 5234/7287/1 5258/7311/1
f 5260/7313/1 5236/7289/1 5235/7288/1 5259/7312/1
f 5261/7314/1 5237/7290/1 5236/7289/1 5260/7313/1
f 5262/7315/1 5238/7291/1 5237/7290/1 5261/7314/1
f 5263/7316/1 5239/7292/1 5238/7291/1 5262/7315/1
f 5264/7317/1 5240/7293/1 5239/7292/1 5263/7316/1
f 5265/7318/1 5241/7294/1 5240/7293/1 5264/7317/1
f 4850/6940/3266 4851/6946/3266 5241/7294/1 5265/7318/1
f 5266/7319/1 5242/7295/1 4789/6559/3330 4790/6565/3330
f 5267/7320/1 5243/7296/1 5242/7295/1 5266/7319/1
f 5268/7321/1 5244/7297/1 5243/7296/1 5267/7320/1
f 5269/7322/1 5245/7298/1 5244/7297/1 5268/7321/1
f 5270/7323/1 5246/7299/1 5245/7298/1 5269/7322/1
f 5271/7324/1 5247/7300/1 5246/7299/1 5270/7323/1
f 5272/7325/1 5248/7301/1 5247/7300/1 5271/7324/1
f 5273/7326/1 5249/7302/1 5248/7301/1 5272/7325/1
f 5274/7327/1 5250/7303/1 5249/7302/1 5273/7326/1
f 5275/7328/1 5251/7304/1 5250/7303/1 5274/7327/1
f 5276/7329/1 5252/7305/1 5251/7304/1 5275/7328/1
f 5277/7330/1 5253/7306/1 5252/7305/1 5276/7329/1
f 5278/7331/1 5254/7307/1 5253/7306/1 5277/7330/1
f 5279/7332/1 5255/7308/1 5254/7307/1 5278/7331/1
f 5280/7333/1 5256/7309/1 5255/7308/1 5279/7332/1
f 5281/7334/1 5257/7310/1 5256/7309/1 5280/7333/1
f 5282/7335/1 5258/7311/1 5257/7310/1 5281/7334/1
f 5283/7336/1 5259/7312/1 5258/7311/1 5282/7335/1
f 5284/7337/1 5260/7313/1 5259/7312/1 5283/7336/1
f 5285/7338/1 5261/7314/1 5260/7313/1 5284/7337/1
f 5286/7339/1 5262/7315/1 5261/7314/1 5285/7338/1
f 5287/7340/1 5263/7316/1 5262/7315/1 5286/7339/1
f 5288/7341/1 5264/7317/1 5263/7316/1 5287/7340/1
f 5289/7342/1 5265/7318/1 5264/7317/1 5288/7341/1
f 4849/6934/3266 4850/6940/3266 5265/7318/1 5289/7342/1
f 5290/7343/1 5266/7319/1 4790/6565/3330 4791/6571/3330
f 5291/7344/1 5267/7320/1 5266/7319/1 5290/7343/1
f 5292/7345/1 5268/7321/1 5267/7320/1 5291/7344/1
f 5293/7346/1 5269/7322/1 5268/7321/1 5292/7345/1
f 5294/7347/1 5270/7323/1 5269/7322/1 5293/7346/1
f 5295/7348/1 5271/7324/1 5270/7323/1 5294/7347/1
f 5296/7349/1 5272/7325/1 5271/7324/1 5295/7348/1
f 5297/7350/1 5273/7326/1 5272/7325/1 5296/7349/1
f 5298/7351/1 5274/7327/1 5273/7326/1 5297/7350/1
f 5299/7352/1 5275/7328/1 5274/7327/1 5298/7351/1
f 5300/7353/1 5276/7329/1 5275/7328/1 5299/7352/1
f 5301/7354/1 5277/7330/1 5276/7329/1 5300/7353/1
f 5302/7355/1 5278/7331/1 5277/7330/1 5301/7354/1
f 5303/7356/1 5279/7332/1 5278/7331/1 5302/7355/1
f 5304/7357/1 5280/7333/1 5279/7332/1 5303/7356/1
f 5305/7358/1 5281/7334/1 5280/7333/1 5304/7357/1
f 5306/7359/1 5282/7335/1 5281/7334/1 5305/7358/1
f 5307/7360/1 5283/7336/1 5282/7335/1 5306/7359/1
f 5308/7361/1 5284/7337/1 5283/7336/1 5307/7360/1
f 5309/7362/1 5285/7338/1 5284/7337/1 5308/7361/1
f 5310/7363/1 5286/7339/1 5285/7338/1 5309/7362/1
f 5311/7364/1 5287/7340/1 5286/7339/1 5310/7363/1
f 5312/7365/1 5288/7341/1 5287/7340/1 5311/7364/1
f 5313/7366/1 5289/7342/1 5288/7341/1 5312/7365/1
f 4848/6928/3266 4849/6934/3266 5289/7342/1 5313/7366/1
f 5314/7367/1 5290/7343/1 4791/6571/3330 4792/6577/3330
f 5315/7368/1 5291/7344/1 5290/7343/1 5314/7367/1
f 5316/7369/1 5292/7345/1 5291/7344/1 5315/7368/1
f 5317/7370/1 5293/7346/1 5292/7345/1 5316/7369/1
f 5318/7371/1 5294/7347/1 5293/7346/1 5317/7370/1
f 5319/7372/1 5295/7348/1 5294/7347/1 5318/7371/1
f 5320/7373/1 5296/7349/1 5295/7348/1 5319/7372/1
f 5321/7374/1 5297/7350/1 5296/7349/1 5320/7373/1
f 5322/7375/1 5298/7351/1 5297/7350/1 5321/7374/1
f 5323/7376/1 5299/7352/1 5298/7351/1 5322/7375/1
f 5324/7377/1 5300/7353/1 5299/7352/1 5323/7376/1
f 5325/7378/1 5301/7354/1 5300/7353/1 5324/7377/1
f 5326/7379/1 5302/7355/1 5301/7354/1 5325/7378/1
f 5327/7380/1 5303/7356/1 5302/7355/1 5326/7379/1
f 5328/7381/1 5304/7357/1 5303/7356/1 5327/7380/1
f 5329/7382/1 5305/7358/1 5304/7357/1 5328/7381/1
f 5330/7383/1 5306/7359/1 5305/7358/1 5329/7382/1
f 5331/7384/1 5307/7360/1 5306/7359/1 5330/7383/1
f 5332/7385/1 5308/7361/1 5307/7360/1 5331/7384/1
f 5333/7386/1 5309/7362/1 5308/7361/1 5332/7385/1
f 5334/7387/1 5310/7363/1 5309/7362/1 5333/7386/1
f 5335/7388/1 5311/7364/1 5310/7363/1 5334/7387/1
f 5336/7389/1 5312/7365/1 5311/7364/1 5335/7388/1
f 5337/7390/1 5313/7366/1 5312/7365/1 5336/7389/1
f 4847/6922/3266 4848/6928/3266 5313/7366/1 5337/7390/1
f 5338/7391/1 5314/7367/1 4792/6577/3330 4793/6583/3330
f 5339/7392/1 5315/7368/1 5314/7367/1 5338/7391/1
f 5340/7393/1 5316/7369/1 5315/7368/1 5339/7392/1
f 5341/7394/1 5317/7370/1 5316/7369/1 5340/7393/1
f 5342/7395/1 5318/7371/1 5317/7370/1 5341/7394/1
f 5343/7396/1 5319/7372/1 5318/7371/1 5342/7395/1
f 5344/7397/1 5320/7373/1 5319/7372/1 5343/7396/1
f 5345/7398/1 5321/7374/1 5320/7373/1 5344/7397/1
f 5346/7399/1 5322/7375/1 5321/7374/1 5345/7398/1
f 5347/7400/1 5323/7376/1 5322/7375/1 5346/7399/1
f 5348/7401/1 5324/7377/1 5323/7376/1 5347/7400/1
f 5349/7402/1 5325/7378/1 5324/7377/1 5348/7401/1
f 5350/7403/1 5326/7379/1 5325/7378/1 5349/7402/1
f 5351/7404/1 5327/7380/1 5326/7379/1 5350/7403/1
f 5352/7405/1 5328/7381/1 5327/7380/1 5351/7404/1
f 5353/7406/1 5329/7382/1 5328/7381/1 5352/7405/1
f 5354/7407/1 5330/7383/1 5329/7382/1 5353/7406/1
f 5355/7408/1 5331/7384/1 5330/7383/1 5354/7407/1
f 5356/7409/1 5332/7385/1 5331/7384/1 5355/7408/1
f 5357/7410/1 5333/7386/1 5332/7385/1 5356/7409/1
f 5358/7411/1 5334/7387/1 5333/7386/1 5357/7410/1
f 5359/7412/1 5335/7388/1 5334/7387/1 5358/7411/1
f 5360/7413/1 5336/7389/1 5335/7388/1 5359/7412/1
f 5361/7414/1 5337/7390/1 5336/7389/1 5360/7413/1
f 4846/6916/3266 4847/6922/3266 5337/7390/1 5361/7414/1
f 5362/7415/1 5338/7391/1 4793/6583/3330 4794/6589/3330
f 5363/7416/1 5339/7392/1 5338/7391/1 5362/7415/1
f 5364/7417/1 5340/7393/1 5339/7392/1 5363/7416/1
f 5365/7418/1 5341/7394/1 5340/7393/1 5364/7417/1
f 5366/7419/1 5342/7395/1 5341/7394/1 5365/7418/1
f 5367/7420/1 5343/7396/1 5342/7395/1 5366/7419/1
f 5368/7421/1 5344/7397/1 5343/7396/1 5367/7420/1
f 5369/7422/1 5345/7398/1 5344/7397/1 5368/7421/1
f 5370/7423/1 5346/7399/1 5345/7398/1 5369/7422/1
f 5371/7424/1 5347/7400/1 5346/7399/1 5370/7423/1
f 5372/7425/1 5348/7401/1 5347/7400/1 5371/7424/1
f 5373/7426/1 5349/7402/1 5348/7401/1 5372/7425/1
f 5374/7427/1 5350/7403/1 5349/7402/1 5373/7426/1
f 5375/7428/1 5351/7404/1 5350/7403/1 5374/7427/1
f 5376/7429/1 5352/7405/1 5351/7404/1 5375/7428/1
f 5377/7430/1 5353/7406/1 5352/7405/1 5376/7429/1
f 5378/7431/1 5354/7407/1 5353/7406/1 5377/7430/1
f 5379/7432/1 5355/7408/1 5354/7407/1 5378/7431/1
f 5380/7433/1 5356/7409/1 5355/7408/1 5379/7432/1
f 5381/7434/1 5357/7410/1 5356/7409/1 5380/7433/1
f 5382/7435/1 5358/7411/1 5357/7410/1 5381/7434/1
f 5383/7436/1 5359/7412/1 5358/7411/1 5382/7435/1
f 5384/7437/1 5360/7413/1 5359/7412/1 5383/7436/1
f 5385/7438/1 5361/7414/1 5360/7413/1 5384/7437/1
f 4845/6911/3266 4846/6916/3266 5361/7414/1 5385/7438/1
f 5386/7439/1 5362/7415/1 4794/6589/3330 4795/6595/3330
f 5387/7440/1 5363/7416/1 5362/7415/1 5386/7439/1
f 5388/7441/1 5364/7417/1 5363/7416/1 5387/7440/1
f 5389/7442/1 5365/7418/1 5364/7417/1 5388/7441/1
f 5390/7443/1 5366/7419/1 5365/7418/1 5389/7442/1
f 5391/7444/1 5367/7420/1 5366/7419/1 5390/7443/1
f 5392/7445/1 5368/7421/1 5367/7420/1 5391/7444/1
f 5393/7446/1 5369/7422/1 5368/7421/1 5392/7445/1
f 5394/7447/1 5370/7423/1 5369/7422/1 5393/7446/1
f 5395/7448/1 5371/7424/1 5370/7423/1 5394/7447/1
f 5396/7449/1 5372/7425/1 5371/7424/1 5395/7448/1
f 5397/7450/1 5373/7426/1 5372/7425/1 5396/7449/1
f 5398/7451/1 5374/7427/1 5373/7426/1 5397/7450/1
f 5399/7452/1 5375/7428/1 5374/7427/1 5398/7451/1
f 5400/7453/1 5376/7429/1 5375/7428/1 5399/7452/1
f 5401/7454/1 5377/7430/1 5376/7429/1 5400/7453/1
f 5402/7455/1 5378/7431/1 5377/7430/1 5401/7454/1
f 5403/7456/1 5379/7432/1 5378/7431/1 5402/7455/1
f 5404/7457/1 5380/7433/1 5379/7432/1 5403/7456/1
f 5405/7458/1 5381/7434/1 5380/7433/1 5404/7457/1
f 5406/7459/1 5382/7435/1 5381/7434/1 5405/7458/1
f 5407/7460/1 5383/7436/1 5382/7435/1 5406/7459/1
f 5408/7461/1 5384/7437/1 5383/7436/1 5407/7460/1
f 5409/7462/1 5385/7438/1 5384/7437/1 5408/7461/1
f 4844/6905/3266 4845/6911/3266 5385/7438/1 5409/7462/1
f 5410/7463/1 5386/7439/1 4795/6595/3330 4796/6600/3330
f 5411/7464/1 5387/7440/1 5386/7439/1 5410/7463/1
f 5412/7465/1 5388/7441/1 5387/7440/1 5411/7464/1
f 5413/7466/1 5389/7442/1 5388/7441/1 5412/7465/1
f 5414/7467/1 5390/7443/1 5389/7442/1 5413/7466/1
f 5415/7468/1 5391/7444/1 5390/7443/1 5414/7467/1
f 5416/7469/1 5392/7445/1 5391/7444/1 5415/7468/1
f 5417/7470/1 5393/7446/1 5392/7445/1 5416/7469/1
f 5418/7471/1 5394/7447/1 5393/7446/1 5417/7470/1
f 5419/7472/1 5395/7448/1 5394/7447/1 5418/7471/1
f 5420/7473/1 5396/7449/1 5395/7448/1 5419/7472/1
f 5421/7474/1 5397/7450/1 5396/7449/1 5420/7473/1
f 5422/7475/1 5398/7451/1 5397/7450/1 5421/7474/1
f 5423/7476/1 5399/7452/1 5398/7451/1 5422/7475/1
f 5424/7477/1 5400/7453/1 5399/7452/1 5423/7476/1
f 5425/7478/1 5401/7454/1 5400/7453/1 5424/7477/1
f 5426/7479/1 5402/7455/1 5401/7454/1 5425/7478/1
f 5427/7480/1 5403/7456/1 5402/7455/1 5426/7479/1
f 5428/7481/1 5404/7457/1 5403/7456/1 5427/7480/1
f 5429/7482/1 5405/7458/1 5404/7457/1 5428/7481/1
f 5430/7483/1 5406/7459/1 5405/7458/1 5429/7482/1
f 5431/7484/1 5407/7460/1 5406/7459/1 5430/7483/1
f 5432/7485/1 5408/7461/1 5407/7460/1 5431/7484/1
f 5433/7486/1 5409/7462/1 5408/7461/1 5432/7485/1
f 4843/6899/3266 4844/6905/3266 5409/7462/1 5433/7486/1
f 5434/7487/1 5410/7463/1 4796/6600/3330 4797/6606/3330
f 5435/7488/1 5411/7464/1 5410/7463/1 5434/7487/1
f 5436/7489/1 5412/7465/1 5411/7464/1 5435/7488/1
f 5437/7490/1 5413/7466/1 5412/7465/1 5436/7489/1
f 5438/7491/1 5414/7467/1 5413/7466/1 5437/7490/1
f 5439/7492/1 5415/7468/1 5414/7467/1 5438/7491/1
f 5440/7493/1 5416/7469/1 5415/7468/1 5439/7492/1
f 5441/7494/1 5417/7470/1 5416/7469/1 5440/7493/1
f 5442/7495/1 5418/7471/1 5417/7470/1 5441/7494/1
f 5443/7496/1 5419/7472/1 5418/7471/1 5442/7495/1
f 5444/7497/1 5420/7473/1 5419/7472/1 5443/7496/1
f 5445/7498/1 5421/7474/1 5420/7473/1 5444/7497/1
f 5446/7499/1 5422/7475/1 5421/7474/1 5445/7498/1
f 5447/7500/1 5423/7476/1 5422/7475/1 5446/7499/1
f 5448/7501/1 5424/7477/1 5423/7476/1 5447/7500/1
f 5449/7502/1 5425/7478/1 5424/7477/1 5448/7501/1
f 5450/7503/1 5426/7479/1 5425/7478/1 5449/7502/1
f 5451/7504/1 5427/7480/1 5426/7479/1 5450/7503/1
f 5452/7505/1 5428/7481/1 5427/7480/1 5451/7504/1
f 5453/7506/1 5429/7482/1 5428/7481/1 5452/7505/1
f 5454/7507/1 5430/7483/1 5429/7482/1 5453/7506/1
f 5455/7508/1 5431/7484/1 5430/7483/1 5454/7507/1
f 5456/7509/1 5432/7485/1 5431/7484/1 5455/7508/1
f 5457/7510/1 5433/7486/1 5432/7485/1 5456/7509/1
f 4842/6893/3266 4843/6899/3266 5433/7486/1 5457/7510/1
f 5458/7511/1 5434/7487/1 4797/6606/3330 4798/6612/3330
f 5459/7512/1 5435/7488/1 5434/7487/1 5458/7511/1
f 5460/7513/1 5436/7489/1 5435/7488/1 5459/7512/1
f 5461/7514/1 5437/7490/1 5436/7489/1 5460/7513/1
f 5462/7515/1 5438/7491/1 5437/7490/1 5461/7514/1
f 5463/7516/1 5439/7492/1 5438/7491/1 5462/7515/1
f 5464/7517/1 5440/7493/1 5439/7492/1 5463/7516/1
f 5465/7518/1 5441/7494/1 5440/7493/1 5464/7517/1
f 5466/7519/1 5442/7495/1 5441/7494/1 5465/7518/1
f 5467/7520/1 5443/7496/1 5442/7495/1 5466/7519/1
f 5468/7521/1 5444/7497/1 5443/7496/1 5467/7520/1
f 5469/7522/1 5445/7498/1 5444/7497/1 5468/7521/1
f 5470/7523/1 5446/7499/1 5445/7498/1 5469/7522/1
f 5471/7524/1 5447/7500/1 5446/7499/1 5470/7523/1
f 5472/7525/1 5448/7501/1 5447/7500/1 5471/7524/1
f 5473/7526/1 5449/7502/1 5448/7501/1 5472/7525/1
f 5474/7527/1 5450/7503/1 5449/7502/1 5473/7526/1
f 5475/7528/1 5451/7504/1 5450/7503/1 5474/7527/1
f 5476/7529/1 5452/7505/1 5451/7504/1 5475/7528/1
f 5477/7530/1 5453/7506/1 5452/7505/1 5476/7529/1
f 5478/7531/1 5454/7507/1 5453/7506/1 5477/7530/1
f 5479/7532/1 5455/7508/1 5454/7507/1 5478/7531/1
f 5480/7533/1 5456/7509/1 5455/7508/1 5479/7532/1
f 5481/7534/1 5457/7510/1 5456/7509/1 5480/7533/1
f 4841/6887/3266 4842/6893/3266 5457/7510/1 5481/7534/1
f 5482/7535/1 5458/7511/1 4798/6612/3330 4799/6618/3330
f 5483/7536/1 5459/7512/1 5458/7511/1 5482/7535/1
f 5484/7537/1 5460/7513/1 5459/7512/1 5483/7536/1
f 5485/7538/1 5461/7514/1 5460/7513/1 5484/7537/1
f 5486/7539/1 5462/7515/1 5461/7514/1 5485/7538/1
f 5487/7540/1 5463/7516/1 5462/7515/1 5486/7539/1
f 5488/7541/1 5464/7517/1 5463/7516/1 5487/7540/1
f 5489/7542/1 5465/7518/1 5464/7517/1 5488/7541/1
f 5490/7543/1 5466/7519/1 5465/7518/1 5489/7542/1
f 5491/7544/1 5467/7520/1 5466/7519/1 5490/7543/1
f 5492/7545/1 5468/7521/1 5467/7520/1 5491/7544/1
f 5493/7546/1 5469/7522/1 5468/7521/1 5492/7545/1
f 5494/7547/1 5470/7523/1 5469/7522/1 5493/7546/1
f 5495/7548/1 5471/7524/1 5470/7523/1 5494/7547/1
f 5496/7549/1 5472/7525/1 5471/7524/1 5495/7548/1
f 5497/7550/1 5473/7526/1 5472/7525/1 5496/7549/1
f 5498/7551/1 5474/7527/1 5473/7526/1 5497/7550/1
f 5499/7552/1 5475/7528/1 5474/7527/1 5498/7551/1
f 5500/7553/1 5476/7529/1 5475/7528/1 5499/7552/1
f 5501/7554/1 5477/7530/1 5476/7529/1 5500/7553/1
f 5502/7555/1 5478/7531/1 5477/7530/1 5501/7554/1
f 5503/7556/1 5479/7532/1 5478/7531/1 5502/7555/1
f 5504/7557/1 5480/7533/1 5479/7532/1 5503/7556/1
f 5505/7558/1 5481/7534/1 5480/7533/1 5504/7557/1
f 4840/6881/3266 4841/6887/3266 5481/7534/1 5505/7558/1
f 5506/7559/1 5482/7535/1 4799/6618/3330 4800/6624/3330
f 5507/7560/1 5483/7536/1 5482/7535/1 5506/7559/1
f 5508/7561/1 5484/7537/1 5483/7536/1 5507/7560/1
f 5509/7562/1 5485/7538/1 5484/7537/1 5508/7561/1
f 5510/7563/1 5486/7539/1 5485/7538/1 5509/7562/1
f 5511/7564/1 5487/7540/1 5486/7539/1 5510/7563/1
f 5512/7565/1 5488/7541/1 5487/7540/1 5511/7564/1
f 5513/7566/1 5489/7542/1 5488/7541/1 5512/7565/1
f 5514/7567/1 5490/7543/1 5489/7542/1 5513/7566/1
f 5515/7568/1 5491/7544/1 5490/7543/1 5514/7567/1
f 5516/7569/1 5492/7545/1 5491/7544/1 5515/7568/1
f 5517/7570/1 5493/7546/1 5492/7545/1 5516/7569/1
f 5518/7571/1 5494/7547/1 5493/7546/1 5517/7570/1
f 5519/7572/1 5495/7548/1 5494/7547/1 5518/7571/1
f 5520/7573/1 5496/7549/1 5495/7548/1 5519/7572/1
f 5521/7574/1 5497/7550/1 5496/7549/1 5520/7573/1
f 5522/7575/1 5498/7551/1 5497/7550/1 5521/7574/1
f 5523/7576/1 5499/7552/1 5498/7551/1 5522/7575/1
f 5524/7577/1 5500/7553/1 5499/7552/1 5523/7576/1
f 5525/7578/1 5501/7554/1 5500/7553/1 5524/7577/1
f 5526/7579/1 5502/7555/1 5501/7554/1 5525/7578/1
f 5527/7580/1 5503/7556/1 5502/7555/1 5526/7579/1
f 5528/7581/1 5504/7557/1 5503/7556/1 5527/7580/1
f 5529/7582/1 5505/7558/1 5504/7557/1 5528/7581/1
f 4839/6875/3266 4840/6881/3266 5505/7558/1 5529/7582/1
f 5530/7583/1 5506/7559/1 4800/6624/3330 4801/6630/3330
f 5531/7584/1 5507/7560/1 5506/7559/1 5530/7583/1
f 5532/7585/1 5508/7561/1 5507/7560/1 5531/7584/1
f 5533/7586/1 5509/7562/1 5508/7561/1 5532/7585/1
f 5534/7587/1 5510/7563/1 5509/7562/1 5533/7586/1
f 5535/7588/1 5511/7564/1 5510/7563/1 5534/7587/1
f 5536/7589/1 5512/7565/1 5511/7564/1 5535/7588/1
f 5537/7590/1 5513/7566/1 5512/7565/1 5536/7589/1
f 5538/7591/1 5514/7567/1 5513/7566/1 5537/7590/1
f 5539/7592/1 5515/7568/1 5514/7567/1 5538/7591/1
f 5540/7593/1 5516/7569/1 5515/7568/1 5539/7592/1
f 5541/7594/1 5517/7570/1 5516/7569/1 5540/7593/1
f 5542/7595/1 5518/7571/1 5517/7570/1 5541/7594/1
f 5543/7596/1 5519/7572/1 5518/7571/1 5542/7595/1
f 5544/7597/1 5520/7573/1 5519/7572/1 5543/7596/1
f 5545/7598/1 5521/7574/1 5520/7573/1 5544/7597/1
f 5546/7599/1 5522/7575/1 5521/7574/1 5545/7598/1
f 5547/7600/1 5523/7576/1 5522/7575/1 5546/7599/1
f 5548/7601/1 5524/7577/1 5523/7576/1 5547/7600/1
f 5549/7602/1 5525/7578/1 5524/7577/1 5548/7601/1
f 5550/7603/1 5526/7579/1 5525/7578/1 5549/7602/1
f 5551/7604/1 5527/7580/1 5526/7579/1 5550/7603/1
f 5552/7605/1 5528/7581/1 5527/7580/1 5551/7604/1
f 5553/7606/1 5529/7582/1 5528/7581/1 5552/7605/1
f 4838/6869/3266 4839/6875/3266 5529/7582/1 5553/7606/1
f 5554/7607/1 5530/7583/1 4801/6630/3330 4802/6636/3330
f 5555/7608/1 5531/7584/1 5530/7583/1 5554/7607/1
f 5556/7609/1 5532/7585/1 5531/7584/1 5555/7608/1
f 5557/7610/1 5533/7586/1 5532/7585/1 5556/7609/1
f 5558/7611/1 5534/7587/1 5533/7586/1 5557/7610/1
f 5559/7612/1 5535/7588/1 5534/7587/1 5558/7611/1
f 5560/7613/1 5536/7589/1 5535/7588/1 5559/7612/1
f 5561/7614/1 5537/7590/1 5536/7589/1 5560/7613/1
f 5562/7615/1 5538/7591/1 5537/7590/1 5561/7614/1
f 5563/7616/1 5539/7592/1 5538/7591/1 5562/7615/1
f 5564/7617/1 5540/7593/1 5539/7592/1 5563/7616/1
f 5565/7618/1 5541/7594/1 5540/7593/1 5564/7617/1
f 5566/7619/1 5542/7595/1 5541/7594/1 5565/7618/1
f 5567/7620/1 5543/7596/1 5542/7595/1 5566/7619/1
f 5568/7621/1 5544/7597/1 5543/7596/1 5567/7620/1
f 5569/7622/1 5545/7598/1 5544/7597/1 5568/7621/1
f 5570/7623/1 5546/7599/1 5545/7598/1 5569/7622/1
f 5571/7624/1 5547/7600/1 5546/7599/1 5570/7623/1
f 5572/7625/1 5548/7601/1 5547/7600/1 5571/7624/1
f 5573/7626/1 5549/7602/1 5548/7601/1 5572/7625/1
f 5574/7627/1 5550/7603/1 5549/7602/1 5573/7626/1
f 5575/7628/1 5551/7604/1 5550/7603/1 5574/7627/1
f 5576/7629/1 5552/7605/1 5551/7604/1 5575/7628/1
f 5577/7630/1 5553/7606/1 5552/7605/1 5576/7629/1
f 4837/6863/3266 4838/6869/3266 5553/7606/1 5577/7630/1
f 5578/7631/1 5554/7607/1 4802/6636/3330 4803/6642/3330
f 5579/7632/1 5555/7608/1 5554/7607/1 5578/7631/1
f 5580/7633/1 5556/7609/1 5555/7608/1 5579/7632/1
f 5581/7634/1 5557/7610/1 5556/7609/1 5580/7633/1
f 5582/7635/1 5558/7611/1 5557/7610/1 5581/7634/1
f 5583/7636/1 5559/7612/1 5558/7611/1 5582/7635/1
f 5584/7637/1 5560/7613/1 5559/7612/1 5583/7636/1
f 5585/7638/1 5561/7614/1 5560/7613/1 5584/7637/1
f 5586/7639/1 5562/7615/1 5561/7614/1 5585/7638/1
f 5587/7640/1 5563/7616/1 5562/7615/1 5586/7639/1
f 5588/7641/1 5564/7617/1 5563/7616/1 5587/7640/1
f 5589/7642/1 5565/7618/1 5564/7617/1 5588/7641/1
f 5590/7643/1 5566/7619/1 5565/7618/1 5589/7642/1
f 5591/7644/1 5567/7620/1 5566/7619/1 5590/7643/1
f 5592/7645/1 5568/7621/1 5567/7620/1 5591/7644/1
f 5593/7646/1 5569/7622/1 5568/7621/1 5592/7645/1
f 5594/7647/1 5570/7623/1 5569/7622/1 5593/7646/1
f 5595/7648/1 5571/7624/1 5570/7623/1 5594/7647/1
f 5596/7649/1 5572/7625/1 5571/7624/1 5595/7648/1
f 5597/7650/1 5573/7626/1 5572/7625/1 5596/7649/1
f 5598/7651/1 5574/7627/1 5573/7626/1 5597/7650/1
f 5599/7652/1 5575/7628/1 5574/7627/1 5598/7651/1
f 5600/7653/1 5576/7629/1 5575/7628/1 5599/7652/1
f 5601/7654/1 5577/7630/1 5576/7629/1 5600/7653/1
f 4836/6857/3266 4837/6863/3266 5577/7630/1 5601/7654/1
f 5602/7655/1 5578/7631/1 4803/6642/3330 4804/6648/3330
f 5603/7656/1 5579/7632/1 5578/7631/1 5602/7655/1
f 5604/7657/1 5580/7633/1 5579/7632/1 5603/7656/1
f 5605/7658/1 5581/7634/1 5580/7633/1 5604/7657/1
f 5606/7659/1 5582/7635/1 5581/7634/1 5605/7658/1
f 5607/7660/1 5583/7636/1 5582/7635/1 5606/7659/1
f 5608/7661/1 5584/7637/1 5583/7636/1 5607/7660/1
f 5609/7662/1 5585/7638/1 5584/7637/1 5608/7661/1
f 5610/7663/1 5586/7639/1 5585/7638/1 5609/7662/1
f 5611/7664/1 5587/7640/1 5586/7639/1 5610/7663/1
f 5612/7665/1 5588/7641/1 5587/7640/1 5611/7664/1
f 5613/7666/1 5589/7642/1 5588/7641/1 5612/7665/1
f 5614/7667/1 5590/7643/1 5589/7642/1 5613/7666/1
f 5615/7668/1 5591/7644/1 5590/7643/1 5614/7667/1
f 5616/7669/1 5592/7645/1 5591/7644/1 5615/7668/1
f 5617/7670/1 5593/7646/1 5592/7645/1 5616/7669/1
f 5618/7671/1 5594/7647/1 5593/7646/1 5617/7670/1
f 5619/7672/1 5595/7648/1 5594/7647/1 5618/7671/1
f 5620/7673/1 5596/7649/1 5595/7648/1 5619/7672/1
f 5621/7674/1 5597/7650/1 5596/7649/1 5620/7673/1
f 5622/7675/1 5598/7651/1 5597/7650/1 5621/7674/1
f 5623/7676/1 5599/7652/1 5598/7651/1 5622/7675/1
f 5624/7677/1 5600/7653/1 5599/7652/1 5623/7676/1
f 5625/7678/1 5601/7654/1 5600/7653/1 5624/7677/1
f 4835/6851/3266 4836/6857/3266 5601/7654/1 5625/7678/1
f 5626/7679/1 5602/7655/1 4804/6648/3330 4805/6654/3330
f 5627/7680/1 5603/7656/1 5602/7655/1 5626/7679/1
f 5628/7681/1 5604/7657/1 5603/7656/1 5627/7680/1
f 5629/7682/1 5605/7658/1 5604/7657/1 5628/7681/1
f 5630/7683/1 5606/7659/1 5605/7658/1 5629/7682/1
f 5631/7684/1 5607/7660/1 5606/7659/1 5630/7683/1
f 5632/7685/1 5608/7661/1 5607/7660/1 5631/7684/1
f 5633/7686/1 5609/7662/1 5608/7661/1 5632/7685/1
f 5634/7687/1 5610/7663/1 5609/7662/1 5633/7686/1
f 5635/7688/1 5611/7664/1 5610/7663/1 5634/7687/1
f 5636/7689/1 5612/7665/1 5611/7664/1 5635/7688/1
f 5637/7690/1 5613/7666/1 5612/7665/1 5636/7689/1
f 5638/7691/1 5614/7667/1 5613/7666/1 5637/7690/1
f 5639/7692/1 5615/7668/1 5614/7667/1 5638/7691/1
f 5640/7693/1 5616/7669/1 5615/7668/1 5639/7692/1
f 5641/7694/1 5617/7670/1 5616/7669/1 5640/7693/1
f 5642/7695/1 5618/7671/1 5617/7670/1 5641/7694/1
f 5643/7696/1 5619/7672/1 5618/7671/1 5642/7695/1
f 5644/7697/1 5620/7673/1 5619/7672/1 5643/7696/1
f 5645/7698/1 5621/7674/1 5620/7673/1 5644/7697/1
f 5646/7699/1 5622/7675/1 5621/7674/1 5645/7698/1
f 5647/7700/1 5623/7676/1 5622/7675/1 5646/7699/1
f 5648/7701/1 5624/7677/1 5623/7676/1 5647/7700/1
f 5649/7702/1 5625/7678/1 5624/7677/1 5648/7701/1
f 4834/6846/3266 4835/6851/3266 5625/7678/1 5649/7702/1
f 5650/7703/1 5626/7679/1 4805/6654/3330 4806/6660/3330
f 5651/7704/1 5627/7680/1 5626/7679/1 5650/7703/1
f 5652/7705/1 5628/7681/1 5627/7680/1 5651/7704/1
f 5653/7706/1 5629/7682/1 5628/7681/1 5652/7705/1
f 5654/7707/1 5630/7683/1 5629/7682/1 5653/7706/1
f 5655/7708/1 5631/7684/1 5630/7683/1 5654/7707/1
f 5656/7709/1 5632/7685/1 5631/7684/1 5655/7708/1
f 5657/7710/1 5633/7686/1 5632/7685/1 5656/7709/1
f 5658/7711/1 5634/7687/1 5633/7686/1 5657/7710/1
f 5659/7712/1 5635/7688/1 5634/7687/1 5658/7711/1
f 5660/7713/1 5636/7689/1 5635/7688/1 5659/7712/1
f 5661/7714/1 5637/7690/1 5636/7689/1 5660/7713/1
f 5662/7715/1 5638/7691/1 5637/7690/1 5661/7714/1
f 5663/7716/1 5639/7692/1 5638/7691/1 5662/7715/1
f 5664/7717/1 5640/7693/1 5639/7692/1 5663/7716/1
f 5665/7718/1 5641/7694/1 5640/7693/1 5664/7717/1
f 5666/7719/1 5642/7695/1 5641/7694/1 5665/7718/1
f 5667/7720/1 5643/7696/1 5642/7695/1 5666/7719/1
f 5668/7721/1 5644/7697/1 5643/7696/1 5667/7720/1
f 5669/7722/1 5645/7698/1 5644/7697/1 5668/7721/1
f 5670/7723/1 5646/7699/1 5645/7698/1 5669/7722/1
f 5671/7724/1 5647/7700/1 5646/7699/1 5670/7723/1
f 5672/7725/1 5648/7701/1 5647/7700/1 5671/7724/1
f 5673/7726/1 5649/7702/1 5648/7701/1 5672/7725/1
f 4833/6840/3266 4834/6846/3266 5649/7702/1 5673/7726/1
f 4808/6682/3362 5650/7703/1 4806/6660/3330 4807/6665/3338
f 4809/6688/3362 5651/7704/1 5650/7703/1 4808/6682/3362
f 4810/6693/3362 5652/7705/1 5651/7704/1 4809/6688/3362
f 4811/6699/3362 5653/7706/1 5652/7705/1 4810/6693/3362
f 4812/6705/3362 5654/7707/1 5653/7706/1 4811/6699/3362
f 4813/6711/3362 5655/7708/1 5654/7707/1 4812/6705/3362
f 4814/6717/3362 5656/7709/1 5655/7708/1 4813/6711/3362
f 4815/6723/3362 5657/7710/1 5656/7709/1 4814/6717/3362
f 4816/6729/3362 5658/7711/1 5657/7710/1 4815/6723/3362
f 4817/6735/3362 5659/7712/1 5658/7711/1 4816/6729/3362
f 4818/6741/3362 5660/7713/1 5659/7712/1 4817/6735/3362
f 4819/6747/3362 5661/7714/1 5660/7713/1 4818/6741/3362
f 4820/6753/3362 5662/7715/1 5661/7714/1 4819/6747/3362
f 4821/6758/3362 5663/7716/1 5662/7715/1 4820/6753/3362
f 4822/6764/3362 5664/7717/1 5663/7716/1 4821/6758/3362
f 4823/6770/3362 5665/7718/1 5664/7717/1 4822/6764/3362
f 4824/6776/3362 5666/7719/1 5665/7718/1 4823/6770/3362
f 4825/6782/3362 5667/7720/1 5666/7719/1 4824/6776/3362
f 4826/6788/3362 5668/7721/1 5667/7720/1 4825/6782/3362
f 4827/6794/3362 5669/7722/1 5668/7721/1 4826/6788/3362
f 4828/6800/3362 5670/7723/1 5669/7722/1 4827/6794/3362
f 4829/6806/3362 5671/7724/1 5670/7723/1 4828/6800/3362
f 4830/6812/3362 5672/7725/1 5671/7724/1 4829/6806/3362
f 4831/6818/3362 5673/7726/1 5672/7725/1 4830/6812/3362
f 4832/6823/3265 4833/6840/3266 5673/7726/1 4831/6818/3362

